# Blender 4.5.0
# www.blender.org
mtllib tripo_convert_ea5cd826-4307-412d-94cb-28d8866c89fc.mtl
o tripo_node_ea5cd826-4307-412d-94cb-28d8866c89fc
v 0.002272 0.296692 0.168976
v 0.002272 0.296692 -0.169128
v 0.002272 -0.027718 0.168976
v 0.002272 -0.027718 -0.169128
v 0.002272 -0.076576 -0.251221
v 0.004227 -0.260284 0.270599
v 0.004227 -0.260284 -0.270752
v 0.006181 -0.258331 0.272552
v 0.006181 -0.258331 -0.272705
v 0.008136 -0.123482 0.266693
v 0.008136 -0.123482 0.272552
v 0.008136 -0.123482 -0.266846
v 0.008136 -0.123482 -0.272705
v 0.008136 -0.150848 0.266693
v 0.008136 -0.150848 0.272552
v 0.008136 -0.150848 -0.266846
v 0.008136 -0.150848 -0.272705
v 0.015953 -0.184067 0.272552
v 0.015953 -0.184067 -0.272705
v 0.015953 -0.248566 0.272552
v 0.015953 -0.248566 -0.272705
v 0.017908 -0.186020 0.266693
v 0.017908 -0.186020 0.280396
v 0.017908 -0.186020 -0.266846
v 0.017908 -0.186020 -0.278564
v 0.017908 -0.244644 0.266693
v 0.017908 -0.244644 0.280396
v 0.017908 -0.244644 -0.266846
v 0.017908 -0.244644 -0.278564
v 0.021816 -0.168427 0.266693
v 0.021816 -0.168427 -0.266846
v 0.021816 -0.170380 0.272552
v 0.021816 -0.170380 -0.272705
v 0.025724 -0.174301 0.272552
v 0.025724 -0.174301 -0.272705
v 0.027679 -0.178207 0.266693
v 0.027679 -0.178207 0.280396
v 0.027679 -0.178207 -0.266846
v 0.027679 -0.178207 -0.278564
v 0.037453 0.296692 0.168976
v 0.037453 0.296692 -0.169128
v 0.037453 -0.027718 -0.169128
v 0.047222 0.296692 0.159210
v 0.047222 0.296692 -0.157394
v 0.047222 -0.027718 0.159210
v 0.047222 -0.027718 -0.157394
v 0.056995 0.296692 0.159210
v 0.056995 0.296692 -0.157394
v 0.056995 -0.027718 0.159210
v 0.056995 -0.027718 -0.157394
v 0.064812 0.296692 0.168976
v 0.064812 0.296692 -0.169128
v 0.064812 -0.027718 0.168976
v 0.064812 -0.027718 -0.169128
v 0.082397 0.296692 0.168976
v 0.082397 0.296692 -0.169128
v 0.082397 -0.027718 0.168976
v 0.082397 -0.027718 -0.169128
v 0.082397 -0.131302 0.266693
v 0.082397 -0.131302 0.280396
v 0.082397 -0.131302 -0.266846
v 0.082397 -0.131302 -0.280518
v 0.082397 -0.146927 0.266693
v 0.082397 -0.146927 0.280396
v 0.082397 -0.146927 -0.266846
v 0.082397 -0.146927 -0.280518
v 0.086311 -0.201660 0.264740
v 0.086311 -0.201660 0.280396
v 0.086311 -0.201660 -0.264893
v 0.086311 -0.201660 -0.278564
v 0.086311 -0.221207 0.264740
v 0.086311 -0.221207 0.280396
v 0.086311 -0.221207 -0.264893
v 0.086311 -0.221207 -0.278564
v 0.088264 -0.051170 0.196350
v 0.088264 -0.051170 0.227615
v 0.088264 -0.051170 -0.196487
v 0.088264 -0.051170 -0.227753
v 0.088264 -0.058987 0.196350
v 0.088264 -0.058987 0.227615
v 0.088264 -0.058987 -0.196487
v 0.088264 -0.058987 -0.227753
v 0.092171 0.296692 0.159210
v 0.092171 0.296692 -0.157394
v 0.092171 -0.027718 0.159210
v 0.092171 -0.027718 -0.157394
v 0.092171 -0.031628 0.165070
v 0.092171 -0.031628 -0.165207
v 0.092171 -0.035534 0.118172
v 0.092171 -0.035534 -0.118309
v 0.092171 -0.051170 0.118172
v 0.092171 -0.051170 0.165070
v 0.092171 -0.051170 -0.118309
v 0.092171 -0.051170 -0.165207
v 0.105850 0.296692 0.159210
v 0.105850 0.296692 -0.157394
v 0.105850 -0.027718 0.159210
v 0.105850 -0.027718 -0.157394
v 0.113670 0.296692 0.168976
v 0.113670 0.296692 -0.169128
v 0.113670 -0.027718 0.168976
v 0.113670 -0.027718 -0.169128
v 0.115623 -0.131302 0.266693
v 0.115623 -0.131302 0.280396
v 0.115623 -0.131302 -0.266846
v 0.115623 -0.131302 -0.280518
v 0.115623 -0.146927 0.266693
v 0.115623 -0.146927 0.280396
v 0.115623 -0.146927 -0.266846
v 0.115623 -0.146927 -0.280518
v 0.115623 -0.201660 0.264740
v 0.115623 -0.201660 0.280396
v 0.115623 -0.201660 -0.264893
v 0.115623 -0.201660 -0.278564
v 0.115623 -0.221207 0.264740
v 0.115623 -0.221207 0.280396
v 0.115623 -0.221207 -0.264893
v 0.115623 -0.221207 -0.278564
v 0.131256 -0.031628 0.165070
v 0.131256 -0.031628 -0.165207
v 0.131256 -0.035534 0.118172
v 0.131256 -0.035534 -0.118309
v 0.131256 -0.051170 0.118172
v 0.131256 -0.051170 0.165070
v 0.131256 -0.051170 -0.118309
v 0.131256 -0.051170 -0.165207
v 0.133209 0.296692 0.168976
v 0.133209 0.296692 -0.169128
v 0.133209 -0.027718 0.168976
v 0.133209 -0.027718 -0.169128
v 0.142990 0.296692 0.159210
v 0.142990 0.296692 -0.157394
v 0.142990 -0.027718 0.159210
v 0.142990 -0.027718 -0.157394
v 0.146896 -0.051170 0.196350
v 0.146896 -0.051170 0.227615
v 0.146896 -0.051170 -0.196487
v 0.146896 -0.051170 -0.227753
v 0.146896 -0.058987 0.196350
v 0.146896 -0.058987 0.227615
v 0.146896 -0.058987 -0.196487
v 0.146896 -0.058987 -0.227753
v 0.148849 -0.187973 0.280396
v 0.148849 -0.187973 -0.278564
v 0.148849 -0.201660 0.280396
v 0.148849 -0.201660 -0.278564
v 0.150803 -0.187973 0.282349
v 0.150803 -0.187973 -0.280518
v 0.150803 -0.199707 0.282349
v 0.150803 -0.199707 -0.280518
v 0.152756 -0.131302 0.266693
v 0.152756 -0.131302 0.280396
v 0.152756 -0.131302 -0.266846
v 0.152756 -0.131302 -0.280518
v 0.152756 -0.146927 0.266693
v 0.152756 -0.146927 0.280396
v 0.152756 -0.146927 -0.266846
v 0.152756 -0.146927 -0.280518
v 0.154709 0.296692 0.159210
v 0.154709 0.296692 -0.157394
v 0.154709 -0.027718 0.159210
v 0.154709 -0.027718 -0.157394
v 0.160568 0.296692 0.168976
v 0.160568 0.296692 -0.169128
v 0.160568 -0.027718 0.168976
v 0.160568 -0.027718 -0.169128
v 0.180115 -0.187973 0.282349
v 0.180115 -0.187973 -0.280518
v 0.180115 -0.199707 0.282349
v 0.180115 -0.199707 -0.280518
v 0.182068 -0.187973 0.280396
v 0.182068 -0.187973 -0.278564
v 0.182068 -0.201660 0.280396
v 0.182068 -0.201660 -0.278564
v 0.184021 0.296692 -0.169128
v 0.184021 -0.027718 -0.169128
v 0.187943 -0.178207 0.266693
v 0.187943 -0.178207 0.280396
v 0.187943 -0.178207 -0.266846
v 0.187943 -0.178207 -0.278564
v 0.189896 -0.131302 0.266693
v 0.189896 -0.131302 0.280396
v 0.189896 -0.131302 -0.266846
v 0.189896 -0.131302 -0.280518
v 0.189896 -0.146927 0.266693
v 0.189896 -0.146927 0.280396
v 0.189896 -0.146927 -0.266846
v 0.189896 -0.146927 -0.280518
v 0.189896 -0.174301 0.272552
v 0.189896 -0.174301 -0.272705
v 0.191849 -0.100029 0.266693
v 0.191849 -0.100029 -0.251221
v 0.191849 -0.100029 -0.260986
v 0.191849 -0.105888 -0.257080
v 0.191849 -0.123482 0.290161
v 0.191849 -0.123482 -0.290283
v 0.191849 -0.244644 0.280396
v 0.191849 -0.244644 -0.278564
v 0.191849 -0.246613 0.266693
v 0.191849 -0.246613 -0.266846
v 0.193802 -0.248566 0.272552
v 0.193802 -0.248566 -0.272705
v 0.195755 0.296692 -0.157394
v 0.195755 -0.027718 -0.157394
v 0.195755 -0.168427 0.266693
v 0.195755 -0.168427 -0.266846
v 0.195755 -0.170380 0.272552
v 0.195755 -0.170380 -0.272705
v 0.197708 -0.187973 0.266693
v 0.197708 -0.187973 0.280396
v 0.197708 -0.187973 -0.266846
v 0.197708 -0.187973 -0.278564
v 0.197708 -0.236832 0.280396
v 0.197708 -0.236832 -0.278564
v 0.197708 -0.238785 0.266693
v 0.197708 -0.238785 -0.266846
v 0.199661 -0.186020 0.272552
v 0.199661 -0.186020 -0.272705
v 0.199661 -0.240738 0.272552
v 0.199661 -0.240738 -0.272705
v 0.201614 -0.088303 -0.251221
v 0.201614 -0.123482 0.266693
v 0.201614 -0.123482 0.272552
v 0.201614 -0.123482 -0.266846
v 0.201614 -0.123482 -0.272705
v 0.201614 -0.150848 0.266693
v 0.201614 -0.150848 0.272552
v 0.201614 -0.150848 -0.266846
v 0.201614 -0.150848 -0.272705
v 0.203568 0.296692 -0.157394
v 0.203568 -0.027718 -0.157394
v 0.203568 -0.082436 0.256927
v 0.203568 -0.088303 0.251068
v 0.203568 -0.088303 -0.243393
v 0.203568 -0.088303 -0.253174
v 0.203568 -0.096123 -0.253174
v 0.203568 -0.098076 -0.245346
v 0.205521 -0.096123 0.270599
v 0.207474 -0.082436 0.264740
v 0.207474 -0.088303 0.268646
v 0.211395 0.296692 -0.169128
v 0.211395 -0.027718 -0.169128
v 0.221161 -0.080482 -0.268799
v 0.221161 -0.082436 -0.262939
v 0.221161 -0.082436 -0.270752
v 0.221161 -0.082436 -0.274658
v 0.221161 -0.088303 -0.260986
v 0.221161 -0.088303 -0.266846
v 0.221161 -0.088303 -0.276611
v 0.221161 -0.094162 -0.262939
v 0.221161 -0.096123 -0.268799
v 0.221161 -0.096123 -0.274658
v 0.228973 0.296692 0.168976
v 0.228973 -0.027718 0.168976
v 0.228973 -0.184067 0.272552
v 0.228973 -0.184067 -0.272705
v 0.228973 -0.258331 0.272552
v 0.228973 -0.258331 -0.272705
v 0.228973 -0.260284 0.270599
v 0.228973 -0.260284 -0.270752
v 0.230927 -0.184067 0.153351
v 0.230927 -0.184067 0.270599
v 0.230927 -0.184067 -0.153488
v 0.230927 -0.184067 -0.270752
v 0.230927 -0.256378 0.153351
v 0.230927 -0.256378 -0.153488
v 0.230927 -0.258331 0.270599
v 0.230927 -0.258331 -0.270752
v 0.234848 0.296692 -0.169128
v 0.234848 -0.027718 -0.169128
v 0.240707 0.279114 0.149445
v 0.240707 0.296692 -0.161301
v 0.240707 -0.014036 0.149445
v 0.240707 -0.027718 -0.161301
v 0.244614 0.279114 0.157257
v 0.244614 -0.014036 0.157257
v 0.246567 -0.082436 0.264740
v 0.246567 -0.088303 0.268646
v 0.246567 -0.088303 -0.259033
v 0.246567 -0.096123 0.270599
v 0.246567 -0.096123 -0.251221
v 0.246567 -0.096123 -0.272705
v 0.246567 -0.100029 0.266693
v 0.246567 -0.100029 -0.251221
v 0.246567 -0.100029 -0.272705
v 0.248520 -0.060940 -0.251221
v 0.248520 -0.062897 -0.251221
v 0.250488 -0.082436 0.253021
v 0.250488 -0.150848 0.272552
v 0.250488 -0.150848 -0.272705
v 0.252441 0.279114 0.149445
v 0.252441 0.279114 0.157257
v 0.252441 0.296692 0.168976
v 0.252441 0.296692 0.174850
v 0.252441 0.296692 0.182663
v 0.252441 0.296692 -0.161301
v 0.252441 0.296692 -0.174988
v 0.252441 0.296692 -0.182800
v 0.252441 0.316254 0.168976
v 0.252441 0.316254 0.182663
v 0.252441 0.316254 -0.174988
v 0.252441 0.316254 -0.182800
v 0.252441 -0.014036 0.149445
v 0.252441 -0.014036 0.157257
v 0.252441 -0.027718 0.168976
v 0.252441 -0.027718 0.174850
v 0.252441 -0.027718 0.182663
v 0.252441 -0.027718 -0.161301
v 0.252441 -0.027718 -0.174988
v 0.252441 -0.031628 0.165070
v 0.252441 -0.031628 0.182663
v 0.252441 -0.031628 -0.165207
v 0.252441 -0.031628 -0.174988
v 0.252441 -0.031628 -0.180847
v 0.252441 -0.051170 0.165070
v 0.252441 -0.051170 0.180710
v 0.252441 -0.051170 -0.165207
v 0.252441 -0.051170 -0.180847
v 0.252441 -0.076576 0.198303
v 0.252441 -0.076576 -0.194534
v 0.252441 -0.078529 0.108398
v 0.252441 -0.078529 0.114258
v 0.252441 -0.078529 -0.094856
v 0.252441 -0.078529 -0.102676
v 0.252441 -0.078529 -0.110489
v 0.252441 -0.078529 -0.116356
v 0.252441 -0.080482 0.086899
v 0.252441 -0.080482 0.098625
v 0.252441 -0.084396 -0.010819
v 0.252441 -0.086349 0.081032
v 0.252441 -0.092209 -0.010819
v 0.252441 -0.096123 0.081032
v 0.252441 -0.098076 0.051720
v 0.252441 -0.098076 0.053673
v 0.252441 -0.098076 -0.092903
v 0.252441 -0.100029 0.108398
v 0.252441 -0.100029 0.114258
v 0.252441 -0.100029 0.198303
v 0.252441 -0.100029 -0.094856
v 0.252441 -0.100029 -0.102676
v 0.252441 -0.100029 -0.110489
v 0.252441 -0.100029 -0.116356
v 0.252441 -0.100029 -0.194534
v 0.252441 -0.150848 0.266693
v 0.252441 -0.150848 0.270599
v 0.252441 -0.150848 -0.266846
v 0.252441 -0.150848 -0.270752
v 0.252441 -0.227066 0.247162
v 0.252441 -0.227066 -0.247299
v 0.254395 -0.084396 -0.004957
v 0.254395 -0.092209 -0.004957
v 0.254395 -0.105888 0.108398
v 0.254395 -0.105888 0.112305
v 0.254395 -0.105888 -0.094856
v 0.254395 -0.105888 -0.098763
v 0.254395 -0.203613 0.254974
v 0.254395 -0.203613 -0.255127
v 0.254395 -0.213379 0.254974
v 0.254395 -0.213379 -0.255127
v 0.254395 -0.238785 0.254974
v 0.254395 -0.238785 -0.255127
v 0.256348 0.075867 0.172897
v 0.256348 0.075867 0.174850
v 0.256348 0.075867 -0.169128
v 0.256348 0.075867 -0.173035
v 0.256348 0.087593 0.172897
v 0.256348 0.087593 0.174850
v 0.256348 0.087593 -0.169128
v 0.256348 0.087593 -0.173035
v 0.256348 0.175537 0.172897
v 0.256348 0.175537 0.174850
v 0.256348 0.175537 -0.169128
v 0.256348 0.175537 -0.173035
v 0.256348 0.189224 0.172897
v 0.256348 0.189224 0.174850
v 0.256348 0.189224 -0.169128
v 0.256348 0.189224 -0.173035
v 0.256348 0.259583 0.172897
v 0.256348 0.259583 0.174850
v 0.256348 0.259583 -0.169128
v 0.256348 0.259583 -0.173035
v 0.256348 0.273254 0.172897
v 0.256348 0.273254 0.174850
v 0.256348 0.273254 -0.169128
v 0.256348 0.273254 -0.173035
v 0.256348 -0.051170 0.241287
v 0.256348 -0.051170 -0.241440
v 0.256348 -0.055077 0.245209
v 0.256348 -0.055077 -0.245346
v 0.256348 -0.060940 0.245209
v 0.256348 -0.060940 -0.245346
v 0.256348 -0.080482 -0.008865
v 0.256348 -0.084396 -0.016684
v 0.256348 -0.086349 0.104485
v 0.256348 -0.092209 -0.016684
v 0.256348 -0.096123 -0.008865
v 0.256348 -0.098076 0.104485
v 0.256348 -0.098076 -0.092903
v 0.256348 -0.191879 0.254974
v 0.256348 -0.191879 -0.255127
v 0.256348 -0.229019 0.296021
v 0.256348 -0.229019 -0.296143
v 0.258301 -0.082436 -0.280518
v 0.258301 -0.088303 -0.282471
v 0.258301 -0.096123 -0.280518
v 0.258301 -0.098076 -0.276611
v 0.258301 -0.211426 0.208069
v 0.258301 -0.211426 -0.208206
v 0.258301 -0.225113 0.208069
v 0.258301 -0.225113 -0.208206
v 0.258301 -0.236832 0.208069
v 0.258301 -0.236832 -0.208206
v 0.258301 -0.252472 0.247162
v 0.258301 -0.252472 -0.247299
v 0.260254 -0.080482 -0.014729
v 0.260254 -0.082436 -0.270752
v 0.260254 -0.088303 -0.266846
v 0.260254 -0.096123 -0.014729
v 0.260254 -0.197754 0.208069
v 0.260254 -0.197754 -0.208206
v 0.260254 -0.211426 0.299927
v 0.260254 -0.211426 -0.300079
v 0.260254 -0.236832 0.299927
v 0.260254 -0.236832 -0.300079
v 0.260254 -0.252472 0.292114
v 0.260254 -0.252472 -0.292236
v 0.262207 -0.084396 -0.018637
v 0.262207 -0.090256 -0.018637
v 0.262207 -0.180161 0.254974
v 0.262207 -0.180161 -0.255127
v 0.262207 -0.197754 0.299927
v 0.262207 -0.197754 -0.300079
v 0.262207 -0.205566 0.299927
v 0.262207 -0.205566 -0.300079
v 0.262207 -0.250519 0.208069
v 0.262207 -0.250519 -0.208206
v 0.264160 -0.043350 0.114258
v 0.264160 -0.043350 0.153351
v 0.264160 -0.043350 -0.116356
v 0.264160 -0.043350 -0.151535
v 0.264160 -0.051170 0.114258
v 0.264160 -0.051170 0.153351
v 0.264160 -0.051170 -0.116356
v 0.264160 -0.051170 -0.151535
v 0.264160 -0.250519 0.299927
v 0.264160 -0.250519 -0.300079
v 0.266113 0.058273 0.026314
v 0.266113 0.058273 0.153351
v 0.266113 0.058273 -0.030363
v 0.266113 0.058273 -0.153488
v 0.266113 0.068047 0.026314
v 0.266113 0.068047 0.153351
v 0.266113 0.068047 -0.030363
v 0.266113 0.068047 -0.153488
v 0.266113 0.120811 0.026314
v 0.266113 0.120811 0.153351
v 0.266113 0.120811 -0.030363
v 0.266113 0.120811 -0.153488
v 0.266113 0.130585 0.026314
v 0.266113 0.130585 0.153351
v 0.266113 0.130585 -0.030363
v 0.266113 0.130585 -0.153488
v 0.266113 0.197037 0.026314
v 0.266113 0.197037 0.153351
v 0.266113 0.197037 -0.030363
v 0.266113 0.197037 -0.153488
v 0.266113 0.204849 0.026314
v 0.266113 0.204849 0.153351
v 0.266113 0.204849 -0.030363
v 0.266113 0.204849 -0.153488
v 0.266113 -0.186020 0.208069
v 0.266113 -0.186020 0.299927
v 0.266113 -0.186020 -0.208206
v 0.266113 -0.186020 -0.300079
v 0.266113 -0.221207 0.202209
v 0.266113 -0.221207 -0.202347
v 0.266113 -0.270050 0.266693
v 0.266113 -0.270050 -0.266846
v 0.268066 0.075867 0.172897
v 0.268066 0.075867 0.174850
v 0.268066 0.075867 -0.169128
v 0.268066 0.075867 -0.173035
v 0.268066 0.087593 0.172897
v 0.268066 0.087593 0.174850
v 0.268066 0.087593 -0.169128
v 0.268066 0.087593 -0.173035
v 0.268066 0.175537 0.172897
v 0.268066 0.175537 0.174850
v 0.268066 0.175537 -0.169128
v 0.268066 0.175537 -0.173035
v 0.268066 0.189224 0.172897
v 0.268066 0.189224 0.174850
v 0.268066 0.189224 -0.169128
v 0.268066 0.189224 -0.173035
v 0.268066 0.259583 0.172897
v 0.268066 0.259583 0.174850
v 0.268066 0.259583 -0.169128
v 0.268066 0.259583 -0.173035
v 0.268066 0.273254 0.172897
v 0.268066 0.273254 0.174850
v 0.268066 0.273254 -0.169128
v 0.268066 0.273254 -0.173035
v 0.268066 -0.051170 0.239334
v 0.268066 -0.051170 -0.245346
v 0.268066 -0.060940 0.251068
v 0.268066 -0.062897 0.253021
v 0.268066 -0.088303 0.253021
v 0.268066 -0.125443 0.153351
v 0.268066 -0.125443 0.266693
v 0.268066 -0.125443 -0.153488
v 0.268066 -0.125443 -0.266846
v 0.268066 -0.168427 0.254974
v 0.268066 -0.168427 -0.255127
v 0.268066 -0.211426 0.303833
v 0.268066 -0.211426 -0.303986
v 0.268066 -0.234879 0.303833
v 0.268066 -0.234879 -0.303986
v 0.268066 -0.264191 0.208069
v 0.268066 -0.264191 -0.208206
v 0.270020 -0.055077 0.243240
v 0.270020 -0.055077 -0.249252
v 0.270020 -0.060940 0.243240
v 0.270020 -0.060940 -0.249252
v 0.270020 -0.264191 0.299927
v 0.270020 -0.264191 -0.300079
v 0.271973 -0.176254 0.208069
v 0.271973 -0.176254 0.299927
v 0.271973 -0.176254 -0.208206
v 0.271973 -0.176254 -0.300079
v 0.273926 -0.060940 0.249115
v 0.273926 -0.062897 -0.251221
v 0.275879 -0.031628 0.168976
v 0.275879 -0.031628 0.182663
v 0.275879 -0.031628 -0.169128
v 0.275879 -0.031628 -0.180847
v 0.275879 -0.039444 0.168976
v 0.275879 -0.039444 0.182663
v 0.275879 -0.039444 -0.169128
v 0.275879 -0.039444 -0.180847
v 0.275879 -0.062897 0.251068
v 0.275879 -0.096123 0.251068
v 0.275879 -0.262238 0.303833
v 0.275879 -0.262238 -0.303986
v 0.275879 -0.279816 0.208069
v 0.275879 -0.279816 -0.208206
v 0.275879 -0.281799 0.266693
v 0.275879 -0.281799 -0.266846
v 0.277832 0.001598 0.026314
v 0.277832 0.001598 0.170929
v 0.277832 0.001598 -0.032318
v 0.277832 0.001598 -0.169128
v 0.277832 0.046547 0.026314
v 0.277832 0.046547 0.153351
v 0.277832 0.046547 -0.030363
v 0.277832 0.046547 -0.153488
v 0.277832 0.079773 0.026314
v 0.277832 0.079773 0.153351
v 0.277832 0.079773 -0.030363
v 0.277832 0.079773 -0.153488
v 0.277832 0.111046 0.026314
v 0.277832 0.111046 0.153351
v 0.277832 0.111046 -0.030363
v 0.277832 0.111046 -0.153488
v 0.277832 0.122772 0.026314
v 0.277832 0.122772 -0.030363
v 0.277832 0.142319 0.026314
v 0.277832 0.142319 0.153351
v 0.277832 0.142319 -0.030363
v 0.277832 0.142319 -0.153488
v 0.277832 0.187256 0.026314
v 0.277832 0.187256 0.153351
v 0.277832 0.187256 -0.030363
v 0.277832 0.187256 -0.153488
v 0.277832 0.214630 0.026314
v 0.277832 0.214630 0.153351
v 0.277832 0.214630 -0.030363
v 0.277832 0.214630 -0.153488
v 0.277832 0.292786 0.026314
v 0.277832 0.292786 0.170929
v 0.277832 0.292786 -0.030363
v 0.277832 0.292786 -0.169128
v 0.277832 0.296692 0.174850
v 0.277832 0.296692 -0.173035
v 0.277832 -0.025763 -0.032318
v 0.277832 -0.027718 0.030222
v 0.277832 -0.027718 0.153351
v 0.277832 -0.027718 0.174850
v 0.277832 -0.027718 -0.173035
v 0.277832 -0.158661 0.254974
v 0.277832 -0.158661 -0.255127
v 0.277832 -0.166473 0.208069
v 0.277832 -0.166473 -0.208206
v 0.277832 -0.182114 0.202209
v 0.277832 -0.182114 -0.202347
v 0.277832 -0.262238 0.202209
v 0.277832 -0.262238 -0.202347
v 0.279785 0.271301 0.084946
v 0.279785 0.271301 0.088852
v 0.279785 0.271301 -0.087044
v 0.279785 0.271301 -0.090950
v 0.279785 0.273254 0.088852
v 0.279785 0.273254 -0.088997
v 0.279785 0.298676 0.088852
v 0.279785 0.298676 -0.088997
v 0.279785 -0.004265 0.084946
v 0.279785 -0.004265 0.088852
v 0.279785 -0.004265 -0.087044
v 0.279785 -0.004265 -0.090950
v 0.279785 -0.166473 0.299927
v 0.279785 -0.166473 -0.300079
v 0.281738 0.122772 0.024359
v 0.281738 0.122772 -0.030363
v 0.281738 0.142319 0.024359
v 0.281738 0.142319 -0.030363
v 0.281738 0.271301 0.092758
v 0.281738 0.271301 -0.092903
v 0.281738 0.273254 0.084946
v 0.281738 0.273254 0.090805
v 0.281738 0.273254 -0.085083
v 0.281738 0.273254 -0.090950
v 0.281738 0.292786 0.026314
v 0.281738 0.292786 0.170929
v 0.281738 0.292786 -0.030363
v 0.281738 0.292786 -0.169128
v 0.281738 0.296692 0.182663
v 0.281738 0.296692 -0.182800
v 0.281738 0.298676 0.084946
v 0.281738 0.298676 0.090805
v 0.281738 0.298676 -0.085083
v 0.281738 0.298676 -0.090950
v 0.281738 0.316254 0.030222
v 0.281738 0.316254 0.182663
v 0.281738 0.316254 -0.030363
v 0.281738 0.316254 -0.182800
v 0.281738 -0.004265 0.092758
v 0.281738 -0.004265 -0.092903
v 0.281738 -0.025763 0.032177
v 0.281738 -0.025763 -0.030363
v 0.281738 -0.027718 0.114258
v 0.281738 -0.027718 0.153351
v 0.281738 -0.027718 -0.114403
v 0.281738 -0.027718 -0.151535
v 0.281738 -0.043350 0.114258
v 0.281738 -0.043350 0.153351
v 0.281738 -0.043350 -0.114403
v 0.281738 -0.043350 -0.151535
v 0.281738 -0.279816 0.299927
v 0.281738 -0.279816 -0.300079
v 0.283691 0.001598 0.026314
v 0.283691 0.001598 -0.030363
v 0.283691 0.271301 0.084946
v 0.283691 0.271301 -0.085083
v 0.283691 -0.004265 0.084946
v 0.283691 -0.004265 -0.085083
v 0.283691 -0.172333 0.303833
v 0.283691 -0.172333 -0.303986
v 0.285645 0.271301 0.092758
v 0.285645 0.271301 -0.092903
v 0.285645 0.273254 0.084946
v 0.285645 0.273254 0.086899
v 0.285645 0.273254 0.090805
v 0.285645 0.273254 -0.087044
v 0.285645 0.273254 -0.090950
v 0.285645 0.298676 0.084946
v 0.285645 0.298676 0.086899
v 0.285645 0.298676 0.090805
v 0.285645 0.298676 -0.087044
v 0.285645 0.298676 -0.090950
v 0.285645 -0.004265 0.092758
v 0.285645 -0.004265 -0.092903
v 0.285645 -0.027718 0.030222
v 0.285645 -0.027718 0.114258
v 0.285645 -0.027718 0.153351
v 0.285645 -0.027718 0.182663
v 0.285645 -0.027718 -0.030363
v 0.285645 -0.027718 -0.034271
v 0.285645 -0.027718 -0.114403
v 0.285645 -0.027718 -0.151535
v 0.285645 -0.027718 -0.180847
v 0.285645 -0.051170 0.030222
v 0.285645 -0.051170 0.114258
v 0.285645 -0.051170 0.153351
v 0.285645 -0.051170 0.182663
v 0.285645 -0.051170 -0.030363
v 0.285645 -0.051170 -0.114403
v 0.285645 -0.051170 -0.151535
v 0.285645 -0.051170 -0.180847
v 0.285645 -0.285706 0.208069
v 0.285645 -0.285706 -0.208206
v 0.285645 -0.293518 0.254974
v 0.285645 -0.293518 -0.255127
v 0.287598 0.122772 0.012632
v 0.287598 0.122772 -0.016684
v 0.287598 0.142319 0.012632
v 0.287598 0.142319 -0.016684
v 0.287598 0.271301 0.086899
v 0.287598 0.271301 0.090805
v 0.287598 0.271301 -0.087044
v 0.287598 0.271301 -0.090950
v 0.287598 -0.004265 0.086899
v 0.287598 -0.004265 0.090805
v 0.287598 -0.004265 -0.087044
v 0.287598 -0.004265 -0.090950
v 0.287598 -0.082436 -0.272705
v 0.287598 -0.088303 -0.276611
v 0.287598 -0.096123 -0.274658
v 0.287598 -0.098076 -0.268799
v 0.287598 -0.150848 0.254974
v 0.287598 -0.150848 -0.255127
v 0.289551 -0.025763 0.030222
v 0.289551 -0.051170 0.227615
v 0.289551 -0.086349 -0.178894
v 0.289551 -0.086349 -0.184753
v 0.289551 -0.092209 -0.176941
v 0.289551 -0.094162 -0.178894
v 0.289551 -0.094162 -0.184753
v 0.289551 -0.156708 0.208069
v 0.289551 -0.156708 0.299927
v 0.289551 -0.156708 -0.208206
v 0.289551 -0.156708 -0.300079
v 0.289551 -0.217285 0.200256
v 0.289551 -0.217285 -0.200394
v 0.293488 -0.055077 0.229568
v 0.293488 -0.060940 0.229568
v 0.293488 -0.082436 -0.255127
v 0.293488 -0.088303 -0.251221
v 0.293488 -0.211426 0.305786
v 0.293488 -0.211426 -0.305939
v 0.295441 -0.240738 0.305786
v 0.295441 -0.240738 -0.305939
v 0.295441 -0.246613 0.200256
v 0.295441 -0.246613 -0.200394
v 0.297394 -0.060940 0.235428
v 0.297394 -0.297424 0.292114
v 0.297394 -0.297424 -0.292236
v 0.299347 -0.062897 0.235428
v 0.299347 -0.096123 0.235428
v 0.299347 -0.123482 0.290161
v 0.299347 -0.123482 -0.290283
v 0.299347 -0.148895 0.208069
v 0.299347 -0.148895 0.299927
v 0.299347 -0.148895 -0.208206
v 0.299347 -0.148895 -0.300079
v 0.299347 -0.217285 0.204163
v 0.299347 -0.217285 -0.204300
v 0.299347 -0.295471 0.299927
v 0.299347 -0.295471 -0.300079
v 0.301300 0.122772 0.012632
v 0.301300 0.122772 -0.016684
v 0.301300 0.142319 0.012632
v 0.301300 0.142319 -0.016684
v 0.301300 -0.141068 0.254974
v 0.301300 -0.141068 -0.255127
v 0.301300 -0.189926 0.200256
v 0.301300 -0.189926 -0.200394
v 0.301300 -0.213379 0.290161
v 0.301300 -0.213379 0.303833
v 0.301300 -0.213379 -0.290283
v 0.301300 -0.213379 -0.303986
v 0.301300 -0.217285 0.211975
v 0.301300 -0.217285 -0.212112
v 0.301300 -0.297424 0.208069
v 0.301300 -0.297424 -0.208206
v 0.301300 -0.303284 0.245209
v 0.301300 -0.303284 -0.245346
v 0.303253 -0.051170 0.211975
v 0.303253 -0.051170 -0.212112
v 0.303253 -0.238785 0.290161
v 0.303253 -0.238785 0.303833
v 0.303253 -0.238785 -0.290283
v 0.303253 -0.238785 -0.303986
v 0.303253 -0.291565 0.303833
v 0.303253 -0.291565 -0.303986
v 0.305206 -0.240738 0.204163
v 0.305206 -0.240738 0.211975
v 0.305206 -0.240738 -0.204300
v 0.305206 -0.240738 -0.212112
v 0.307159 -0.055077 0.211975
v 0.307159 -0.055077 -0.212112
v 0.307159 -0.060940 0.211975
v 0.307159 -0.060940 -0.212112
v 0.307159 -0.060940 -0.225800
v 0.307159 -0.291565 0.202209
v 0.307159 -0.291565 -0.202347
v 0.309113 -0.062897 -0.227753
v 0.309113 -0.088303 -0.225800
v 0.309113 -0.137161 0.153351
v 0.309113 -0.137161 0.243240
v 0.309113 -0.137161 0.254974
v 0.309113 -0.137161 -0.153488
v 0.309113 -0.137161 -0.243393
v 0.309113 -0.137161 -0.255127
v 0.309113 -0.154755 0.202209
v 0.309113 -0.154755 -0.202347
v 0.309113 -0.186020 0.305786
v 0.309113 -0.186020 -0.305939
v 0.309113 -0.195786 0.204163
v 0.309113 -0.195786 0.211975
v 0.309113 -0.195786 -0.204300
v 0.309113 -0.195786 -0.212112
v 0.309113 -0.305237 0.264740
v 0.309113 -0.305237 -0.264893
v 0.311066 -0.051170 0.190475
v 0.311066 -0.051170 -0.114403
v 0.311066 -0.051170 -0.194534
v 0.311066 -0.060940 0.217834
v 0.311066 -0.143021 0.208069
v 0.311066 -0.143021 -0.208206
v 0.311066 -0.217285 0.290161
v 0.311066 -0.217285 -0.290283
v 0.313019 -0.062897 0.217834
v 0.313019 -0.100029 0.217834
v 0.313019 -0.141068 0.299927
v 0.313019 -0.141068 -0.300079
v 0.313019 -0.191879 0.303833
v 0.313019 -0.191879 -0.303986
v 0.313019 -0.219238 0.297974
v 0.313019 -0.219238 -0.298126
v 0.313019 -0.225113 0.290161
v 0.313019 -0.225113 -0.290283
v 0.314972 -0.055077 0.192429
v 0.314972 -0.055077 -0.114403
v 0.314972 -0.055077 -0.194534
v 0.314972 -0.060940 0.192429
v 0.314972 -0.060940 -0.114403
v 0.314972 -0.060940 -0.194534
v 0.314972 -0.082436 -0.216034
v 0.314972 -0.191879 0.290161
v 0.314972 -0.191879 -0.290283
v 0.314972 -0.223160 0.297974
v 0.314972 -0.223160 -0.298126
v 0.314972 -0.266144 0.305786
v 0.314972 -0.266144 -0.305939
v 0.314972 -0.268097 0.200256
v 0.314972 -0.268097 -0.200394
v 0.316925 -0.060940 -0.210159
v 0.316925 -0.082436 -0.188660
v 0.316925 -0.082436 -0.194534
v 0.316925 -0.086349 -0.178894
v 0.316925 -0.086349 -0.184753
v 0.316925 -0.088303 -0.184753
v 0.316925 -0.090256 -0.194534
v 0.316925 -0.092209 -0.176941
v 0.316925 -0.094162 -0.178894
v 0.316925 -0.094162 -0.184753
v 0.316925 -0.098076 -0.194534
v 0.316925 -0.148895 0.303833
v 0.316925 -0.148895 -0.303986
v 0.318878 -0.060940 0.198303
v 0.318878 -0.060940 -0.114403
v 0.318878 -0.060940 -0.194534
v 0.318878 -0.062897 -0.210159
v 0.318878 -0.076576 -0.210159
v 0.318878 -0.078529 0.114258
v 0.318878 -0.078529 -0.110489
v 0.318878 -0.078529 -0.116356
v 0.318878 -0.133255 0.282349
v 0.318878 -0.133255 -0.282471
v 0.318878 -0.256378 0.153351
v 0.318878 -0.256378 -0.153488
v 0.318878 -0.260284 0.290161
v 0.318878 -0.260284 0.303833
v 0.318878 -0.260284 -0.290283
v 0.318878 -0.260284 -0.303986
v 0.318878 -0.303284 0.208069
v 0.318878 -0.303284 0.299927
v 0.318878 -0.303284 -0.208206
v 0.318878 -0.303284 -0.300079
v 0.318909 -0.078499 -0.100723
v 0.320831 -0.062897 0.198303
v 0.320831 -0.062897 -0.114403
v 0.320831 -0.062897 -0.194534
v 0.320831 -0.076576 0.198303
v 0.320831 -0.076576 -0.114403
v 0.320831 -0.076576 -0.194534
v 0.320831 -0.082436 -0.249252
v 0.320831 -0.082436 -0.251221
v 0.320831 -0.096123 -0.251221
v 0.320831 -0.098076 -0.247299
v 0.320831 -0.100029 0.198303
v 0.320831 -0.215332 0.290161
v 0.320831 -0.215332 -0.290283
v 0.320831 -0.217285 0.297974
v 0.320831 -0.217285 -0.298126
v 0.320831 -0.223160 0.297974
v 0.320831 -0.223160 -0.298126
v 0.320831 -0.260284 0.204163
v 0.320831 -0.260284 -0.204300
v 0.322784 -0.088303 -0.253174
v 0.322784 -0.205566 0.290161
v 0.322784 -0.205566 -0.290283
v 0.322784 -0.217285 0.211975
v 0.322784 -0.217285 -0.212112
v 0.322784 -0.223160 0.153351
v 0.322784 -0.223160 -0.153488
v 0.322784 -0.225113 0.290161
v 0.322784 -0.225113 -0.290283
v 0.322784 -0.244644 0.290161
v 0.322784 -0.244644 -0.290283
v 0.322784 -0.246613 0.153351
v 0.322784 -0.246613 -0.153488
v 0.322784 -0.248566 0.153351
v 0.322784 -0.248566 -0.153488
v 0.322784 -0.258331 0.211975
v 0.322784 -0.258331 -0.212112
v 0.324738 -0.172333 0.200256
v 0.324738 -0.172333 -0.200394
v 0.324738 -0.197754 0.290161
v 0.324738 -0.197754 -0.290283
v 0.324738 -0.203613 0.297974
v 0.324738 -0.203613 -0.298126
v 0.324738 -0.221207 0.290161
v 0.324738 -0.221207 -0.290283
v 0.324738 -0.230972 0.211975
v 0.324738 -0.230972 -0.212112
v 0.324738 -0.236832 0.290161
v 0.324738 -0.236832 -0.290283
v 0.324738 -0.238785 0.297974
v 0.324738 -0.238785 -0.298126
v 0.324738 -0.242691 0.297974
v 0.324738 -0.242691 -0.298126
v 0.326691 -0.137161 0.299927
v 0.326691 -0.137161 -0.300079
v 0.326691 -0.199707 0.297974
v 0.326691 -0.199707 -0.298126
v 0.326691 -0.221207 0.301880
v 0.326691 -0.221207 -0.302032
v 0.326691 -0.313049 0.266693
v 0.326691 -0.313049 -0.266846
v 0.328644 -0.137161 0.208069
v 0.328644 -0.137161 -0.208206
v 0.328644 -0.180161 0.204163
v 0.328644 -0.180161 -0.204300
v 0.328644 -0.182114 0.211975
v 0.328644 -0.182114 -0.212112
v 0.328644 -0.205566 0.153351
v 0.328644 -0.205566 -0.153488
v 0.328644 -0.236832 0.290161
v 0.328644 -0.236832 -0.290283
v 0.328644 -0.244644 0.297974
v 0.328644 -0.244644 -0.298126
v 0.328644 -0.246613 0.290161
v 0.328644 -0.246613 -0.290283
v 0.330597 -0.082436 -0.186707
v 0.330597 -0.082436 -0.196487
v 0.330597 -0.096123 -0.184753
v 0.330597 -0.098076 -0.194534
v 0.330597 -0.205566 0.211975
v 0.330597 -0.205566 -0.212112
v 0.330597 -0.207520 0.297974
v 0.330597 -0.207520 -0.298126
v 0.330597 -0.209473 0.290161
v 0.330597 -0.209473 -0.290283
v 0.330597 -0.234879 0.301880
v 0.330597 -0.234879 -0.302032
v 0.330597 -0.238785 0.153351
v 0.330597 -0.238785 -0.153488
v 0.330597 -0.240738 0.290161
v 0.330597 -0.240738 0.297974
v 0.330597 -0.240738 -0.290283
v 0.330597 -0.240738 -0.298126
v 0.332550 -0.082436 -0.216034
v 0.332550 -0.088303 -0.184753
v 0.332550 -0.088303 -0.229706
v 0.332550 -0.098076 -0.216034
v 0.332550 -0.199707 0.290161
v 0.332550 -0.199707 -0.290283
v 0.332550 -0.201660 0.297974
v 0.332550 -0.201660 -0.298126
v 0.334503 -0.205566 0.290161
v 0.334503 -0.205566 -0.290283
v 0.334503 -0.242691 0.211975
v 0.334503 -0.242691 -0.212112
v 0.336456 -0.082436 -0.194534
v 0.336456 -0.082436 -0.217987
v 0.336456 -0.096123 -0.194534
v 0.336456 -0.096123 -0.219940
v 0.336456 -0.172333 0.305786
v 0.336456 -0.172333 -0.305939
v 0.336456 -0.207520 0.301880
v 0.336456 -0.207520 -0.302032
v 0.338409 -0.088303 -0.194534
v 0.338409 -0.088303 -0.219940
v 0.338409 -0.178207 0.303833
v 0.338409 -0.178207 -0.303986
v 0.338409 -0.180161 0.290161
v 0.338409 -0.180161 -0.290283
v 0.338409 -0.199707 0.153351
v 0.338409 -0.199707 -0.153488
v 0.340363 -0.199707 0.290161
v 0.340363 -0.199707 -0.290283
v 0.340363 -0.244644 0.290161
v 0.340363 -0.244644 -0.290283
v 0.342346 -0.193832 0.290161
v 0.342346 -0.193832 -0.290283
v 0.342346 -0.199707 0.211975
v 0.342346 -0.199707 -0.212112
v 0.342346 -0.244644 0.297974
v 0.342346 -0.244644 -0.298126
v 0.344299 -0.088303 -0.196487
v 0.344299 -0.197754 0.297974
v 0.344299 -0.197754 -0.298126
v 0.346252 -0.100029 0.194382
v 0.346252 -0.100029 -0.194534
v 0.346252 -0.143021 0.303833
v 0.346252 -0.143021 -0.303986
v 0.346252 -0.201660 0.290161
v 0.346252 -0.201660 -0.290283
v 0.346252 -0.240738 0.290161
v 0.346252 -0.240738 -0.290283
v 0.346252 -0.244644 0.153351
v 0.346252 -0.244644 -0.153488
v 0.346252 -0.248566 0.297974
v 0.346252 -0.248566 -0.298126
v 0.346252 -0.250519 0.290161
v 0.346252 -0.250519 -0.290283
v 0.346252 -0.266144 0.204163
v 0.346252 -0.266144 0.211975
v 0.346252 -0.266144 0.290161
v 0.346252 -0.266144 -0.204300
v 0.346252 -0.266144 -0.212112
v 0.346252 -0.266144 -0.290283
v 0.346252 -0.268097 0.303833
v 0.346252 -0.268097 -0.303986
v 0.346252 -0.275909 0.305786
v 0.346252 -0.275909 -0.305939
v 0.346252 -0.277863 0.200256
v 0.346252 -0.277863 -0.200394
v 0.346252 -0.297424 0.202209
v 0.346252 -0.297424 -0.202347
v 0.346252 -0.301331 0.303833
v 0.346252 -0.301331 -0.303986
v 0.346252 -0.305237 0.206116
v 0.346252 -0.305237 -0.206253
v 0.346252 -0.309143 0.211975
v 0.346252 -0.309143 0.299927
v 0.346252 -0.309143 -0.212112
v 0.346252 -0.309143 -0.300079
v 0.346252 -0.313049 0.247162
v 0.346252 -0.313049 0.288208
v 0.346252 -0.313049 -0.247299
v 0.346252 -0.313049 -0.288330
v 0.348206 -0.094162 0.194382
v 0.348206 -0.094162 -0.194534
v 0.348206 -0.100029 0.231522
v 0.348206 -0.197754 0.290161
v 0.348206 -0.197754 -0.290283
v 0.348206 -0.242691 0.301880
v 0.348206 -0.242691 -0.302032
v 0.348206 -0.244644 0.211975
v 0.348206 -0.244644 0.290161
v 0.348206 -0.244644 0.297974
v 0.348206 -0.244644 -0.212112
v 0.348206 -0.244644 -0.290283
v 0.348206 -0.244644 -0.298126
v 0.350159 -0.094162 0.231522
v 0.350159 -0.100029 0.168976
v 0.350159 -0.100029 -0.163254
v 0.350159 -0.199707 0.290161
v 0.350159 -0.199707 -0.290283
v 0.350159 -0.203613 0.301880
v 0.350159 -0.203613 -0.302032
v 0.350159 -0.244644 0.290161
v 0.350159 -0.244644 -0.290283
v 0.352112 -0.094162 0.170929
v 0.352112 -0.094162 -0.165207
v 0.352112 -0.199707 0.153351
v 0.352112 -0.199707 -0.153488
v 0.356018 -0.137161 0.208069
v 0.356018 -0.137161 -0.208206
v 0.356018 -0.172333 0.305786
v 0.356018 -0.172333 -0.305939
v 0.356018 -0.178207 0.303833
v 0.356018 -0.178207 -0.303986
v 0.356018 -0.180161 0.290161
v 0.356018 -0.180161 -0.290283
v 0.356018 -0.201660 0.211975
v 0.356018 -0.201660 -0.212112
v 0.357971 -0.205566 0.290161
v 0.357971 -0.205566 -0.290283
v 0.359924 -0.088303 -0.243393
v 0.359924 -0.180161 0.204163
v 0.359924 -0.180161 -0.204300
v 0.359924 -0.182114 0.211975
v 0.359924 -0.182114 -0.212112
v 0.359924 -0.199707 0.290161
v 0.359924 -0.199707 -0.290283
v 0.359924 -0.201660 0.297974
v 0.359924 -0.201660 -0.298126
v 0.359924 -0.240738 0.290161
v 0.359924 -0.240738 -0.290283
v 0.361877 -0.094162 0.247162
v 0.361877 -0.100029 0.249115
v 0.361877 -0.207520 0.297974
v 0.361877 -0.207520 -0.298126
v 0.361877 -0.209473 0.290161
v 0.361877 -0.209473 -0.290283
v 0.361877 -0.234879 0.301880
v 0.361877 -0.234879 -0.302032
v 0.361877 -0.238785 0.153351
v 0.361877 -0.238785 0.211975
v 0.361877 -0.238785 -0.153488
v 0.361877 -0.238785 -0.212112
v 0.361877 -0.240738 0.297974
v 0.361877 -0.240738 -0.298126
v 0.363831 -0.172333 0.200256
v 0.363831 -0.172333 -0.200394
v 0.363831 -0.207520 0.153351
v 0.363831 -0.207520 -0.153488
v 0.363831 -0.236832 0.290161
v 0.363831 -0.236832 -0.290283
v 0.363831 -0.244644 0.297974
v 0.363831 -0.244644 -0.298126
v 0.363831 -0.246613 0.290161
v 0.363831 -0.246613 -0.290283
v 0.365784 -0.094162 0.153351
v 0.365784 -0.096123 -0.251221
v 0.365784 -0.100029 0.151398
v 0.365784 -0.137161 0.299927
v 0.365784 -0.137161 -0.300079
v 0.365784 -0.199707 0.297974
v 0.365784 -0.199707 -0.298126
v 0.365784 -0.209473 0.211975
v 0.365784 -0.209473 -0.212112
v 0.365784 -0.221207 0.301880
v 0.365784 -0.221207 -0.302032
v 0.365784 -0.313049 0.266693
v 0.365784 -0.313049 -0.266846
v 0.367737 -0.092209 -0.247299
v 0.367737 -0.197754 0.290161
v 0.367737 -0.197754 -0.290283
v 0.367737 -0.203613 0.297974
v 0.367737 -0.203613 -0.298126
v 0.367737 -0.221207 0.290161
v 0.367737 -0.221207 -0.290283
v 0.367737 -0.223160 0.153351
v 0.367737 -0.223160 -0.153488
v 0.367737 -0.225113 0.211975
v 0.367737 -0.225113 -0.212112
v 0.367737 -0.236832 0.290161
v 0.367737 -0.236832 -0.290283
v 0.367737 -0.238785 0.297974
v 0.367737 -0.238785 -0.298126
v 0.367737 -0.242691 0.297974
v 0.367737 -0.242691 -0.298126
v 0.369690 -0.092209 -0.153488
v 0.369690 -0.133255 0.282349
v 0.369690 -0.133255 -0.282471
v 0.369690 -0.205566 0.290161
v 0.369690 -0.205566 -0.290283
v 0.369690 -0.244644 0.290161
v 0.369690 -0.244644 -0.290283
v 0.369690 -0.258331 0.211975
v 0.369690 -0.258331 -0.212112
v 0.369690 -0.260284 0.204163
v 0.369690 -0.260284 -0.204300
v 0.371643 -0.215332 0.290161
v 0.371643 -0.215332 -0.290283
v 0.371643 -0.217285 0.297974
v 0.371643 -0.217285 -0.298126
v 0.371643 -0.223160 0.297974
v 0.371643 -0.223160 -0.298126
v 0.371643 -0.225113 0.290161
v 0.371643 -0.225113 -0.290283
v 0.371643 -0.260284 0.290161
v 0.371643 -0.260284 0.303833
v 0.371643 -0.260284 -0.290283
v 0.371643 -0.260284 -0.303986
v 0.371643 -0.303284 0.208069
v 0.371643 -0.303284 -0.208206
v 0.373596 -0.303284 0.299927
v 0.373596 -0.303284 -0.300079
v 0.375549 -0.094162 -0.147629
v 0.375549 -0.100029 -0.145676
v 0.375549 -0.127396 0.288208
v 0.375549 -0.127396 -0.288330
v 0.375549 -0.266144 0.305786
v 0.375549 -0.266144 -0.305939
v 0.375549 -0.268097 0.200256
v 0.375549 -0.268097 -0.200394
v 0.377502 -0.143021 0.208069
v 0.377502 -0.143021 -0.208206
v 0.377502 -0.148895 0.303833
v 0.377502 -0.148895 -0.303986
v 0.377502 -0.191879 0.290161
v 0.377502 -0.191879 -0.290283
v 0.377502 -0.223160 0.297974
v 0.377502 -0.223160 -0.298126
v 0.379456 -0.137161 0.243240
v 0.379456 -0.137161 -0.243393
v 0.379456 -0.141068 0.299927
v 0.379456 -0.141068 -0.300079
v 0.379456 -0.191879 0.303833
v 0.379456 -0.191879 -0.303986
v 0.379456 -0.195786 0.211975
v 0.379456 -0.195786 -0.212112
v 0.379456 -0.219238 0.297974
v 0.379456 -0.219238 -0.298126
v 0.379456 -0.225113 0.290161
v 0.379456 -0.225113 -0.290283
v 0.381409 -0.094162 0.251068
v 0.381409 -0.094162 -0.253174
v 0.381409 -0.100029 0.253021
v 0.381409 -0.100029 0.288208
v 0.381409 -0.100029 -0.255127
v 0.381409 -0.100029 -0.288330
v 0.381409 -0.101982 0.292114
v 0.381409 -0.101982 -0.292236
v 0.381409 -0.123482 0.292114
v 0.381409 -0.123482 -0.292236
v 0.381409 -0.137161 0.254974
v 0.381409 -0.137161 -0.255127
v 0.381409 -0.154755 0.202209
v 0.381409 -0.154755 -0.202347
v 0.381409 -0.195786 0.204163
v 0.381409 -0.195786 -0.204300
v 0.381409 -0.217285 0.290161
v 0.381409 -0.217285 -0.290283
v 0.383362 -0.186020 0.305786
v 0.383362 -0.186020 -0.305939
v 0.383362 -0.291565 0.202209
v 0.383362 -0.291565 -0.202347
v 0.383362 -0.305237 0.264740
v 0.383362 -0.305237 -0.264893
v 0.385315 -0.240738 0.204163
v 0.385315 -0.240738 0.211975
v 0.385315 -0.240738 -0.204300
v 0.385315 -0.240738 -0.212112
v 0.387268 -0.238785 0.290161
v 0.387268 -0.238785 0.303833
v 0.387268 -0.238785 -0.290283
v 0.387268 -0.238785 -0.303986
v 0.389221 -0.141068 0.254974
v 0.389221 -0.141068 -0.255127
v 0.389221 -0.189926 0.200256
v 0.389221 -0.189926 -0.200394
v 0.389221 -0.217285 0.204163
v 0.389221 -0.217285 0.211975
v 0.389221 -0.217285 -0.204300
v 0.389221 -0.217285 -0.212112
v 0.389221 -0.291565 0.303833
v 0.389221 -0.291565 -0.303986
v 0.389221 -0.297424 0.208069
v 0.389221 -0.297424 -0.208206
v 0.389221 -0.303284 0.245209
v 0.389221 -0.303284 -0.245346
v 0.391205 -0.148895 0.208069
v 0.391205 -0.148895 0.299927
v 0.391205 -0.148895 -0.208206
v 0.391205 -0.148895 -0.300079
v 0.391205 -0.213379 0.290161
v 0.391205 -0.213379 0.303833
v 0.391205 -0.213379 -0.290283
v 0.391205 -0.213379 -0.303986
v 0.393158 -0.295471 0.299927
v 0.393158 -0.295471 -0.300079
v 0.395111 -0.240738 0.305786
v 0.395111 -0.240738 -0.305939
v 0.395111 -0.246613 0.200256
v 0.395111 -0.246613 -0.200394
v 0.395111 -0.297424 0.292114
v 0.395111 -0.297424 -0.292236
v 0.397064 -0.211426 0.305786
v 0.397064 -0.211426 -0.305939
v 0.400970 -0.150848 0.254974
v 0.400970 -0.150848 -0.255127
v 0.400970 -0.156708 0.208069
v 0.400970 -0.156708 0.299927
v 0.400970 -0.156708 -0.208206
v 0.400970 -0.156708 -0.300079
v 0.400970 -0.217285 0.200256
v 0.400970 -0.217285 -0.200394
v 0.404877 -0.285706 0.208069
v 0.404877 -0.285706 -0.208206
v 0.404877 -0.293518 0.254974
v 0.404877 -0.293518 -0.255127
v 0.406830 -0.098076 0.053673
v 0.406830 -0.098076 -0.065544
v 0.406830 -0.137161 0.153351
v 0.406830 -0.137161 0.172897
v 0.406830 -0.137161 -0.153488
v 0.406830 -0.137161 -0.173035
v 0.406830 -0.184067 0.172897
v 0.406830 -0.184067 -0.173035
v 0.406830 -0.197754 0.153351
v 0.406830 -0.197754 -0.153488
v 0.406830 -0.236832 0.153351
v 0.406830 -0.236832 -0.153488
v 0.408783 -0.094162 0.053673
v 0.408783 -0.094162 0.147476
v 0.408783 -0.094162 -0.063591
v 0.408783 -0.100029 0.145523
v 0.408783 -0.172333 0.303833
v 0.408783 -0.172333 -0.303986
v 0.410736 -0.135208 0.182663
v 0.410736 -0.135208 -0.182800
v 0.410736 -0.158661 0.254974
v 0.410736 -0.158661 -0.255127
v 0.410736 -0.166473 0.208069
v 0.410736 -0.166473 -0.208206
v 0.410736 -0.182114 0.182663
v 0.410736 -0.182114 -0.182800
v 0.410736 -0.279816 0.299927
v 0.410736 -0.279816 -0.300079
v 0.412689 -0.094162 -0.251221
v 0.412689 -0.100029 -0.253174
v 0.412689 -0.127396 0.280396
v 0.412689 -0.127396 -0.280518
v 0.412689 -0.166473 0.299927
v 0.412689 -0.166473 -0.300079
v 0.412689 -0.182114 0.202209
v 0.412689 -0.182114 -0.202347
v 0.412689 -0.262238 0.202209
v 0.412689 -0.262238 -0.202347
v 0.414642 -0.092209 -0.251221
v 0.414642 -0.100029 0.282349
v 0.414642 -0.100029 -0.282471
v 0.414642 -0.262238 0.303833
v 0.414642 -0.262238 -0.303986
v 0.414642 -0.279816 0.208069
v 0.414642 -0.279816 -0.208206
v 0.414642 -0.281799 0.266693
v 0.414642 -0.281799 -0.266846
v 0.416595 -0.094162 0.249115
v 0.416595 -0.100029 0.249115
v 0.416595 -0.101982 0.284302
v 0.416595 -0.101982 -0.284424
v 0.416595 -0.123482 0.284302
v 0.416595 -0.123482 -0.284424
v 0.416595 -0.135208 0.188522
v 0.416595 -0.135208 -0.188660
v 0.416595 -0.182114 0.188522
v 0.416595 -0.182114 -0.188660
v 0.416595 -0.205566 0.168976
v 0.416595 -0.205566 -0.169128
v 0.416595 -0.236832 0.168976
v 0.416595 -0.236832 -0.169128
v 0.418549 -0.090256 0.100578
v 0.418549 -0.176254 0.208069
v 0.418549 -0.176254 0.299927
v 0.418549 -0.176254 -0.208206
v 0.418549 -0.176254 -0.300079
v 0.420502 -0.084396 0.100578
v 0.420502 -0.086349 0.092758
v 0.420502 -0.088303 0.090805
v 0.420502 -0.090256 0.092758
v 0.420502 -0.090256 0.106445
v 0.420502 -0.168427 0.254974
v 0.420502 -0.168427 -0.255127
v 0.422455 -0.086349 0.106445
v 0.422455 -0.088303 0.088852
v 0.422455 -0.088303 0.098625
v 0.422455 -0.092209 0.082993
v 0.422455 -0.092209 0.090805
v 0.422455 -0.094162 0.071266
v 0.422455 -0.098076 0.073219
v 0.422455 -0.098076 0.079079
v 0.422455 -0.098076 0.094719
v 0.422455 -0.098076 0.102531
v 0.422455 -0.264191 0.208069
v 0.422455 -0.264191 0.299927
v 0.422455 -0.264191 -0.208206
v 0.422455 -0.264191 -0.300079
v 0.424408 -0.092209 0.104485
v 0.424408 -0.092209 0.108398
v 0.424408 -0.098076 0.102531
v 0.424408 -0.186020 0.208069
v 0.424408 -0.186020 0.299927
v 0.424408 -0.186020 -0.208206
v 0.424408 -0.186020 -0.300079
v 0.424408 -0.211426 0.303833
v 0.424408 -0.211426 -0.303986
v 0.424408 -0.221207 0.202209
v 0.424408 -0.221207 -0.202347
v 0.424408 -0.234879 0.303833
v 0.424408 -0.234879 -0.303986
v 0.424408 -0.270050 0.266693
v 0.424408 -0.270050 -0.266846
v 0.428314 -0.092209 0.086899
v 0.428314 -0.092209 0.098625
v 0.428314 -0.094162 0.071266
v 0.428314 -0.098076 0.073219
v 0.428314 -0.098076 0.081032
v 0.428314 -0.098076 0.094719
v 0.428314 -0.180161 0.254974
v 0.428314 -0.180161 -0.255127
v 0.428314 -0.197754 0.208069
v 0.428314 -0.197754 0.299927
v 0.428314 -0.197754 -0.208206
v 0.428314 -0.197754 -0.300079
v 0.428314 -0.203613 0.182663
v 0.428314 -0.203613 -0.182800
v 0.428314 -0.205566 0.299927
v 0.428314 -0.205566 -0.300079
v 0.428314 -0.236832 0.182663
v 0.428314 -0.236832 -0.182800
v 0.428314 -0.250519 0.208069
v 0.428314 -0.250519 0.299927
v 0.428314 -0.250519 -0.208206
v 0.428314 -0.250519 -0.300079
v 0.430267 -0.211426 0.299927
v 0.430267 -0.211426 -0.300079
v 0.430267 -0.236832 0.299927
v 0.430267 -0.236832 -0.300079
v 0.430267 -0.252472 0.292114
v 0.430267 -0.252472 -0.292236
v 0.432220 -0.094162 0.239334
v 0.432220 -0.211426 0.208069
v 0.432220 -0.211426 -0.208206
v 0.432220 -0.225113 0.208069
v 0.432220 -0.225113 -0.208206
v 0.432220 -0.236832 0.208069
v 0.432220 -0.236832 -0.208206
v 0.432220 -0.252472 0.247162
v 0.432220 -0.252472 -0.247299
v 0.434174 -0.094162 0.157257
v 0.434174 -0.100029 0.155304
v 0.434174 -0.100029 0.239334
v 0.434174 -0.191879 0.254974
v 0.434174 -0.191879 -0.255127
v 0.434174 -0.229019 0.296021
v 0.434174 -0.229019 -0.296143
v 0.436127 -0.203613 0.254974
v 0.436127 -0.203613 -0.255127
v 0.436127 -0.283752 0.155304
v 0.436127 -0.283752 0.188522
v 0.436127 -0.283752 -0.155441
v 0.436127 -0.283752 -0.188660
v 0.438110 -0.094162 -0.151535
v 0.438110 -0.094162 -0.239487
v 0.438110 -0.213379 0.254974
v 0.438110 -0.213379 -0.255127
v 0.438110 -0.227066 0.247162
v 0.438110 -0.227066 -0.247299
v 0.438110 -0.238785 0.254974
v 0.438110 -0.238785 -0.255127
v 0.440063 -0.094162 0.161163
v 0.440063 -0.100029 0.268646
v 0.440063 -0.100029 -0.149582
v 0.440063 -0.100029 -0.241440
v 0.440063 -0.100029 -0.268799
v 0.440063 -0.127396 0.268646
v 0.440063 -0.127396 -0.268799
v 0.440063 -0.201660 0.188522
v 0.440063 -0.201660 -0.188660
v 0.440063 -0.236832 0.188522
v 0.440063 -0.236832 -0.188660
v 0.442017 -0.101982 0.270599
v 0.442017 -0.101982 -0.270752
v 0.442017 -0.123482 0.270599
v 0.442017 -0.123482 -0.270752
v 0.443970 -0.094162 0.219788
v 0.443970 -0.098076 -0.092903
v 0.443970 -0.283752 0.155304
v 0.443970 -0.283752 0.188522
v 0.443970 -0.283752 -0.155441
v 0.443970 -0.283752 -0.188660
v 0.445923 -0.094162 0.178757
v 0.445923 -0.100029 0.219788
v 0.447876 -0.094162 0.071266
v 0.447876 -0.094162 -0.061634
v 0.447876 -0.100029 0.178757
v 0.447876 -0.236832 0.155304
v 0.447876 -0.236832 0.188522
v 0.447876 -0.236832 -0.155441
v 0.447876 -0.236832 -0.188660
v 0.449829 -0.092209 -0.163254
v 0.449829 -0.094162 -0.219940
v 0.449829 -0.098076 -0.065544
v 0.449829 -0.098076 -0.092903
v 0.451782 -0.098076 0.075172
v 0.451782 -0.100029 -0.219940
v 0.453735 -0.092209 -0.221893
v 0.453735 -0.094162 -0.173035
v 0.455688 -0.100029 -0.173035
v 0.461548 -0.100029 0.245209
v 0.461548 -0.100029 -0.245346
v 0.461548 -0.127396 0.245209
v 0.461548 -0.127396 -0.245346
v 0.465454 -0.094162 0.086899
v 0.465454 -0.098076 0.082993
v 0.465454 -0.101982 0.245209
v 0.465454 -0.101982 -0.245346
v 0.465454 -0.103935 0.104485
v 0.465454 -0.123482 0.245209
v 0.465454 -0.123482 -0.245346
v 0.467407 -0.082436 0.082993
v 0.467407 -0.086349 0.088852
v 0.467407 -0.096123 0.110352
v 0.467407 -0.098076 0.075172
v 0.467407 -0.101982 0.094719
v 0.469360 -0.082436 0.077126
v 0.469360 -0.084396 0.071266
v 0.469360 -0.084396 0.102531
v 0.469360 -0.086349 0.096672
v 0.469360 -0.088303 0.108398
v 0.469360 -0.090256 0.090805
v 0.469360 -0.092209 0.071266
v 0.469360 -0.096123 0.090805
v 0.471313 -0.105888 0.112305
v 0.471313 -0.127396 0.077126
v 0.471313 -0.137161 0.077126
v 0.473267 -0.100029 0.213928
v 0.473267 -0.100029 -0.102676
v 0.473267 -0.100029 -0.214081
v 0.473267 -0.107849 -0.102676
v 0.473267 -0.127396 0.092758
v 0.473267 -0.127396 0.188522
v 0.473267 -0.127396 0.213928
v 0.473267 -0.127396 -0.188660
v 0.473267 -0.127396 -0.214081
v 0.473267 -0.137161 -0.102676
v 0.473267 -0.201660 0.077126
v 0.473267 -0.201660 0.188522
v 0.473267 -0.201660 -0.102676
v 0.473267 -0.201660 -0.188660
v 0.475220 -0.100029 0.114258
v 0.475220 -0.100029 -0.098763
v 0.475220 -0.100029 -0.102676
v 0.475220 -0.100029 -0.110489
v 0.475220 -0.100029 -0.114403
v 0.475220 -0.105888 -0.098763
v 0.475220 -0.105888 -0.102676
v 0.475220 -0.107849 0.104485
v 0.475220 -0.107849 0.114258
v 0.475220 -0.107849 -0.114403
v 0.475220 -0.127396 0.114258
v 0.475220 -0.127396 0.186569
v 0.475220 -0.127396 -0.114403
v 0.475220 -0.127396 -0.186707
v 0.475220 -0.137161 -0.110489
v 0.475220 -0.201660 0.114258
v 0.475220 -0.201660 0.186569
v 0.475220 -0.201660 -0.110489
v 0.475220 -0.201660 -0.114403
v 0.475220 -0.201660 -0.186707
v 0.477173 -0.101982 0.084946
v 0.477173 -0.101982 0.213928
v 0.477173 -0.101982 -0.214081
v 0.477173 -0.107849 0.094719
v 0.477173 -0.123482 0.213928
v 0.477173 -0.123482 -0.214081
v 0.477173 -0.137161 0.090805
v 0.477173 -0.201660 0.090805
v 0.477173 -0.209473 0.104485
v 0.479126 -0.098076 0.088852
v 0.479126 -0.100029 -0.102676
v 0.479126 -0.100029 -0.110489
v 0.479126 -0.101982 0.077126
v 0.479126 -0.101982 0.114258
v 0.479126 -0.101982 -0.114403
v 0.479126 -0.103935 0.110352
v 0.479126 -0.117615 0.104485
v 0.479126 -0.123482 0.114258
v 0.479126 -0.123482 -0.114403
v 0.479126 -0.127396 0.104485
v 0.479126 -0.137161 0.104485
v 0.479126 -0.201660 0.104485
v 0.479126 -0.209473 0.081032
v 0.479126 -0.209473 0.096672
v 0.481079 -0.094162 0.088852
v 0.481079 -0.103935 0.090805
v 0.481079 -0.113708 0.081032
v 0.481079 -0.117615 0.096672
v 0.483032 -0.096123 0.073219
v 0.483032 -0.113708 0.075172
v 0.483032 -0.127396 0.086899
v 0.483032 -0.137161 0.086899
v 0.483032 -0.209473 0.073219
v 0.483032 -0.209473 0.086899
v 0.483032 -0.209473 0.092758
v 0.483032 -0.209473 0.110352
v 0.484985 -0.090256 0.086899
v 0.484985 -0.092209 0.075172
v 0.484985 -0.096123 0.110352
v 0.484985 -0.098076 0.092758
v 0.484985 -0.113708 0.086899
v 0.484985 -0.117615 0.112305
v 0.484985 -0.127396 0.084946
v 0.484985 -0.127396 -0.102676
v 0.484985 -0.137161 0.084946
v 0.484985 -0.137161 -0.102676
v 0.484985 -0.137161 -0.110489
v 0.484985 -0.209473 0.102531
v 0.486969 -0.090256 0.079079
v 0.486969 -0.094162 0.096672
v 0.486969 -0.094162 0.104485
v 0.486969 -0.117615 0.092758
v 0.486969 -0.127396 -0.102676
v 0.486969 -0.209473 0.079079
v 0.488922 -0.111755 0.071266
v 0.488922 -0.111755 0.088852
v 0.488922 -0.125443 -0.110489
v 0.488922 -0.199707 0.024359
v 0.488922 -0.201660 0.102531
v 0.488922 -0.201660 -0.102676
v 0.488922 -0.201660 -0.110489
v 0.488922 -0.203613 0.114258
v 0.488922 -0.203613 0.186569
v 0.488922 -0.203613 0.188522
v 0.488922 -0.203613 -0.114403
v 0.488922 -0.203613 -0.186707
v 0.488922 -0.203613 -0.188660
v 0.488922 -0.209473 0.071266
v 0.488922 -0.209473 0.088852
v 0.488922 -0.209473 0.092758
v 0.488922 -0.236832 0.155304
v 0.488922 -0.236832 0.188522
v 0.488922 -0.236832 -0.155441
v 0.488922 -0.236832 -0.188660
v 0.490875 -0.115662 0.092758
v 0.490875 -0.197754 0.045856
v 0.490875 -0.199707 0.045856
v 0.490875 -0.201660 -0.102676
v 0.490875 -0.203613 0.188522
v 0.490875 -0.203613 -0.114403
v 0.490875 -0.203613 -0.188660
v 0.490875 -0.205566 0.024359
v 0.490875 -0.205566 0.049767
v 0.490875 -0.209473 0.110352
v 0.490875 -0.213379 0.022404
v 0.490875 -0.213379 0.051720
v 0.490875 -0.221207 0.028267
v 0.490875 -0.225113 0.047810
v 0.490875 -0.227066 0.038040
v 0.490875 -0.232925 -0.114403
v 0.490875 -0.236832 0.116211
v 0.490875 -0.236832 0.188522
v 0.490875 -0.236832 -0.188660
v 0.492828 -0.109802 0.075172
v 0.492828 -0.109802 0.086899
v 0.492828 -0.115662 0.110352
v 0.492828 -0.209473 0.073219
v 0.494781 -0.109802 0.079079
v 0.494781 -0.199707 0.024359
v 0.494781 -0.199707 0.045856
v 0.494781 -0.205566 0.024359
v 0.494781 -0.205566 0.049767
v 0.494781 -0.209473 0.084946
v 0.494781 -0.209473 0.096672
v 0.494781 -0.209473 0.104485
v 0.494781 -0.213379 0.022404
v 0.494781 -0.213379 0.051720
v 0.494781 -0.221207 0.028267
v 0.494781 -0.225113 0.047810
v 0.494781 -0.227066 0.038040
v 0.496735 -0.113708 0.096672
v 0.496735 -0.113708 0.104485
v 0.496735 -0.209473 0.079079
v -0.007500 0.296692 0.157257
v -0.007500 0.296692 -0.157394
v -0.007500 -0.027718 0.157257
v -0.007500 -0.027718 -0.157394
v -0.007500 -0.051170 0.196350
v -0.007500 -0.051170 0.227615
v -0.007500 -0.051170 -0.196487
v -0.007500 -0.051170 -0.227753
v -0.007500 -0.058987 0.196350
v -0.007500 -0.058987 0.227615
v -0.007500 -0.058987 -0.196487
v -0.007500 -0.058987 -0.227753
v -0.017271 0.296692 0.159210
v -0.017271 0.296692 -0.157394
v -0.017271 -0.027718 0.159210
v -0.017271 -0.027718 -0.157394
v -0.027042 0.296692 0.168976
v -0.027042 0.296692 -0.169128
v -0.027042 -0.027718 0.168976
v -0.027042 -0.027718 -0.169128
v -0.046585 0.296692 0.168976
v -0.046585 0.296692 -0.169128
v -0.046585 -0.027718 0.168976
v -0.046585 -0.027718 -0.169128
v -0.050495 -0.051170 0.196350
v -0.050495 -0.051170 0.227615
v -0.050495 -0.051170 -0.196487
v -0.050495 -0.051170 -0.227753
v -0.050495 -0.058987 0.196350
v -0.050495 -0.058987 0.227615
v -0.050495 -0.058987 -0.196487
v -0.050495 -0.058987 -0.227753
v -0.054405 0.296692 0.157257
v -0.054405 0.296692 -0.157394
v -0.054405 -0.027718 0.157257
v -0.054405 -0.027718 -0.157394
v -0.064178 -0.031628 0.165070
v -0.064178 -0.031628 -0.165207
v -0.064178 -0.035534 0.118172
v -0.064178 -0.035534 -0.118309
v -0.064178 -0.051170 0.118172
v -0.064178 -0.051170 0.165070
v -0.064178 -0.051170 -0.118309
v -0.064178 -0.051170 -0.165207
v -0.068085 0.296692 0.159210
v -0.068085 0.296692 -0.157394
v -0.068085 -0.027718 0.159210
v -0.068085 -0.027718 -0.157394
v -0.075905 0.296692 0.168976
v -0.075905 0.296692 -0.169128
v -0.075905 -0.027718 0.168976
v -0.075905 -0.027718 -0.169128
v -0.097397 0.296692 0.168976
v -0.097397 0.296692 -0.169128
v -0.097397 -0.027718 0.168976
v -0.097397 -0.027718 -0.169128
v -0.103264 -0.150848 0.272552
v -0.103264 -0.150848 -0.272705
v -0.103264 -0.250519 0.272552
v -0.103264 -0.250519 -0.272705
v -0.105217 0.296692 0.157257
v -0.105217 0.296692 -0.157394
v -0.105217 -0.027718 0.157257
v -0.105217 -0.027718 -0.157394
v -0.105217 -0.031628 0.165070
v -0.105217 -0.031628 -0.165207
v -0.105217 -0.035534 0.118172
v -0.105217 -0.035534 -0.118309
v -0.105217 -0.051170 0.118172
v -0.105217 -0.051170 0.165070
v -0.105217 -0.051170 -0.118309
v -0.105217 -0.051170 -0.165207
v -0.105217 -0.123482 0.266693
v -0.105217 -0.123482 -0.266846
v -0.105217 -0.127396 0.239334
v -0.105217 -0.127396 -0.239487
v -0.105217 -0.150848 0.266693
v -0.105217 -0.150848 0.270599
v -0.105217 -0.150848 -0.266846
v -0.105217 -0.150848 -0.270752
v -0.105217 -0.215332 0.239334
v -0.105217 -0.215332 0.264740
v -0.105217 -0.215332 -0.239487
v -0.105217 -0.215332 -0.264893
v -0.105217 -0.217285 0.266693
v -0.105217 -0.217285 -0.266846
v -0.105217 -0.219238 0.239334
v -0.105217 -0.219238 0.262787
v -0.105217 -0.219238 -0.239487
v -0.105217 -0.219238 -0.262939
v -0.105217 -0.232925 0.262787
v -0.105217 -0.232925 0.266693
v -0.105217 -0.232925 -0.262939
v -0.105217 -0.232925 -0.266846
v -0.105217 -0.248566 0.239334
v -0.105217 -0.248566 0.270599
v -0.105217 -0.248566 -0.239487
v -0.105217 -0.248566 -0.270752
v -0.107170 -0.123482 0.264740
v -0.107170 -0.123482 -0.264893
v -0.107170 -0.141068 0.262787
v -0.107170 -0.141068 -0.262939
v -0.109123 -0.051170 0.196350
v -0.109123 -0.051170 0.227615
v -0.109123 -0.051170 -0.196487
v -0.109123 -0.051170 -0.227753
v -0.109123 -0.058987 0.196350
v -0.109123 -0.058987 0.227615
v -0.109123 -0.058987 -0.196487
v -0.109123 -0.058987 -0.227753
v -0.109123 -0.127396 0.239334
v -0.109123 -0.127396 0.249115
v -0.109123 -0.127396 -0.239487
v -0.109123 -0.127396 -0.249252
v -0.109123 -0.195786 0.239334
v -0.109123 -0.195786 0.249115
v -0.109123 -0.195786 -0.239487
v -0.109123 -0.195786 -0.249252
v -0.111084 -0.127396 0.251068
v -0.111084 -0.127396 -0.251221
v -0.111084 -0.195786 0.251068
v -0.111084 -0.195786 -0.251221
v -0.116943 0.296692 0.159210
v -0.116943 0.296692 -0.157394
v -0.116943 -0.027718 0.159210
v -0.116943 -0.027718 -0.157394
v -0.124763 -0.186020 0.251068
v -0.124763 -0.186020 -0.251221
v -0.126709 0.296692 0.168976
v -0.126709 0.296692 -0.169128
v -0.126709 -0.027718 0.168976
v -0.126709 -0.027718 -0.169128
v -0.126709 -0.127396 0.251068
v -0.126709 -0.127396 0.262787
v -0.126709 -0.127396 -0.251221
v -0.126709 -0.127396 -0.262939
v -0.126709 -0.139114 0.262787
v -0.126709 -0.139114 -0.262939
v -0.126709 -0.141068 0.251068
v -0.126709 -0.141068 0.260834
v -0.126709 -0.141068 -0.251221
v -0.126709 -0.141068 -0.260986
v -0.126709 -0.143021 0.254974
v -0.126709 -0.143021 -0.255127
v -0.126709 -0.184067 0.251068
v -0.126709 -0.184067 0.254974
v -0.126709 -0.184067 -0.251221
v -0.126709 -0.184067 -0.255127
v -0.146255 0.296692 0.168976
v -0.146255 0.296692 -0.169128
v -0.146255 -0.027718 0.168976
v -0.146255 -0.027718 -0.169128
v -0.154083 0.296692 0.157257
v -0.154083 0.296692 -0.157394
v -0.154083 -0.027718 0.157257
v -0.154083 -0.027718 -0.157394
v -0.165802 -0.100029 -0.251221
v -0.165802 -0.100029 -0.260986
v -0.165802 -0.105888 -0.257080
v -0.167755 0.296692 0.159210
v -0.167755 0.296692 -0.157394
v -0.167755 -0.027718 0.159210
v -0.167755 -0.027718 -0.157394
v -0.169708 -0.051170 0.196350
v -0.169708 -0.051170 0.227615
v -0.169708 -0.051170 -0.196487
v -0.169708 -0.051170 -0.227753
v -0.169708 -0.058987 0.196350
v -0.169708 -0.058987 0.227615
v -0.169708 -0.058987 -0.196487
v -0.169708 -0.058987 -0.227753
v -0.169708 -0.088303 -0.243393
v -0.169708 -0.088303 -0.253174
v -0.169708 -0.096123 -0.253174
v -0.169708 -0.098076 -0.245346
v -0.169708 -0.127396 0.251068
v -0.169708 -0.127396 0.262787
v -0.169708 -0.127396 -0.251221
v -0.169708 -0.127396 -0.262939
v -0.169708 -0.139114 0.262787
v -0.169708 -0.139114 -0.262939
v -0.169708 -0.141068 0.251068
v -0.169708 -0.141068 0.260834
v -0.169708 -0.141068 -0.251221
v -0.169708 -0.141068 -0.260986
v -0.169708 -0.143021 0.254974
v -0.169708 -0.143021 -0.255127
v -0.169708 -0.184067 0.251068
v -0.169708 -0.184067 0.254974
v -0.169708 -0.184067 -0.251221
v -0.169708 -0.184067 -0.255127
v -0.171661 0.025051 -0.163254
v -0.171661 0.025051 -0.167175
v -0.171661 0.036777 -0.163254
v -0.171661 0.036777 -0.167175
v -0.173615 -0.186020 0.251068
v -0.173615 -0.186020 -0.251221
v -0.177536 0.025051 -0.163254
v -0.177536 0.025051 -0.165207
v -0.177536 0.036777 -0.163254
v -0.177536 0.036777 -0.165207
v -0.177536 0.296692 0.168976
v -0.177536 0.296692 -0.169128
v -0.177536 -0.027718 0.168976
v -0.177536 -0.027718 -0.169128
v -0.187302 -0.127396 0.251068
v -0.187302 -0.127396 -0.251221
v -0.187302 -0.195786 0.251068
v -0.187302 -0.195786 -0.251221
v -0.189255 -0.127396 0.239334
v -0.189255 -0.127396 0.249115
v -0.189255 -0.127396 -0.239487
v -0.189255 -0.127396 -0.249252
v -0.189255 -0.195786 0.239334
v -0.189255 -0.195786 0.249115
v -0.189255 -0.195786 -0.239487
v -0.189255 -0.195786 -0.249252
v -0.191208 -0.123482 0.264740
v -0.191208 -0.123482 -0.264893
v -0.191208 -0.141068 0.262787
v -0.191208 -0.141068 -0.262939
v -0.193161 -0.123482 0.266693
v -0.193161 -0.123482 -0.266846
v -0.193161 -0.127396 0.239334
v -0.193161 -0.127396 -0.239487
v -0.193161 -0.150848 0.266693
v -0.193161 -0.150848 0.270599
v -0.193161 -0.150848 0.272552
v -0.193161 -0.150848 -0.266846
v -0.193161 -0.150848 -0.270752
v -0.193161 -0.150848 -0.272705
v -0.193161 -0.215332 0.239334
v -0.193161 -0.215332 0.264740
v -0.193161 -0.215332 -0.239487
v -0.193161 -0.215332 -0.264893
v -0.193161 -0.217285 0.266693
v -0.193161 -0.217285 -0.266846
v -0.193161 -0.219238 0.239334
v -0.193161 -0.219238 0.262787
v -0.193161 -0.219238 -0.239487
v -0.193161 -0.219238 -0.262939
v -0.193161 -0.232925 0.262787
v -0.193161 -0.232925 0.266693
v -0.193161 -0.232925 -0.262939
v -0.193161 -0.232925 -0.266846
v -0.193161 -0.248566 0.239334
v -0.193161 -0.248566 0.270599
v -0.193161 -0.248566 -0.239487
v -0.193161 -0.248566 -0.270752
v -0.193161 -0.250519 0.272552
v -0.193161 -0.250519 -0.272705
v -0.195114 -0.078529 -0.268799
v -0.195114 -0.080482 -0.262939
v -0.195114 -0.080482 -0.274658
v -0.195114 -0.088303 -0.260986
v -0.195114 -0.088303 -0.276611
v -0.195114 -0.094162 -0.262939
v -0.195114 -0.094162 -0.274658
v -0.195114 -0.096123 -0.268799
v -0.197067 0.296692 0.168976
v -0.197067 0.296692 -0.167175
v -0.197067 -0.027718 0.168976
v -0.197067 -0.027718 -0.167175
v -0.200989 -0.027718 0.168976
v -0.200989 -0.027718 -0.169128
v -0.204895 0.296692 0.157257
v -0.204895 0.296692 -0.157394
v -0.204895 -0.027718 0.157257
v -0.204895 -0.027718 -0.157394
v -0.218567 0.296692 0.157257
v -0.218567 0.296692 -0.157394
v -0.218567 -0.027718 0.157257
v -0.218567 -0.027718 -0.157394
v -0.224426 -0.184067 0.272552
v -0.224426 -0.184067 -0.272705
v -0.224426 -0.258331 0.272552
v -0.224426 -0.258331 -0.272705
v -0.224426 -0.260284 0.153351
v -0.224426 -0.260284 0.270599
v -0.224426 -0.260284 -0.151535
v -0.224426 -0.260284 -0.270752
v -0.226395 -0.184067 0.155304
v -0.226395 -0.184067 0.270599
v -0.226395 -0.184067 -0.153488
v -0.226395 -0.184067 -0.270752
v -0.226395 -0.258331 0.155304
v -0.226395 -0.258331 0.270599
v -0.226395 -0.258331 -0.153488
v -0.226395 -0.258331 -0.270752
v -0.230301 0.290833 0.168976
v -0.230301 0.290833 -0.169128
v -0.230301 0.296692 0.168976
v -0.230301 0.296692 -0.169128
v -0.230301 -0.027718 0.168976
v -0.230301 -0.027718 -0.169128
v -0.242020 -0.078529 -0.270752
v -0.242020 -0.094162 -0.270752
v -0.243973 -0.080482 -0.262939
v -0.243973 -0.080482 -0.276611
v -0.243973 -0.088303 -0.276611
v -0.243973 -0.094162 -0.262939
v -0.243973 -0.150848 0.272552
v -0.243973 -0.150848 -0.272705
v -0.245926 -0.051170 0.241287
v -0.245926 -0.051170 -0.241440
v -0.245926 -0.055077 0.245209
v -0.245926 -0.055077 -0.245346
v -0.245926 -0.060940 0.245209
v -0.245926 -0.060940 -0.245346
v -0.245926 -0.086349 -0.259033
v -0.245926 -0.096123 0.270599
v -0.245926 -0.100029 0.266693
v -0.247879 0.290833 0.168976
v -0.247879 0.290833 0.174850
v -0.247879 0.290833 0.182663
v -0.247879 0.290833 -0.169128
v -0.247879 0.290833 -0.174988
v -0.247879 0.290833 -0.182800
v -0.247879 0.296692 0.174850
v -0.247879 0.296692 -0.169128
v -0.247879 0.296692 -0.174988
v -0.247879 0.304535 0.157257
v -0.247879 0.304535 0.172897
v -0.247879 0.304535 -0.157394
v -0.247879 0.304535 -0.173035
v -0.247879 0.314301 0.157257
v -0.247879 0.314301 0.172897
v -0.247879 0.314301 -0.157394
v -0.247879 0.314301 -0.173035
v -0.247879 0.316254 0.157257
v -0.247879 0.316254 0.172897
v -0.247879 0.316254 0.174850
v -0.247879 0.316254 0.182663
v -0.247879 0.316254 -0.157394
v -0.247879 0.316254 -0.173035
v -0.247879 0.316254 -0.174988
v -0.247879 0.316254 -0.182800
v -0.247879 -0.027718 0.168976
v -0.247879 -0.027718 0.174850
v -0.247879 -0.027718 0.182663
v -0.247879 -0.027718 -0.169128
v -0.247879 -0.027718 -0.174988
v -0.247879 -0.031628 0.165070
v -0.247879 -0.031628 0.182663
v -0.247879 -0.031628 -0.165207
v -0.247879 -0.031628 -0.174988
v -0.247879 -0.031628 -0.180847
v -0.247879 -0.043350 0.114258
v -0.247879 -0.043350 0.151398
v -0.247879 -0.043350 -0.114403
v -0.247879 -0.043350 -0.151535
v -0.247879 -0.051170 0.114258
v -0.247879 -0.051170 0.151398
v -0.247879 -0.051170 0.165070
v -0.247879 -0.051170 0.182663
v -0.247879 -0.051170 -0.114403
v -0.247879 -0.051170 -0.151535
v -0.247879 -0.051170 -0.165207
v -0.247879 -0.051170 -0.180847
v -0.247879 -0.123482 0.266693
v -0.247879 -0.123482 -0.266846
v -0.247879 -0.150848 0.266693
v -0.247879 -0.150848 0.270599
v -0.247879 -0.150848 -0.266846
v -0.247879 -0.150848 -0.270752
v -0.249847 -0.060940 0.251068
v -0.249847 -0.060940 -0.251221
v -0.249847 -0.062897 0.253021
v -0.249847 -0.062897 -0.251221
v -0.249847 -0.080482 0.114258
v -0.249847 -0.080482 0.120125
v -0.249847 -0.080482 0.125992
v -0.249847 -0.080482 -0.055771
v -0.249847 -0.080482 -0.087044
v -0.249847 -0.080482 -0.108536
v -0.249847 -0.080482 -0.118309
v -0.249847 -0.080482 -0.126129
v -0.249847 -0.084396 -0.090950
v -0.249847 -0.086349 0.114258
v -0.249847 -0.086349 0.120125
v -0.249847 -0.086349 0.125992
v -0.249847 -0.094162 0.114258
v -0.249847 -0.094162 0.120125
v -0.249847 -0.094162 0.125992
v -0.249847 -0.096123 -0.090950
v -0.249847 -0.098076 -0.055771
v -0.249847 -0.098076 -0.087044
v -0.249847 -0.100029 0.114258
v -0.249847 -0.100029 0.120125
v -0.249847 -0.100029 0.125992
v -0.249847 -0.100029 -0.108536
v -0.249847 -0.100029 -0.118309
v -0.249847 -0.100029 -0.126129
v -0.249847 -0.101982 0.114258
v -0.249847 -0.101982 0.125992
v -0.249847 -0.105888 -0.108536
v -0.249847 -0.105888 -0.116356
v -0.251801 -0.086349 -0.264893
v -0.251801 -0.086349 -0.270752
v -0.251801 -0.211426 0.231522
v -0.251801 -0.211426 -0.231659
v -0.251801 -0.223160 0.223709
v -0.251801 -0.223160 -0.223846
v -0.251801 -0.232925 0.231522
v -0.251801 -0.232925 -0.231659
v -0.253754 0.296692 0.006770
v -0.253754 0.296692 0.039993
v -0.253754 0.296692 0.051720
v -0.253754 0.296692 0.088852
v -0.253754 0.296692 0.096672
v -0.253754 0.296692 0.129898
v -0.253754 0.296692 0.139664
v -0.253754 0.296692 -0.006911
v -0.253754 0.296692 -0.040134
v -0.253754 0.296692 -0.051861
v -0.253754 0.296692 -0.087044
v -0.253754 0.296692 -0.096809
v -0.253754 0.296692 -0.130035
v -0.253754 0.296692 -0.139801
v -0.253754 -0.027718 0.006770
v -0.253754 -0.027718 0.039993
v -0.253754 -0.027718 0.051720
v -0.253754 -0.027718 0.088852
v -0.253754 -0.027718 0.096672
v -0.253754 -0.027718 0.129898
v -0.253754 -0.027718 0.139664
v -0.253754 -0.027718 -0.006911
v -0.253754 -0.027718 -0.040134
v -0.253754 -0.027718 -0.051861
v -0.253754 -0.027718 -0.087044
v -0.253754 -0.027718 -0.096809
v -0.253754 -0.027718 -0.130035
v -0.253754 -0.027718 -0.139801
v -0.253754 -0.201660 0.231522
v -0.253754 -0.201660 -0.231659
v -0.255707 -0.191879 0.231522
v -0.255707 -0.191879 -0.231659
v -0.255707 -0.227066 0.266693
v -0.255707 -0.227066 -0.266846
v -0.255707 -0.250519 0.223709
v -0.255707 -0.250519 -0.223846
v -0.255707 -0.252472 0.245209
v -0.255707 -0.252472 -0.245346
v -0.257660 -0.219238 0.182663
v -0.257660 -0.219238 -0.182800
v -0.257660 -0.232925 0.182663
v -0.257660 -0.232925 -0.182800
v -0.259613 -0.211426 0.182663
v -0.259613 -0.211426 0.272552
v -0.259613 -0.211426 -0.182800
v -0.259613 -0.211426 -0.272705
v -0.259613 -0.234879 0.272552
v -0.259613 -0.234879 -0.272705
v -0.259613 -0.250519 0.272552
v -0.259613 -0.250519 -0.272705
v -0.261566 -0.076576 -0.251221
v -0.261566 -0.096123 0.251068
v -0.261566 -0.127396 0.155304
v -0.261566 -0.127396 -0.153488
v -0.261566 -0.180161 0.231522
v -0.261566 -0.180161 -0.231659
v -0.261566 -0.197754 0.182663
v -0.261566 -0.197754 0.272552
v -0.261566 -0.197754 -0.182800
v -0.261566 -0.197754 -0.272705
v -0.261566 -0.205566 0.272552
v -0.261566 -0.205566 -0.272705
v -0.261566 -0.250519 0.182663
v -0.261566 -0.250519 -0.182800
v -0.261566 -0.268097 0.231522
v -0.261566 -0.268097 -0.231659
v -0.263519 -0.234879 0.276459
v -0.263519 -0.234879 -0.276611
v -0.265472 0.296692 0.014587
v -0.265472 0.296692 0.032177
v -0.265472 0.296692 0.061493
v -0.265472 0.296692 0.079079
v -0.265472 0.296692 0.108398
v -0.265472 0.296692 0.124031
v -0.265472 0.296692 -0.014729
v -0.265472 0.296692 -0.032318
v -0.265472 0.296692 -0.061634
v -0.265472 0.296692 -0.079224
v -0.265472 0.296692 -0.106583
v -0.265472 0.296692 -0.122215
v -0.265472 -0.027718 0.014587
v -0.265472 -0.027718 0.032177
v -0.265472 -0.027718 0.061493
v -0.265472 -0.027718 0.079079
v -0.265472 -0.027718 0.108398
v -0.265472 -0.027718 0.124031
v -0.265472 -0.027718 -0.014729
v -0.265472 -0.027718 -0.032318
v -0.265472 -0.027718 -0.061634
v -0.265472 -0.027718 -0.079224
v -0.265472 -0.027718 -0.106583
v -0.265472 -0.027718 -0.122215
v -0.265472 -0.127396 0.266693
v -0.265472 -0.127396 -0.266846
v -0.265472 -0.186020 0.272552
v -0.265472 -0.186020 -0.272705
v -0.265472 -0.189926 0.182663
v -0.265472 -0.189926 -0.182800
v -0.265472 -0.211426 0.276459
v -0.265472 -0.211426 -0.276611
v -0.265472 -0.230972 0.178757
v -0.265472 -0.230972 -0.178894
v -0.267426 0.290833 0.151398
v -0.267426 0.290833 -0.151535
v -0.267426 0.296692 0.151398
v -0.267426 0.296692 -0.149582
v -0.267426 0.296692 -0.151535
v -0.267426 -0.027718 0.151398
v -0.267426 -0.027718 -0.149582
v -0.267426 -0.027718 -0.151535
v -0.267426 -0.168427 0.231522
v -0.267426 -0.168427 -0.231659
v -0.267426 -0.205566 0.178757
v -0.267426 -0.205566 -0.178894
v -0.267426 -0.275909 0.231522
v -0.267426 -0.275909 -0.231659
v -0.269379 0.304535 0.157257
v -0.269379 0.304535 0.172897
v -0.269379 0.304535 -0.157394
v -0.269379 0.304535 -0.173035
v -0.269379 0.314301 0.157257
v -0.269379 0.314301 0.172897
v -0.269379 0.314301 -0.157394
v -0.269379 0.314301 -0.173035
v -0.269379 0.316254 0.157257
v -0.269379 0.316254 0.172897
v -0.269379 0.316254 -0.157394
v -0.269379 0.316254 -0.173035
v -0.269379 -0.031628 0.168976
v -0.269379 -0.031628 0.182663
v -0.269379 -0.031628 -0.167175
v -0.269379 -0.031628 -0.182800
v -0.269379 -0.039444 0.168976
v -0.269379 -0.039444 0.182663
v -0.269379 -0.039444 -0.167175
v -0.269379 -0.039444 -0.182800
v -0.269379 -0.051170 0.239334
v -0.269379 -0.051170 -0.241440
v -0.269379 -0.248566 0.178757
v -0.269379 -0.248566 -0.178894
v -0.269379 -0.270050 0.272552
v -0.269379 -0.270050 -0.272705
v -0.271332 -0.055077 0.243240
v -0.271332 -0.055077 -0.245346
v -0.271332 -0.060940 0.243240
v -0.271332 -0.060940 -0.245346
v -0.271332 -0.176254 0.182663
v -0.271332 -0.176254 0.272552
v -0.271332 -0.176254 -0.182800
v -0.271332 -0.176254 -0.272705
v -0.271332 -0.270050 0.182663
v -0.271332 -0.270050 -0.182800
v -0.273285 0.290833 0.151398
v -0.273285 0.290833 0.174850
v -0.273285 0.290833 -0.151535
v -0.273285 0.290833 -0.173035
v -0.273285 0.296692 0.151398
v -0.273285 0.296692 -0.151535
v -0.273285 0.316254 0.151398
v -0.273285 0.316254 -0.151535
v -0.273285 -0.027718 0.151398
v -0.273285 -0.027718 0.174850
v -0.273285 -0.027718 -0.151535
v -0.273285 -0.027718 -0.173035
v -0.273285 -0.043350 0.114258
v -0.273285 -0.043350 0.151398
v -0.273285 -0.043350 -0.114403
v -0.273285 -0.043350 -0.151535
v -0.273285 -0.051170 0.235428
v -0.273285 -0.060940 0.249115
v -0.275238 -0.062897 0.251068
v -0.275238 -0.268097 0.178757
v -0.275238 -0.268097 -0.178894
v -0.275238 -0.270050 0.276459
v -0.275238 -0.270050 -0.276611
v -0.277191 -0.055077 0.239334
v -0.277191 -0.060940 0.239334
v -0.277191 -0.060940 -0.245346
v -0.277191 -0.082436 0.256927
v -0.277191 -0.082436 0.264740
v -0.277191 -0.088303 0.251068
v -0.277191 -0.088303 0.268646
v -0.277191 -0.100029 0.251068
v -0.277191 -0.100029 -0.251221
v -0.277191 -0.158661 0.231522
v -0.277191 -0.158661 -0.231659
v -0.277191 -0.166473 0.272552
v -0.277191 -0.166473 -0.272705
v -0.279144 0.290833 0.151398
v -0.279144 0.290833 0.182663
v -0.279144 0.290833 -0.151535
v -0.279144 0.290833 -0.182800
v -0.279144 0.316254 0.151398
v -0.279144 0.316254 0.182663
v -0.279144 0.316254 -0.151535
v -0.279144 0.316254 -0.182800
v -0.279144 -0.027718 0.151398
v -0.279144 -0.027718 0.182663
v -0.279144 -0.027718 -0.151535
v -0.279144 -0.027718 -0.182800
v -0.279144 -0.051170 0.114258
v -0.279144 -0.051170 0.151398
v -0.279144 -0.051170 0.182663
v -0.279144 -0.051170 -0.114403
v -0.279144 -0.051170 -0.151535
v -0.279144 -0.051170 -0.182800
v -0.279144 -0.060940 0.243240
v -0.279144 -0.062897 0.245209
v -0.279144 -0.062897 -0.247299
v -0.279144 -0.096123 0.245209
v -0.279144 -0.166473 0.182663
v -0.279144 -0.166473 -0.182800
v -0.279144 -0.174301 0.276459
v -0.279144 -0.174301 -0.276611
v -0.279144 -0.178207 0.178757
v -0.279144 -0.178207 -0.178894
v -0.281097 -0.096123 0.264740
v -0.283051 -0.086349 0.114258
v -0.283051 -0.086349 0.124031
v -0.283051 -0.086349 0.125992
v -0.283051 -0.094162 0.114258
v -0.283051 -0.094162 0.124031
v -0.283051 -0.094162 0.125992
v -0.283051 -0.285706 0.182663
v -0.283051 -0.285706 -0.182800
v -0.283051 -0.287659 0.272552
v -0.283051 -0.287659 -0.272705
v -0.285034 -0.156708 0.272552
v -0.285034 -0.156708 -0.272705
v -0.285034 -0.297424 0.223709
v -0.285034 -0.297424 -0.223846
v -0.286987 -0.148895 0.231522
v -0.286987 -0.148895 -0.231659
v -0.288940 -0.221207 0.176804
v -0.288940 -0.221207 -0.176941
v -0.290894 -0.127396 0.155304
v -0.290894 -0.127396 0.241287
v -0.290894 -0.127396 -0.153488
v -0.290894 -0.127396 -0.241440
v -0.290894 -0.154755 0.182663
v -0.290894 -0.154755 -0.182800
v -0.292847 -0.215332 0.278412
v -0.292847 -0.215332 -0.278564
v -0.296753 -0.244644 0.278412
v -0.296753 -0.244644 -0.278564
v -0.296753 -0.250519 0.176804
v -0.296753 -0.250519 -0.176941
v -0.296753 -0.303284 0.245209
v -0.296753 -0.303284 -0.245346
v -0.298706 -0.082436 0.256927
v -0.298706 -0.096123 0.256927
v -0.298706 -0.141068 0.231522
v -0.298706 -0.141068 -0.231659
v -0.298706 -0.191879 0.176804
v -0.298706 -0.191879 -0.176941
v -0.298706 -0.217285 0.276459
v -0.298706 -0.217285 -0.276611
v -0.298706 -0.221207 0.178757
v -0.298706 -0.221207 -0.178894
v -0.298706 -0.305237 0.223709
v -0.298706 -0.305237 -0.223846
v -0.300659 -0.060940 -0.225800
v -0.300659 -0.146927 0.272552
v -0.300659 -0.146927 -0.272705
v -0.300659 -0.148895 0.182663
v -0.300659 -0.148895 -0.182800
v -0.300659 -0.217285 0.262787
v -0.300659 -0.217285 -0.262939
v -0.300659 -0.221207 0.184616
v -0.300659 -0.221207 -0.184753
v -0.300659 -0.301331 0.272552
v -0.300659 -0.301331 -0.272705
v -0.302612 -0.062897 -0.227753
v -0.302612 -0.080482 -0.055771
v -0.302612 -0.080482 -0.090950
v -0.302612 -0.084396 -0.096809
v -0.302612 -0.088303 0.251068
v -0.302612 -0.096123 -0.096809
v -0.302612 -0.098076 -0.055771
v -0.302612 -0.098076 -0.090950
v -0.302612 -0.139114 0.155304
v -0.302612 -0.139114 -0.153488
v -0.302612 -0.299377 0.182663
v -0.302612 -0.299377 -0.182800
v -0.304565 -0.123482 0.272552
v -0.304565 -0.123482 -0.272705
v -0.304565 -0.187973 0.278412
v -0.304565 -0.187973 -0.278564
v -0.304565 -0.240738 0.262787
v -0.304565 -0.240738 -0.262939
v -0.304565 -0.242691 0.276459
v -0.304565 -0.242691 -0.276611
v -0.304565 -0.295471 0.178757
v -0.304565 -0.295471 0.276459
v -0.304565 -0.295471 -0.178894
v -0.304565 -0.295471 -0.276611
v -0.306519 -0.051170 0.206116
v -0.306519 -0.051170 -0.198441
v -0.306519 -0.080482 0.092758
v -0.306519 -0.080482 0.108398
v -0.306519 -0.080482 0.114258
v -0.306519 -0.080482 0.124031
v -0.306519 -0.080482 -0.092903
v -0.306519 -0.080482 -0.108536
v -0.306519 -0.080482 -0.118309
v -0.306519 -0.080482 -0.124176
v -0.306519 -0.100029 0.092758
v -0.306519 -0.100029 0.108398
v -0.306519 -0.100029 0.114258
v -0.306519 -0.100029 0.124031
v -0.306519 -0.100029 -0.092903
v -0.306519 -0.100029 -0.108536
v -0.306519 -0.100029 -0.110489
v -0.306519 -0.100029 -0.114403
v -0.306519 -0.100029 -0.118309
v -0.306519 -0.100029 -0.124176
v -0.306519 -0.101982 0.114258
v -0.306519 -0.101982 0.124031
v -0.306519 -0.105888 -0.108536
v -0.306519 -0.105888 -0.116356
v -0.306519 -0.107849 0.092758
v -0.306519 -0.107849 0.100578
v -0.306519 -0.107849 0.108398
v -0.306519 -0.107849 -0.092903
v -0.306519 -0.107849 -0.102676
v -0.306519 -0.107849 -0.110489
v -0.306519 -0.154755 0.178757
v -0.306519 -0.154755 -0.178894
v -0.306519 -0.199707 0.178757
v -0.306519 -0.199707 -0.178894
v -0.306519 -0.244644 0.178757
v -0.306519 -0.244644 0.184616
v -0.306519 -0.244644 -0.178894
v -0.306519 -0.244644 -0.184753
v -0.308472 -0.082436 0.264740
v -0.308472 -0.088303 0.245209
v -0.308472 -0.088303 0.266693
v -0.308472 -0.096123 0.262787
v -0.308472 -0.137161 0.227615
v -0.308472 -0.137161 -0.227753
v -0.308472 -0.150848 0.276459
v -0.308472 -0.150848 -0.276611
v -0.308472 -0.197754 0.184616
v -0.308472 -0.197754 -0.184753
v -0.310425 -0.055077 0.206116
v -0.310425 -0.055077 -0.198441
v -0.310425 -0.060940 0.206116
v -0.310425 -0.060940 -0.198441
v -0.310425 -0.082436 0.251068
v -0.310425 -0.088303 0.231522
v -0.310425 -0.096123 0.251068
v -0.310425 -0.193832 0.262787
v -0.310425 -0.193832 0.276459
v -0.310425 -0.193832 -0.262939
v -0.310425 -0.193832 -0.276611
v -0.312378 -0.244644 0.262787
v -0.312378 -0.244644 -0.262939
v -0.314331 -0.082436 0.237381
v -0.314331 -0.096123 0.237381
v -0.314331 -0.137161 0.262787
v -0.314331 -0.137161 -0.262939
v -0.314331 -0.141068 0.272552
v -0.314331 -0.141068 -0.272705
v -0.314331 -0.143021 0.182663
v -0.314331 -0.143021 -0.182800
v -0.314331 -0.242691 0.270599
v -0.314331 -0.242691 -0.270752
v -0.316284 -0.060940 0.210022
v -0.316284 -0.060940 -0.200394
v -0.316284 -0.217285 0.262787
v -0.316284 -0.217285 -0.262939
v -0.316284 -0.236832 0.262787
v -0.316284 -0.236832 -0.262939
v -0.316284 -0.238785 0.270599
v -0.316284 -0.238785 -0.270752
v -0.316284 -0.266144 0.278412
v -0.316284 -0.266144 -0.278564
v -0.316284 -0.311096 0.247162
v -0.316284 -0.311096 -0.247299
v -0.318237 -0.062897 -0.200394
v -0.318237 -0.076576 0.092758
v -0.318237 -0.076576 0.108398
v -0.318237 -0.076576 -0.092903
v -0.318237 -0.076576 -0.108536
v -0.318237 -0.076576 -0.200394
v -0.318237 -0.078529 0.002861
v -0.318237 -0.078529 0.010678
v -0.318237 -0.078529 -0.022547
v -0.318237 -0.078529 -0.032318
v -0.318237 -0.084396 0.016541
v -0.318237 -0.084396 -0.001048
v -0.318237 -0.084396 -0.018637
v -0.318237 -0.084396 -0.036228
v -0.318237 -0.092209 0.016541
v -0.318237 -0.092209 -0.001048
v -0.318237 -0.092209 -0.018637
v -0.318237 -0.092209 -0.036228
v -0.318237 -0.098076 0.002861
v -0.318237 -0.098076 0.010678
v -0.318237 -0.098076 -0.022547
v -0.318237 -0.098076 -0.032318
v -0.318237 -0.100029 0.092758
v -0.318237 -0.100029 0.108398
v -0.318237 -0.100029 -0.092903
v -0.318237 -0.100029 -0.108536
v -0.318237 -0.205566 0.262787
v -0.318237 -0.205566 -0.262939
v -0.318237 -0.219238 0.270599
v -0.318237 -0.219238 -0.270752
v -0.318237 -0.223160 0.270599
v -0.318237 -0.223160 -0.270752
v -0.318237 -0.225113 0.262787
v -0.318237 -0.225113 -0.262939
v -0.318237 -0.246613 0.262787
v -0.318237 -0.246613 -0.262939
v -0.318237 -0.270050 0.176804
v -0.318237 -0.270050 -0.176941
v -0.320190 -0.062897 0.210022
v -0.320190 -0.082436 0.210022
v -0.320190 -0.088303 0.192429
v -0.320190 -0.096123 0.210022
v -0.320190 -0.100029 0.210022
v -0.320190 -0.100029 -0.210159
v -0.320190 -0.197754 0.262787
v -0.320190 -0.197754 -0.262939
v -0.320190 -0.203613 0.270599
v -0.320190 -0.203613 -0.270752
v -0.320190 -0.240738 0.270599
v -0.320190 -0.240738 -0.270752
v -0.320190 -0.244644 0.270599
v -0.320190 -0.244644 -0.270752
v -0.322144 -0.172333 0.176804
v -0.322144 -0.172333 -0.176941
v -0.322144 -0.199707 0.270599
v -0.322144 -0.199707 -0.270752
v -0.322144 -0.219238 0.262787
v -0.322144 -0.219238 -0.262939
v -0.322144 -0.223160 0.155304
v -0.322144 -0.223160 0.184616
v -0.322144 -0.223160 -0.153488
v -0.322144 -0.223160 -0.184753
v -0.322144 -0.240738 0.262787
v -0.322144 -0.240738 -0.262939
v -0.322144 -0.260284 0.184616
v -0.322144 -0.260284 0.262787
v -0.322144 -0.260284 -0.184753
v -0.322144 -0.260284 -0.262939
v -0.322144 -0.262238 0.178757
v -0.322144 -0.262238 0.276459
v -0.322144 -0.262238 -0.178894
v -0.322144 -0.262238 -0.276611
v -0.322144 -0.309143 0.182663
v -0.322144 -0.309143 0.272552
v -0.322144 -0.309143 -0.182800
v -0.322144 -0.309143 -0.272705
v -0.324097 -0.082436 0.251068
v -0.324097 -0.096123 0.251068
v -0.324097 -0.135208 0.266693
v -0.324097 -0.135208 -0.266846
v -0.324097 -0.209473 0.262787
v -0.324097 -0.209473 -0.262939
v -0.324097 -0.215332 0.262787
v -0.324097 -0.215332 -0.262939
v -0.324097 -0.217285 0.270599
v -0.324097 -0.217285 -0.270752
v -0.324097 -0.223160 0.270599
v -0.324097 -0.223160 -0.270752
v -0.324097 -0.315002 0.231522
v -0.324097 -0.315002 -0.231659
v -0.326050 -0.082436 0.210022
v -0.326050 -0.082436 0.231522
v -0.326050 -0.088303 0.253021
v -0.326050 -0.096123 0.210022
v -0.326050 -0.096123 0.231522
v -0.326050 -0.182114 0.178757
v -0.326050 -0.182114 0.184616
v -0.326050 -0.182114 -0.178894
v -0.326050 -0.182114 -0.184753
v -0.326050 -0.201660 0.270599
v -0.326050 -0.201660 -0.270752
v -0.326050 -0.207520 0.155304
v -0.326050 -0.207520 0.270599
v -0.326050 -0.207520 -0.153488
v -0.326050 -0.207520 -0.270752
v -0.326050 -0.209473 0.184616
v -0.326050 -0.209473 -0.184753
v -0.326050 -0.221207 0.274506
v -0.326050 -0.221207 -0.274658
v -0.326050 -0.225113 0.262787
v -0.326050 -0.225113 -0.262939
v -0.328003 -0.199707 0.262787
v -0.328003 -0.199707 -0.262939
v -0.328003 -0.236832 0.262787
v -0.328003 -0.236832 -0.262939
v -0.329956 -0.080482 0.028267
v -0.329956 -0.080482 0.129898
v -0.329956 -0.080482 -0.090950
v -0.329956 -0.080482 -0.098763
v -0.329956 -0.084396 -0.104630
v -0.329956 -0.088303 0.208069
v -0.329956 -0.088303 0.231522
v -0.329956 -0.088303 -0.088997
v -0.329956 -0.090256 0.028267
v -0.329956 -0.090256 0.129898
v -0.329956 -0.092209 -0.104630
v -0.329956 -0.096123 -0.090950
v -0.329956 -0.096123 -0.098763
v -0.329956 -0.137161 0.182663
v -0.329956 -0.137161 -0.182800
v -0.329956 -0.172333 0.278412
v -0.329956 -0.172333 -0.278564
v -0.329956 -0.234879 0.274506
v -0.329956 -0.234879 -0.274658
v -0.329956 -0.240738 0.184616
v -0.329956 -0.240738 -0.184753
v -0.331909 -0.100029 0.100578
v -0.331909 -0.100029 0.104485
v -0.331909 -0.100029 0.108398
v -0.331909 -0.100029 -0.102676
v -0.331909 -0.100029 -0.104630
v -0.331909 -0.100029 -0.110489
v -0.331909 -0.100029 -0.114403
v -0.331909 -0.107849 0.100578
v -0.331909 -0.107849 0.104485
v -0.331909 -0.107849 0.108398
v -0.331909 -0.107849 -0.102676
v -0.331909 -0.107849 -0.104630
v -0.331909 -0.107849 -0.110489
v -0.331909 -0.178207 0.276459
v -0.331909 -0.178207 -0.276611
v -0.331909 -0.180161 0.262787
v -0.331909 -0.180161 -0.262939
v -0.331909 -0.205566 0.262787
v -0.331909 -0.205566 -0.262939
v -0.331909 -0.238785 0.155304
v -0.331909 -0.238785 -0.153488
v -0.333893 -0.094162 0.030222
v -0.333893 -0.094162 0.127945
v -0.333893 -0.137161 0.272552
v -0.333893 -0.137161 -0.272705
v -0.335846 -0.078529 -0.100723
v -0.335846 -0.080482 -0.090950
v -0.335846 -0.080482 -0.106583
v -0.335846 -0.088303 -0.088997
v -0.335846 -0.088303 -0.108536
v -0.335846 -0.094162 -0.106583
v -0.335846 -0.096123 -0.090950
v -0.335846 -0.098076 -0.100723
v -0.335846 -0.199707 0.184616
v -0.335846 -0.199707 -0.184753
v -0.337799 -0.080482 0.196350
v -0.337799 -0.080482 -0.094856
v -0.337799 -0.088303 -0.092903
v -0.337799 -0.090256 0.157257
v -0.337799 -0.090256 0.196350
v -0.337799 -0.094162 -0.094856
v -0.337799 -0.096123 0.032177
v -0.337799 -0.096123 0.125992
v -0.337799 -0.100029 0.196350
v -0.337799 -0.100029 -0.196487
v -0.339752 -0.078529 0.012632
v -0.339752 -0.078529 0.032177
v -0.339752 -0.078529 0.125992
v -0.339752 -0.078529 -0.034271
v -0.339752 -0.080482 0.157257
v -0.339752 -0.084396 0.016541
v -0.339752 -0.084396 -0.001048
v -0.339752 -0.084396 -0.040134
v -0.339752 -0.090256 -0.001048
v -0.339752 -0.092209 0.016541
v -0.339752 -0.092209 -0.040134
v -0.339752 -0.094162 0.196350
v -0.339752 -0.094162 -0.196487
v -0.339752 -0.098076 0.012632
v -0.339752 -0.098076 -0.034271
v -0.339752 -0.197754 0.155304
v -0.339752 -0.197754 -0.153488
v -0.339752 -0.248566 0.262787
v -0.339752 -0.248566 -0.262939
v -0.341705 -0.078529 0.002861
v -0.341705 -0.078529 -0.026455
v -0.341705 -0.084396 -0.022547
v -0.341705 -0.092209 -0.022547
v -0.341705 -0.098076 0.002861
v -0.341705 -0.098076 -0.026455
v -0.341705 -0.100029 0.153351
v -0.341705 -0.100029 0.229568
v -0.341705 -0.100029 -0.169128
v -0.341705 -0.100029 -0.229706
v -0.341705 -0.197754 0.262787
v -0.341705 -0.197754 -0.262939
v -0.341705 -0.248566 0.270599
v -0.341705 -0.248566 -0.270752
v -0.343658 -0.076576 0.194382
v -0.343658 -0.094162 0.155304
v -0.343658 -0.094162 0.227615
v -0.343658 -0.094162 -0.169128
v -0.343658 -0.094162 -0.227753
v -0.343658 -0.096123 0.149445
v -0.343658 -0.143021 0.276459
v -0.343658 -0.143021 -0.276611
v -0.343658 -0.199707 0.262787
v -0.343658 -0.199707 -0.262939
v -0.343658 -0.203613 0.274506
v -0.343658 -0.203613 -0.274658
v -0.343658 -0.311096 0.182663
v -0.343658 -0.311096 0.272552
v -0.343658 -0.311096 -0.182800
v -0.343658 -0.311096 -0.272705
v -0.345612 -0.080482 0.034130
v -0.345612 -0.080482 0.122078
v -0.345612 -0.084396 0.000906
v -0.345612 -0.084396 0.008724
v -0.345612 -0.084396 -0.028410
v -0.345612 -0.084396 -0.034271
v -0.345612 -0.090256 0.000906
v -0.345612 -0.090256 0.008724
v -0.345612 -0.090256 -0.028410
v -0.345612 -0.090256 -0.034271
v -0.345612 -0.094162 0.034130
v -0.345612 -0.094162 0.122078
v -0.345612 -0.197754 0.184616
v -0.345612 -0.197754 -0.184753
v -0.345612 -0.201660 0.262787
v -0.345612 -0.201660 -0.262939
v -0.345612 -0.242691 0.274506
v -0.345612 -0.242691 -0.274658
v -0.345612 -0.244644 0.262787
v -0.345612 -0.244644 -0.262939
v -0.345612 -0.246613 0.184616
v -0.345612 -0.246613 -0.184753
v -0.345612 -0.252472 0.270599
v -0.345612 -0.252472 -0.270752
v -0.345612 -0.254425 0.262787
v -0.345612 -0.254425 -0.262939
v -0.345612 -0.266144 0.184616
v -0.345612 -0.266144 0.262787
v -0.345612 -0.266144 -0.184753
v -0.345612 -0.266144 -0.262939
v -0.345612 -0.268097 0.178757
v -0.345612 -0.268097 0.276459
v -0.345612 -0.268097 -0.178894
v -0.345612 -0.268097 -0.276611
v -0.345612 -0.275909 0.278412
v -0.345612 -0.275909 -0.278564
v -0.345612 -0.279816 0.176804
v -0.345612 -0.279816 -0.176941
v -0.345612 -0.305237 0.178757
v -0.345612 -0.305237 0.276459
v -0.345612 -0.305237 -0.178894
v -0.345612 -0.305237 -0.276611
v -0.345612 -0.315002 0.211975
v -0.345612 -0.315002 0.253021
v -0.345612 -0.315002 -0.212112
v -0.345612 -0.315002 -0.253174
v -0.347565 -0.035534 0.194382
v -0.347565 -0.041397 0.194382
v -0.347565 -0.080482 0.225662
v -0.347565 -0.090256 0.225662
v -0.347565 -0.197754 0.270599
v -0.347565 -0.197754 -0.270752
v -0.347565 -0.244644 0.155304
v -0.347565 -0.244644 -0.153488
v -0.347565 -0.248566 0.270599
v -0.347565 -0.248566 -0.270752
v -0.347565 -0.258331 0.155304
v -0.347565 -0.258331 -0.153488
v -0.347565 -0.260284 0.153351
v -0.347565 -0.260284 -0.151535
v -0.349518 -0.037491 0.194382
v -0.349518 -0.193832 0.262787
v -0.349518 -0.193832 -0.262939
v -0.349518 -0.199707 0.262787
v -0.349518 -0.199707 -0.262939
v -0.349518 -0.246613 0.153351
v -0.349518 -0.246613 -0.151535
v -0.349518 -0.248566 0.262787
v -0.349518 -0.248566 -0.262939
v -0.349518 -0.258331 0.153351
v -0.349518 -0.258331 -0.151535
v -0.353424 -0.076576 0.167023
v -0.353424 -0.076576 0.219788
v -0.353424 -0.137161 0.182663
v -0.353424 -0.137161 -0.182800
v -0.353424 -0.197754 0.155304
v -0.353424 -0.197754 -0.153488
v -0.355377 -0.094162 0.143570
v -0.355377 -0.199707 0.184616
v -0.355377 -0.199707 -0.184753
v -0.357330 -0.035534 0.170929
v -0.357330 -0.035534 0.215881
v -0.357330 -0.041397 0.170929
v -0.357330 -0.041397 0.215881
v -0.357330 -0.078529 0.147476
v -0.357330 -0.080482 0.143570
v -0.357330 -0.178207 0.276459
v -0.357330 -0.178207 -0.276611
v -0.357330 -0.180161 0.262787
v -0.357330 -0.180161 -0.262939
v -0.357330 -0.207520 0.274506
v -0.357330 -0.207520 -0.274658
v -0.359283 -0.037491 0.172897
v -0.359283 -0.037491 0.213928
v -0.359283 -0.172333 0.278412
v -0.359283 -0.172333 -0.278564
v -0.359283 -0.205566 0.262787
v -0.359283 -0.205566 -0.262939
v -0.359283 -0.238785 0.155304
v -0.359283 -0.238785 -0.153488
v -0.361237 -0.080482 -0.036228
v -0.361237 -0.090256 -0.036228
v -0.361237 -0.100029 0.145523
v -0.361237 -0.100029 0.251068
v -0.361237 -0.100029 -0.149582
v -0.361237 -0.100029 -0.251221
v -0.361237 -0.234879 0.274506
v -0.361237 -0.234879 -0.274658
v -0.361237 -0.240738 0.184616
v -0.361237 -0.240738 -0.184753
v -0.363190 -0.094162 0.147476
v -0.363190 -0.094162 0.249115
v -0.363190 -0.094162 -0.151535
v -0.363190 -0.094162 -0.249252
v -0.363190 -0.236832 0.262787
v -0.363190 -0.236832 -0.262939
v -0.365143 -0.094162 -0.034271
v -0.365143 -0.182114 0.178757
v -0.365143 -0.182114 0.184616
v -0.365143 -0.182114 -0.178894
v -0.365143 -0.182114 -0.184753
v -0.365143 -0.207520 0.155304
v -0.365143 -0.207520 -0.153488
v -0.365143 -0.209473 0.184616
v -0.365143 -0.209473 -0.184753
v -0.365143 -0.221207 0.274506
v -0.365143 -0.221207 -0.274658
v -0.365143 -0.315002 0.231522
v -0.365143 -0.315002 -0.231659
v -0.367096 -0.199707 0.262787
v -0.367096 -0.199707 -0.262939
v -0.367096 -0.201660 0.270599
v -0.367096 -0.201660 -0.270752
v -0.367096 -0.207520 0.270599
v -0.367096 -0.207520 -0.270752
v -0.369049 -0.078529 -0.030363
v -0.369049 -0.096123 -0.030363
v -0.369049 -0.172333 0.176804
v -0.369049 -0.172333 -0.176941
v -0.369049 -0.209473 0.262787
v -0.369049 -0.209473 -0.262939
v -0.369049 -0.219238 0.262787
v -0.369049 -0.219238 -0.262939
v -0.369049 -0.223160 0.155304
v -0.369049 -0.223160 0.184616
v -0.369049 -0.223160 -0.153488
v -0.369049 -0.223160 -0.184753
v -0.369049 -0.260284 0.184616
v -0.369049 -0.260284 0.262787
v -0.369049 -0.260284 -0.184753
v -0.369049 -0.260284 -0.262939
v -0.369049 -0.262238 0.178757
v -0.369049 -0.262238 0.276459
v -0.369049 -0.262238 -0.178894
v -0.369049 -0.262238 -0.276611
v -0.369049 -0.309143 0.182663
v -0.369049 -0.309143 0.272552
v -0.369049 -0.309143 -0.182800
v -0.369049 -0.309143 -0.272705
v -0.371002 -0.199707 0.270599
v -0.371002 -0.199707 -0.270752
v -0.371002 -0.240738 0.262787
v -0.371002 -0.240738 0.270599
v -0.371002 -0.240738 -0.262939
v -0.371002 -0.240738 -0.270752
v -0.372955 -0.197754 0.262787
v -0.372955 -0.197754 -0.262939
v -0.372955 -0.203613 0.270599
v -0.372955 -0.203613 -0.270752
v -0.372955 -0.244644 0.270599
v -0.372955 -0.244644 -0.270752
v -0.372955 -0.246613 0.262787
v -0.372955 -0.246613 -0.262939
v -0.372955 -0.268097 0.278412
v -0.372955 -0.268097 -0.278564
v -0.372955 -0.270050 0.176804
v -0.372955 -0.270050 -0.176941
v -0.374908 -0.080482 -0.028410
v -0.374908 -0.094162 -0.028410
v -0.374908 -0.137161 0.262787
v -0.374908 -0.137161 -0.262939
v -0.374908 -0.141068 0.272552
v -0.374908 -0.141068 -0.272705
v -0.374908 -0.143021 0.182663
v -0.374908 -0.143021 -0.182800
v -0.374908 -0.205566 0.262787
v -0.374908 -0.205566 -0.262939
v -0.374908 -0.225113 0.262787
v -0.374908 -0.225113 -0.262939
v -0.374908 -0.311096 0.247162
v -0.374908 -0.311096 -0.247299
v -0.376862 -0.215332 0.262787
v -0.376862 -0.215332 -0.262939
v -0.376862 -0.217285 0.270599
v -0.376862 -0.217285 -0.270752
v -0.376862 -0.223160 0.270599
v -0.376862 -0.223160 -0.270752
v -0.376862 -0.236832 0.262787
v -0.376862 -0.236832 -0.262939
v -0.376862 -0.238785 0.270599
v -0.376862 -0.238785 -0.270752
v -0.376862 -0.242691 0.270599
v -0.376862 -0.242691 -0.270752
v -0.378815 -0.035534 0.161163
v -0.378815 -0.035534 0.223709
v -0.378815 -0.037491 0.165070
v -0.378815 -0.037491 0.221756
v -0.378815 -0.041397 0.161163
v -0.378815 -0.041397 0.225662
v -0.378815 -0.076576 0.157257
v -0.378815 -0.076576 0.229568
v -0.378815 -0.080482 0.149445
v -0.378815 -0.080482 0.237381
v -0.378815 -0.090256 0.149445
v -0.378815 -0.090256 0.237381
v -0.378815 -0.123482 0.272552
v -0.378815 -0.123482 -0.272705
v -0.378815 -0.137161 0.227615
v -0.378815 -0.137161 -0.227753
v -0.378815 -0.139114 0.155304
v -0.378815 -0.139114 -0.153488
v -0.378815 -0.244644 0.262787
v -0.378815 -0.244644 -0.262939
v -0.380768 -0.094162 0.147476
v -0.380768 -0.094162 0.251068
v -0.380768 -0.094162 -0.147629
v -0.380768 -0.094162 -0.251221
v -0.380768 -0.100029 0.145523
v -0.380768 -0.100029 0.253021
v -0.380768 -0.100029 0.288208
v -0.380768 -0.100029 -0.145676
v -0.380768 -0.100029 -0.253174
v -0.380768 -0.100029 -0.288330
v -0.380768 -0.101982 0.292114
v -0.380768 -0.101982 -0.292236
v -0.380768 -0.121529 0.292114
v -0.380768 -0.121529 -0.292236
v -0.380768 -0.123482 0.290161
v -0.380768 -0.123482 -0.290283
v -0.380768 -0.150848 0.276459
v -0.380768 -0.150848 -0.276611
v -0.380768 -0.193832 0.262787
v -0.380768 -0.193832 0.276459
v -0.380768 -0.193832 -0.262939
v -0.380768 -0.193832 -0.276611
v -0.382751 -0.197754 0.184616
v -0.382751 -0.197754 -0.184753
v -0.382751 -0.219238 0.270599
v -0.382751 -0.219238 -0.270752
v -0.382751 -0.223160 0.270599
v -0.382751 -0.223160 -0.270752
v -0.384705 -0.154755 0.178757
v -0.384705 -0.154755 -0.178894
v -0.384705 -0.199707 0.178757
v -0.384705 -0.199707 -0.178894
v -0.384705 -0.217285 0.262787
v -0.384705 -0.217285 -0.262939
v -0.384705 -0.225113 0.262787
v -0.384705 -0.225113 -0.262939
v -0.384705 -0.244644 0.178757
v -0.384705 -0.244644 0.184616
v -0.384705 -0.244644 -0.178894
v -0.384705 -0.244644 -0.184753
v -0.384705 -0.295471 0.178757
v -0.384705 -0.295471 0.276459
v -0.384705 -0.295471 -0.178894
v -0.384705 -0.295471 -0.276611
v -0.386658 -0.187973 0.278412
v -0.386658 -0.187973 -0.278564
v -0.386658 -0.240738 0.262787
v -0.386658 -0.240738 -0.262939
v -0.386658 -0.242691 0.276459
v -0.386658 -0.242691 -0.276611
v -0.388611 -0.146927 0.272552
v -0.388611 -0.146927 -0.272705
v -0.388611 -0.299377 0.182663
v -0.388611 -0.299377 -0.182800
v -0.390564 -0.123482 0.155304
v -0.390564 -0.123482 0.247162
v -0.390564 -0.123482 -0.153488
v -0.390564 -0.123482 -0.247299
v -0.390564 -0.141068 0.231522
v -0.390564 -0.141068 -0.231659
v -0.390564 -0.148895 0.182663
v -0.390564 -0.148895 -0.182800
v -0.390564 -0.217285 0.262787
v -0.390564 -0.217285 0.276459
v -0.390564 -0.217285 -0.262939
v -0.390564 -0.217285 -0.276611
v -0.390564 -0.221207 0.178757
v -0.390564 -0.221207 0.184616
v -0.390564 -0.221207 -0.178894
v -0.390564 -0.221207 -0.184753
v -0.390564 -0.301331 0.272552
v -0.390564 -0.301331 -0.272705
v -0.390564 -0.305237 0.223709
v -0.390564 -0.305237 -0.223846
v -0.392517 -0.191879 0.176804
v -0.392517 -0.191879 -0.176941
v -0.392517 -0.244644 0.278412
v -0.392517 -0.244644 -0.278564
v -0.392517 -0.250519 0.176804
v -0.392517 -0.250519 -0.176941
v -0.394470 -0.303284 0.245209
v -0.394470 -0.303284 -0.245346
v -0.398376 -0.037491 0.172897
v -0.398376 -0.037491 0.213928
v -0.398376 -0.215332 0.278412
v -0.398376 -0.215332 -0.278564
v -0.400330 -0.035534 0.170929
v -0.400330 -0.035534 0.215881
v -0.400330 -0.154755 0.182663
v -0.400330 -0.154755 -0.182800
v -0.400330 -0.221207 0.176804
v -0.400330 -0.221207 -0.176941
v -0.402283 -0.041397 0.170929
v -0.402283 -0.041397 0.215881
v -0.402283 -0.148895 0.231522
v -0.402283 -0.148895 -0.231659
v -0.404236 -0.156708 0.272552
v -0.404236 -0.156708 -0.272705
v -0.404236 -0.297424 0.223709
v -0.404236 -0.297424 -0.223846
v -0.406189 -0.076576 0.167023
v -0.406189 -0.076576 0.219788
v -0.406189 -0.285706 0.182663
v -0.406189 -0.285706 -0.182800
v -0.408142 -0.037491 0.194382
v -0.408142 -0.287659 0.272552
v -0.408142 -0.287659 -0.272705
v -0.410095 -0.035534 0.194382
v -0.410095 -0.041397 0.194382
v -0.410095 -0.080482 0.163116
v -0.410095 -0.080482 0.225662
v -0.410095 -0.090256 0.163116
v -0.410095 -0.090256 0.225662
v -0.410095 -0.174301 0.276459
v -0.410095 -0.174301 -0.276611
v -0.412048 -0.094162 0.151398
v -0.412048 -0.094162 0.247162
v -0.412048 -0.094162 -0.151535
v -0.412048 -0.094162 -0.247299
v -0.412048 -0.100029 0.149445
v -0.412048 -0.100029 0.247162
v -0.412048 -0.100029 -0.149582
v -0.412048 -0.100029 -0.247299
v -0.412048 -0.125443 0.153351
v -0.412048 -0.125443 0.178757
v -0.412048 -0.125443 -0.151535
v -0.412048 -0.125443 -0.178894
v -0.412048 -0.166473 0.182663
v -0.412048 -0.166473 0.272552
v -0.412048 -0.166473 -0.182800
v -0.412048 -0.166473 -0.272705
v -0.412048 -0.178207 0.178757
v -0.412048 -0.178207 -0.178894
v -0.412048 -0.248566 0.153351
v -0.412048 -0.248566 0.178757
v -0.412048 -0.248566 -0.151535
v -0.412048 -0.248566 -0.178894
v -0.414001 -0.158661 0.231522
v -0.414001 -0.158661 -0.231659
v -0.414001 -0.268097 0.178757
v -0.414001 -0.268097 -0.178894
v -0.414001 -0.270050 0.276459
v -0.414001 -0.270050 -0.276611
v -0.415955 -0.076576 0.194382
v -0.415955 -0.080482 -0.092903
v -0.415955 -0.088303 -0.092903
v -0.417908 -0.094162 -0.088997
v -0.417908 -0.100029 0.278412
v -0.417908 -0.100029 -0.278564
v -0.417908 -0.101982 0.282349
v -0.417908 -0.101982 -0.282471
v -0.417908 -0.121529 0.282349
v -0.417908 -0.121529 -0.282471
v -0.417908 -0.123482 0.278412
v -0.417908 -0.123482 -0.278564
v -0.419861 -0.078529 -0.083130
v -0.419861 -0.096123 -0.083130
v -0.419861 -0.127396 0.182663
v -0.419861 -0.127396 -0.182800
v -0.419861 -0.137161 0.061493
v -0.419861 -0.137161 -0.061634
v -0.419861 -0.139114 0.061493
v -0.419861 -0.139114 0.063446
v -0.419861 -0.139114 -0.061634
v -0.419861 -0.139114 -0.063591
v -0.419861 -0.176254 0.182663
v -0.419861 -0.176254 0.272552
v -0.419861 -0.176254 -0.182800
v -0.419861 -0.176254 -0.272705
v -0.419861 -0.211426 0.061493
v -0.419861 -0.211426 0.063446
v -0.419861 -0.211426 -0.061634
v -0.419861 -0.211426 -0.063591
v -0.419861 -0.213379 0.063446
v -0.419861 -0.213379 -0.061634
v -0.419861 -0.248566 0.178757
v -0.419861 -0.248566 0.182663
v -0.419861 -0.248566 -0.178894
v -0.419861 -0.248566 -0.182800
v -0.419861 -0.270050 0.182663
v -0.419861 -0.270050 -0.182800
v -0.421814 -0.168427 0.231522
v -0.421814 -0.168427 -0.231659
v -0.421814 -0.270050 0.272552
v -0.421814 -0.270050 -0.272705
v -0.423767 -0.080482 0.194382
v -0.423767 -0.080482 -0.075317
v -0.423767 -0.090256 0.194382
v -0.423767 -0.094162 -0.075317
v -0.423767 -0.205566 0.178757
v -0.423767 -0.205566 -0.178894
v -0.423767 -0.275909 0.231522
v -0.423767 -0.275909 -0.231659
v -0.425720 -0.125443 0.186569
v -0.425720 -0.125443 -0.186707
v -0.425720 -0.186020 0.272552
v -0.425720 -0.186020 -0.272705
v -0.425720 -0.189926 0.182663
v -0.425720 -0.189926 -0.182800
v -0.425720 -0.211426 0.276459
v -0.425720 -0.211426 -0.276611
v -0.425720 -0.230972 0.178757
v -0.425720 -0.230972 -0.178894
v -0.425720 -0.234879 0.276459
v -0.425720 -0.234879 -0.276611
v -0.425720 -0.248566 0.186569
v -0.425720 -0.248566 -0.186707
v -0.427673 -0.160614 -0.001048
v -0.427673 -0.182114 -0.001048
v -0.427673 -0.207520 -0.001048
v -0.427673 -0.250519 0.182663
v -0.427673 -0.250519 -0.182800
v -0.429657 -0.094162 0.233475
v -0.429657 -0.094162 -0.233612
v -0.429657 -0.156708 -0.001048
v -0.429657 -0.180161 0.231522
v -0.429657 -0.180161 -0.231659
v -0.429657 -0.186020 -0.001048
v -0.429657 -0.197754 0.182663
v -0.429657 -0.197754 0.272552
v -0.429657 -0.197754 -0.182800
v -0.429657 -0.197754 -0.272705
v -0.429657 -0.201660 -0.001048
v -0.429657 -0.205566 0.272552
v -0.429657 -0.205566 -0.272705
v -0.429657 -0.250519 0.272552
v -0.429657 -0.250519 -0.272705
v -0.429657 -0.268097 0.231522
v -0.429657 -0.268097 -0.231659
v -0.431610 -0.100029 0.235428
v -0.431610 -0.100029 -0.235565
v -0.431610 -0.160614 0.012632
v -0.431610 -0.160614 -0.014729
v -0.431610 -0.164520 -0.001048
v -0.431610 -0.180161 -0.001048
v -0.431610 -0.182114 0.012632
v -0.431610 -0.182114 -0.014729
v -0.431610 -0.207520 0.012632
v -0.431610 -0.207520 -0.014729
v -0.431610 -0.209473 -0.001048
v -0.431610 -0.211426 0.182663
v -0.431610 -0.211426 0.272552
v -0.431610 -0.211426 -0.182800
v -0.431610 -0.211426 -0.272705
v -0.431610 -0.234879 0.272552
v -0.431610 -0.234879 -0.272705
v -0.431610 -0.248566 0.180710
v -0.431610 -0.248566 -0.180847
v -0.433563 -0.156708 0.010678
v -0.433563 -0.156708 -0.014729
v -0.433563 -0.186020 0.010678
v -0.433563 -0.186020 -0.014729
v -0.433563 -0.201660 0.010678
v -0.433563 -0.201660 -0.014729
v -0.433563 -0.219238 0.182663
v -0.433563 -0.219238 -0.182800
v -0.433563 -0.232925 0.182663
v -0.433563 -0.232925 -0.182800
v -0.433563 -0.252472 0.245209
v -0.433563 -0.252472 -0.245346
v -0.435516 -0.164520 0.008724
v -0.435516 -0.164520 -0.014729
v -0.435516 -0.180161 0.008724
v -0.435516 -0.180161 -0.014729
v -0.435516 -0.191879 0.231522
v -0.435516 -0.191879 -0.231659
v -0.435516 -0.209473 0.008724
v -0.435516 -0.209473 -0.014729
v -0.435516 -0.227066 0.266693
v -0.435516 -0.227066 -0.266846
v -0.435516 -0.250519 0.223709
v -0.435516 -0.250519 -0.223846
v -0.435516 -0.252472 0.190475
v -0.435516 -0.252472 -0.190628
v -0.435516 -0.264191 0.018496
v -0.435516 -0.264191 -0.018637
v -0.435516 -0.270050 0.018496
v -0.435516 -0.270050 -0.018637
v -0.435516 -0.281799 0.190475
v -0.435516 -0.281799 -0.190628
v -0.437469 -0.094162 0.178757
v -0.437469 -0.094162 0.213928
v -0.437469 -0.094162 -0.178894
v -0.437469 -0.094162 -0.214081
v -0.437469 -0.201660 0.231522
v -0.437469 -0.201660 -0.231659
v -0.437469 -0.248566 0.186569
v -0.437469 -0.248566 -0.186707
v -0.437469 -0.283752 0.188522
v -0.437469 -0.283752 -0.188660
v -0.439423 -0.100029 0.178757
v -0.439423 -0.100029 0.213928
v -0.439423 -0.100029 -0.178894
v -0.439423 -0.100029 -0.214081
v -0.439423 -0.187973 -0.006911
v -0.439423 -0.199707 -0.006911
v -0.439423 -0.211426 0.231522
v -0.439423 -0.211426 -0.231659
v -0.439423 -0.223160 0.223709
v -0.439423 -0.223160 -0.223846
v -0.439423 -0.232925 0.231522
v -0.439423 -0.232925 -0.231659
v -0.441376 -0.156708 0.018496
v -0.441376 -0.156708 -0.022547
v -0.441376 -0.160614 0.020451
v -0.441376 -0.160614 -0.022547
v -0.441376 -0.182114 0.020451
v -0.441376 -0.182114 -0.022547
v -0.441376 -0.186020 0.018496
v -0.441376 -0.186020 -0.022547
v -0.441376 -0.201660 0.018496
v -0.441376 -0.201660 -0.022547
v -0.441376 -0.207520 0.020451
v -0.441376 -0.207520 -0.022547
v -0.443329 -0.100029 0.262787
v -0.443329 -0.100029 -0.262939
v -0.443329 -0.123482 0.262787
v -0.443329 -0.123482 -0.262939
v -0.443329 -0.164520 0.014587
v -0.443329 -0.164520 -0.020592
v -0.443329 -0.180161 0.014587
v -0.443329 -0.180161 -0.020592
v -0.443329 -0.187973 0.006770
v -0.443329 -0.199707 0.006770
v -0.443329 -0.209473 0.014587
v -0.443329 -0.209473 -0.020592
v -0.445282 -0.101982 0.264740
v -0.445282 -0.101982 -0.264893
v -0.445282 -0.121529 0.264740
v -0.445282 -0.121529 -0.264893
v -0.445282 -0.281799 0.194382
v -0.445282 -0.281799 -0.194534
v -0.447235 -0.172333 0.065399
v -0.447235 -0.172333 -0.071404
v -0.447235 -0.187973 -0.014729
v -0.447235 -0.199707 -0.014729
v -0.449188 -0.170380 0.065399
v -0.449188 -0.170380 -0.071404
v -0.449188 -0.176254 0.065399
v -0.449188 -0.176254 -0.071404
v -0.449188 -0.283752 0.188522
v -0.449188 -0.283752 -0.188660
v -0.451141 -0.187973 0.008724
v -0.451141 -0.199707 0.008724
v -0.453094 -0.156708 0.018496
v -0.453094 -0.156708 -0.022547
v -0.453094 -0.160614 0.020451
v -0.453094 -0.160614 -0.022547
v -0.453094 -0.164520 0.014587
v -0.453094 -0.164520 -0.020592
v -0.453094 -0.168427 0.065399
v -0.453094 -0.168427 -0.071404
v -0.453094 -0.178207 0.065399
v -0.453094 -0.178207 -0.071404
v -0.453094 -0.180161 0.014587
v -0.453094 -0.180161 -0.020592
v -0.453094 -0.182114 0.020451
v -0.453094 -0.182114 -0.022547
v -0.453094 -0.186020 0.018496
v -0.453094 -0.186020 -0.022547
v -0.453094 -0.201660 0.018496
v -0.453094 -0.201660 -0.022547
v -0.453094 -0.207520 0.020451
v -0.453094 -0.207520 -0.022547
v -0.453094 -0.209473 0.014587
v -0.453094 -0.209473 -0.020592
v -0.455048 -0.187973 -0.010819
v -0.455048 -0.199707 -0.010819
v -0.457001 -0.170380 0.065399
v -0.457001 -0.170380 -0.071404
v -0.457001 -0.176254 0.065399
v -0.457001 -0.176254 -0.071404
v -0.457001 -0.270050 0.018496
v -0.457001 -0.270050 -0.018637
v -0.458954 -0.172333 0.065399
v -0.458954 -0.172333 -0.071404
v -0.458954 -0.187973 0.000906
v -0.458954 -0.199707 0.000906
v -0.458954 -0.273956 0.018496
v -0.458954 -0.273956 -0.018637
v -0.460907 -0.164520 0.008724
v -0.460907 -0.164520 -0.014729
v -0.460907 -0.180161 0.008724
v -0.460907 -0.180161 -0.014729
v -0.460907 -0.209473 0.008724
v -0.460907 -0.209473 -0.014729
v -0.460907 -0.215332 0.038040
v -0.460907 -0.215332 0.188522
v -0.460907 -0.215332 -0.038181
v -0.460907 -0.215332 -0.188660
v -0.460907 -0.248566 0.188522
v -0.460907 -0.248566 -0.188660
v -0.462860 -0.156708 0.010678
v -0.462860 -0.156708 -0.014729
v -0.462860 -0.186020 0.010678
v -0.462860 -0.186020 -0.014729
v -0.462860 -0.201660 0.010678
v -0.462860 -0.201660 -0.014729
v -0.462860 -0.215332 0.032177
v -0.462860 -0.215332 0.043903
v -0.462860 -0.215332 -0.032318
v -0.462860 -0.215332 -0.044044
v -0.464813 -0.092209 -0.131989
v -0.464813 -0.096123 -0.126129
v -0.464813 -0.100029 0.231522
v -0.464813 -0.100029 -0.231659
v -0.464813 -0.123482 0.231522
v -0.464813 -0.123482 -0.231659
v -0.464813 -0.160614 0.012632
v -0.464813 -0.160614 -0.014729
v -0.464813 -0.164520 -0.001048
v -0.464813 -0.174301 0.038040
v -0.464813 -0.174301 -0.038181
v -0.464813 -0.180161 -0.001048
v -0.464813 -0.182114 0.012632
v -0.464813 -0.182114 -0.014729
v -0.464813 -0.207520 0.012632
v -0.464813 -0.207520 -0.014729
v -0.464813 -0.209473 -0.001048
v -0.464813 -0.219238 0.194382
v -0.464813 -0.219238 -0.194534
v -0.464813 -0.250519 0.194382
v -0.464813 -0.250519 -0.194534
v -0.466766 -0.080482 -0.128082
v -0.466766 -0.084396 -0.131989
v -0.466766 -0.088303 -0.114403
v -0.466766 -0.094162 -0.118309
v -0.466766 -0.101982 0.231522
v -0.466766 -0.101982 -0.231659
v -0.466766 -0.121529 0.231522
v -0.466766 -0.121529 -0.231659
v -0.466766 -0.156708 -0.001048
v -0.466766 -0.174301 0.034130
v -0.466766 -0.174301 0.039993
v -0.466766 -0.174301 -0.034271
v -0.466766 -0.174301 -0.040134
v -0.466766 -0.186020 -0.001048
v -0.466766 -0.201660 -0.001048
v -0.466766 -0.211426 0.063446
v -0.466766 -0.211426 -0.063591
v -0.466766 -0.264191 0.018496
v -0.466766 -0.264191 -0.018637
v -0.468719 -0.080482 -0.118309
v -0.468719 -0.123482 0.186569
v -0.468719 -0.123482 -0.186707
v -0.468719 -0.125443 0.079079
v -0.468719 -0.125443 0.145523
v -0.468719 -0.125443 -0.079224
v -0.468719 -0.125443 -0.153488
v -0.468719 -0.137161 0.061493
v -0.468719 -0.137161 -0.061634
v -0.468719 -0.139114 0.063446
v -0.468719 -0.139114 -0.063591
v -0.468719 -0.182114 0.079079
v -0.468719 -0.182114 0.145523
v -0.468719 -0.182114 -0.079224
v -0.468719 -0.182114 -0.153488
v -0.468719 -0.184067 0.082993
v -0.468719 -0.184067 0.139664
v -0.468719 -0.184067 -0.085083
v -0.468719 -0.184067 -0.147629
v -0.468719 -0.215332 0.030222
v -0.468719 -0.215332 0.045856
v -0.468719 -0.215332 0.184616
v -0.468719 -0.215332 -0.030363
v -0.468719 -0.215332 -0.045998
v -0.468719 -0.215332 -0.188660
v -0.470673 -0.141068 0.084946
v -0.470673 -0.141068 0.137711
v -0.470673 -0.141068 -0.087044
v -0.470673 -0.141068 -0.145676
v -0.470673 -0.156708 0.084946
v -0.470673 -0.156708 0.137711
v -0.470673 -0.156708 -0.087044
v -0.470673 -0.156708 -0.145676
v -0.470673 -0.160614 -0.001048
v -0.470673 -0.174301 0.034130
v -0.470673 -0.174301 0.039993
v -0.470673 -0.174301 -0.034271
v -0.470673 -0.174301 -0.040134
v -0.470673 -0.182114 -0.001048
v -0.470673 -0.187973 0.034130
v -0.470673 -0.187973 0.039993
v -0.470673 -0.187973 -0.034271
v -0.470673 -0.187973 -0.040134
v -0.470673 -0.207520 -0.001048
v -0.470673 -0.223160 0.081032
v -0.470673 -0.223160 0.114258
v -0.470673 -0.234879 0.081032
v -0.470673 -0.234879 0.114258
v -0.472626 -0.100029 0.200256
v -0.472626 -0.100029 -0.200394
v -0.472626 -0.123482 0.200256
v -0.472626 -0.123482 -0.200394
v -0.472626 -0.215332 0.032177
v -0.472626 -0.215332 0.039993
v -0.472626 -0.215332 -0.032318
v -0.472626 -0.215332 -0.040134
v -0.472626 -0.264191 0.018496
v -0.472626 -0.264191 -0.018637
v -0.474579 -0.100029 0.108398
v -0.474579 -0.100029 -0.108536
v -0.474579 -0.100029 -0.114403
v -0.474579 -0.101982 0.200256
v -0.474579 -0.101982 -0.200394
v -0.474579 -0.121529 0.200256
v -0.474579 -0.121529 -0.200394
v -0.474579 -0.123482 0.157257
v -0.474579 -0.123482 -0.157394
v -0.476532 -0.096123 -0.104630
v -0.476532 -0.098076 0.090805
v -0.476532 -0.098076 -0.090950
v -0.476532 -0.100029 0.086899
v -0.476532 -0.100029 0.092758
v -0.476532 -0.100029 0.100578
v -0.476532 -0.100029 0.104485
v -0.476532 -0.100029 0.108398
v -0.476532 -0.100029 -0.088997
v -0.476532 -0.100029 -0.092903
v -0.476532 -0.100029 -0.102676
v -0.476532 -0.100029 -0.104630
v -0.476532 -0.100029 -0.110489
v -0.476532 -0.100029 -0.126129
v -0.476532 -0.101982 0.108398
v -0.476532 -0.101982 -0.108536
v -0.476532 -0.107849 0.092758
v -0.476532 -0.107849 0.100578
v -0.476532 -0.107849 0.104485
v -0.476532 -0.107849 0.108398
v -0.476532 -0.107849 -0.092903
v -0.476532 -0.107849 -0.102676
v -0.476532 -0.107849 -0.104630
v -0.476532 -0.107849 -0.108536
v -0.476532 -0.107849 -0.110489
v -0.476532 -0.113708 0.092758
v -0.476532 -0.113708 0.100578
v -0.476532 -0.113708 -0.092903
v -0.476532 -0.113708 -0.102676
v -0.476532 -0.121529 0.108398
v -0.476532 -0.121529 -0.108536
v -0.476532 -0.123482 0.086899
v -0.476532 -0.123482 -0.088997
v -0.478516 -0.092209 -0.108536
v -0.478516 -0.096123 -0.096809
v -0.478516 -0.096123 -0.131989
v -0.478516 -0.098076 -0.118309
v -0.480469 -0.090256 -0.133942
v -0.480469 -0.092209 -0.092903
v -0.480469 -0.092209 -0.116356
v -0.480469 -0.103935 -0.102676
v -0.480469 -0.213379 -0.100723
v -0.482422 -0.086349 -0.110489
v -0.482422 -0.103935 -0.096809
v -0.482422 -0.107849 -0.126129
v -0.482422 -0.125443 0.079079
v -0.482422 -0.125443 0.145523
v -0.482422 -0.125443 -0.079224
v -0.482422 -0.125443 -0.153488
v -0.482422 -0.141068 0.084946
v -0.482422 -0.141068 0.137711
v -0.482422 -0.141068 -0.087044
v -0.482422 -0.141068 -0.145676
v -0.482422 -0.156708 0.084946
v -0.482422 -0.156708 0.137711
v -0.482422 -0.156708 -0.087044
v -0.482422 -0.156708 -0.145676
v -0.482422 -0.182114 0.079079
v -0.482422 -0.182114 0.145523
v -0.482422 -0.182114 -0.079224
v -0.482422 -0.182114 -0.153488
v -0.482422 -0.184067 0.082993
v -0.482422 -0.184067 0.139664
v -0.482422 -0.184067 -0.085083
v -0.482422 -0.184067 -0.147629
v -0.482422 -0.213379 -0.126129
v -0.484375 -0.082436 -0.106583
v -0.484375 -0.086349 -0.094856
v -0.484375 -0.086349 -0.118309
v -0.484375 -0.086349 -0.130035
v -0.484375 -0.103935 -0.110489
v -0.484375 -0.127396 0.079079
v -0.484375 -0.127396 0.145523
v -0.484375 -0.127396 -0.081177
v -0.484375 -0.127396 -0.153488
v -0.484375 -0.139114 0.082993
v -0.484375 -0.139114 0.139664
v -0.484375 -0.139114 -0.085083
v -0.484375 -0.139114 -0.147629
v -0.484375 -0.158661 0.082993
v -0.484375 -0.158661 0.139664
v -0.484375 -0.158661 -0.085083
v -0.484375 -0.158661 -0.147629
v -0.484375 -0.182114 0.079079
v -0.484375 -0.182114 0.145523
v -0.484375 -0.182114 -0.081177
v -0.484375 -0.182114 -0.085083
v -0.484375 -0.182114 -0.147629
v -0.484375 -0.182114 -0.153488
v -0.484375 -0.184067 0.082993
v -0.484375 -0.184067 0.139664
v -0.484375 -0.213379 -0.094856
v -0.484375 -0.213379 -0.108536
v -0.484375 -0.213379 -0.118309
v -0.484375 -0.213379 -0.131989
v -0.486328 -0.082436 -0.100723
v -0.486328 -0.105888 -0.131989
v -0.486328 -0.107849 -0.118309
v -0.486328 -0.213379 -0.100723
v -0.486328 -0.215332 0.188522
v -0.486328 -0.215332 -0.188660
v -0.486328 -0.219238 0.194382
v -0.486328 -0.219238 -0.194534
v -0.486328 -0.250519 0.194382
v -0.486328 -0.250519 -0.194534
v -0.488281 -0.213379 -0.126129
v -0.488281 -0.217285 0.188522
v -0.488281 -0.217285 -0.188660
v -0.488281 -0.223160 0.081032
v -0.488281 -0.223160 0.114258
v -0.488281 -0.234879 0.081032
v -0.488281 -0.234879 0.114258
v -0.488281 -0.250519 0.188522
v -0.488281 -0.250519 -0.188660
v -0.488281 -0.252472 0.188522
v -0.488281 -0.252472 -0.188660
v -0.490234 -0.103935 -0.116356
v -0.490234 -0.103935 -0.135895
v -0.490234 -0.213379 -0.092903
v -0.490234 -0.213379 -0.110489
v -0.490234 -0.213379 -0.116356
v -0.490234 -0.213379 -0.133942
v -0.492188 -0.101982 -0.094856
v -0.492188 -0.101982 -0.112450
v -0.496094 -0.100029 -0.108536
v -0.496094 -0.100029 -0.131989
v -0.496094 -0.101982 -0.096809
v -0.496094 -0.101982 -0.120262
v -0.496094 -0.213379 -0.096809
v -0.496094 -0.213379 -0.108536
v -0.496094 -0.213379 -0.120262
v -0.496094 -0.213379 -0.131989
v -0.498047 -0.100029 -0.126129
v -0.498047 -0.213379 -0.126129
v -0.500000 -0.100029 -0.102676
v -0.500000 -0.213379 -0.102676
vt 0.605225 0.843262
vt 0.612793 0.836426
vt 0.619629 0.843262
vt 0.598389 0.843994
vt 0.612793 0.850830
vt 0.598389 0.834961
vt 0.598389 0.851562
vt 0.629883 0.834961
vt 0.629883 0.843994
vt 0.629883 0.851562
vt 0.607178 0.853516
vt 0.607910 0.860352
vt 0.598389 0.858887
vt 0.615479 0.859619
vt 0.629883 0.858398
vt 0.615479 0.864502
vt 0.607178 0.833008
vt 0.607910 0.826172
vt 0.598389 0.827393
vt 0.615479 0.827637
vt 0.615479 0.822754
vt 0.629883 0.828125
vt 0.510742 0.854736
vt 0.517578 0.847900
vt 0.525146 0.854736
vt 0.531982 0.855469
vt 0.517578 0.862305
vt 0.531982 0.846436
vt 0.531982 0.863037
vt 0.500488 0.846436
vt 0.500488 0.855469
vt 0.500488 0.863037
vt 0.514893 0.871094
vt 0.523193 0.864990
vt 0.522461 0.871826
vt 0.531982 0.870605
vt 0.514893 0.839111
vt 0.500488 0.839600
vt 0.514893 0.834229
vt 0.522461 0.837646
vt 0.523193 0.844482
vt 0.531982 0.839111
vt 0.819092 0.867920
vt 0.826660 0.861084
vt 0.833496 0.867920
vt 0.814941 0.867920
vt 0.826660 0.874756
vt 0.814941 0.858154
vt 0.845703 0.867920
vt 0.847168 0.876709
vt 0.834229 0.883057
vt 0.847168 0.883057
vt 0.827393 0.880859
vt 0.847168 0.858398
vt 0.847900 0.867920
vt 0.834229 0.852051
vt 0.847168 0.852051
vt 0.827393 0.854980
vt 0.817627 0.850830
vt 0.830811 0.846680
vt 0.814941 0.851318
vt 0.330566 0.945068
vt 0.328613 0.955078
vt 0.328613 0.941406
vt 0.403076 0.976318
vt 0.396484 0.976318
vt 0.401367 0.964844
vt 0.349121 0.976318
vt 0.346436 0.964844
vt 0.355957 0.964844
vt 0.568848 0.853027
vt 0.575684 0.846191
vt 0.583252 0.853027
vt 0.587402 0.853027
vt 0.575684 0.859863
vt 0.587402 0.843262
vt 0.587402 0.862549
vt 0.574951 0.839844
vt 0.584717 0.835693
vt 0.587402 0.836426
vt 0.568115 0.837158
vt 0.571533 0.831787
vt 0.555176 0.843262
vt 0.555176 0.837158
vt 0.556641 0.853027
vt 0.554443 0.853027
vt 0.555176 0.861816
vt 0.568359 0.867920
vt 0.555176 0.867920
vt 0.575195 0.865967
vt 0.584717 0.870117
vt 0.587402 0.869385
vt 0.740723 0.833008
vt 0.733154 0.832520
vt 0.741455 0.830811
vt 0.749512 0.832031
vt 0.726807 0.827881
vt 0.725586 0.830078
vt 0.719238 0.825684
vt 0.716309 0.819580
vt 0.754883 0.827148
vt 0.756836 0.829102
vt 0.762939 0.824219
vt 0.764893 0.817871
vt 0.730713 0.817627
vt 0.740967 0.820557
vt 0.750488 0.817627
vt 0.740967 0.817871
vt 0.732666 0.816162
vt 0.749023 0.815674
vt 0.726318 0.809570
vt 0.754883 0.808594
vt 0.723633 0.810303
vt 0.723877 0.800781
vt 0.757080 0.809082
vt 0.755859 0.799561
vt 0.768311 0.805420
vt 0.758545 0.798828
vt 0.752197 0.791504
vt 0.768066 0.797119
vt 0.721680 0.800049
vt 0.727539 0.792480
vt 0.711670 0.807373
vt 0.714111 0.819580
vt 0.710449 0.812988
vt 0.712158 0.799072
vt 0.710449 0.794434
vt 0.711670 0.790283
vt 0.716553 0.785889
vt 0.725586 0.790283
vt 0.734863 0.786621
vt 0.726318 0.777344
vt 0.718262 0.779785
vt 0.723389 0.776123
vt 0.734131 0.784668
vt 0.743896 0.786377
vt 0.738525 0.774170
vt 0.728271 0.773926
vt 0.734863 0.772461
vt 0.744385 0.784180
vt 0.751709 0.776611
vt 0.749268 0.773193
vt 0.754150 0.789307
vt 0.754150 0.775146
vt 0.759766 0.778320
vt 0.762207 0.784424
vt 0.767578 0.788330
vt 0.360107 0.779053
vt 0.360107 0.786865
vt 0.357666 0.779785
vt 0.359131 0.772217
vt 0.655273 0.820312
vt 0.647949 0.822021
vt 0.655273 0.818115
vt 0.663574 0.817139
vt 0.640625 0.819092
vt 0.667236 0.810791
vt 0.668945 0.811768
vt 0.673340 0.805420
vt 0.674316 0.798584
vt 0.652588 0.809570
vt 0.660645 0.803467
vt 0.665283 0.794922
vt 0.671387 0.792236
vt 0.674072 0.791504
vt 0.661865 0.793945
vt 0.658691 0.801270
vt 0.661377 0.785400
vt 0.651367 0.805664
vt 0.643066 0.806152
vt 0.664795 0.784424
vt 0.674316 0.784912
vt 0.657227 0.778809
vt 0.670898 0.776855
vt 0.658936 0.775391
vt 0.648926 0.775146
vt 0.664062 0.768799
vt 0.662842 0.765137
vt 0.666504 0.767578
vt 0.652588 0.763916
vt 0.657715 0.762207
vt 0.653809 0.761475
vt 0.647949 0.760986
vt 0.640137 0.761230
vt 0.649170 0.771240
vt 0.626465 0.771973
vt 0.632324 0.763672
vt 0.633545 0.776123
vt 0.635742 0.779053
vt 0.627686 0.767334
vt 0.623779 0.770752
vt 0.621094 0.773682
vt 0.618408 0.778809
vt 0.627686 0.785156
vt 0.631104 0.787109
vt 0.619873 0.782715
vt 0.616943 0.782959
vt 0.616455 0.788086
vt 0.618652 0.792969
vt 0.615967 0.791016
vt 0.616699 0.795898
vt 0.616943 0.798828
vt 0.627686 0.795898
vt 0.630859 0.794922
vt 0.620850 0.801758
vt 0.618408 0.803223
vt 0.624023 0.807129
vt 0.621338 0.808838
vt 0.626709 0.814209
vt 0.633301 0.804932
vt 0.627930 0.812988
vt 0.635986 0.802002
vt 0.642578 0.809326
vt 0.632324 0.818115
vt 0.833008 0.337646
vt 0.833008 0.345459
vt 0.830566 0.338379
vt 0.832031 0.330811
vt 0.063721 0.836670
vt 0.053955 0.836670
vt 0.063232 0.833984
vt 0.072510 0.832764
vt 0.047852 0.833740
vt 0.077148 0.827637
vt 0.078613 0.828613
vt 0.083496 0.822021
vt 0.084229 0.815430
vt 0.061279 0.825195
vt 0.071289 0.819580
vt 0.050537 0.823975
vt 0.060791 0.822754
vt 0.069580 0.817871
vt 0.073242 0.809570
vt 0.051514 0.821777
vt 0.044434 0.815674
vt 0.076172 0.809570
vt 0.072021 0.800537
vt 0.084961 0.805664
vt 0.074463 0.799316
vt 0.066406 0.794189
vt 0.083252 0.797607
vt 0.067383 0.791748
vt 0.056641 0.791260
vt 0.074951 0.785400
vt 0.082031 0.788818
vt 0.084229 0.792480
vt 0.079102 0.785889
vt 0.056885 0.789062
vt 0.050781 0.792725
vt 0.061768 0.779785
vt 0.071777 0.780518
vt 0.075684 0.783203
vt 0.067871 0.778564
vt 0.062500 0.776855
vt 0.057617 0.776611
vt 0.051514 0.779785
vt 0.044189 0.779297
vt 0.050293 0.790527
vt 0.041260 0.784180
vt 0.039795 0.781738
vt 0.036377 0.785156
vt 0.033691 0.788574
vt 0.032227 0.794434
vt 0.041992 0.797363
vt 0.043701 0.799072
vt 0.039307 0.806885
vt 0.041260 0.807129
vt 0.029785 0.809082
vt 0.027832 0.800293
vt 0.027344 0.804688
vt 0.031494 0.817139
vt 0.029541 0.818115
vt 0.031250 0.822754
vt 0.034424 0.826904
vt 0.041992 0.816895
vt 0.036865 0.825684
vt 0.039551 0.831543
vt 0.046631 0.835449
vt 0.163086 0.921631
vt 0.160645 0.921143
vt 0.163574 0.913330
vt 0.157959 0.919678
vt 0.160889 0.907959
vt 0.164307 0.907227
vt 0.163574 0.900391
vt 0.157959 0.893799
vt 0.344482 0.829346
vt 0.337402 0.831787
vt 0.337402 0.829834
vt 0.329590 0.833008
vt 0.349121 0.822266
vt 0.323486 0.830811
vt 0.322510 0.832764
vt 0.342773 0.816162
vt 0.355713 0.817383
vt 0.356445 0.809570
vt 0.317139 0.827393
vt 0.315674 0.830078
vt 0.309814 0.827393
vt 0.318848 0.825439
vt 0.311279 0.824707
vt 0.306152 0.823975
vt 0.314941 0.815918
vt 0.305176 0.818115
vt 0.304688 0.821777
vt 0.301758 0.817871
vt 0.300537 0.814941
vt 0.324219 0.821045
vt 0.333740 0.820801
vt 0.317139 0.813477
vt 0.324463 0.817627
vt 0.312988 0.806885
vt 0.332764 0.817871
vt 0.339844 0.813477
vt 0.343750 0.806152
vt 0.309326 0.806885
vt 0.313232 0.797607
vt 0.346924 0.806885
vt 0.343018 0.797852
vt 0.356445 0.795654
vt 0.346924 0.796631
vt 0.338867 0.790283
vt 0.353027 0.789307
vt 0.341309 0.787598
vt 0.331543 0.787109
vt 0.349365 0.784180
vt 0.351562 0.782715
vt 0.348145 0.779541
vt 0.342529 0.778564
vt 0.331543 0.783203
vt 0.322510 0.787842
vt 0.332764 0.774902
vt 0.321045 0.784424
vt 0.320068 0.776367
vt 0.329590 0.772217
vt 0.323730 0.772461
vt 0.319824 0.773438
vt 0.315186 0.775635
vt 0.310059 0.778076
vt 0.304443 0.783936
vt 0.309814 0.796387
vt 0.301514 0.796143
vt 0.300781 0.791016
vt 0.298584 0.796387
vt 0.297607 0.800049
vt 0.297852 0.805908
vt 0.301025 0.808594
vt 0.298584 0.810303
vt 0.169678 0.923584
vt 0.174072 0.916992
vt 0.175293 0.918701
vt 0.181152 0.912598
vt 0.188477 0.922852
vt 0.182617 0.906006
vt 0.184570 0.906738
vt 0.184326 0.899658
vt 0.187256 0.899902
vt 0.188477 0.894531
vt 0.185303 0.894043
vt 0.895752 0.249268
vt 0.889893 0.264648
vt 0.888672 0.250732
vt 0.888184 0.248779
vt 0.880371 0.251709
vt 0.884766 0.265625
vt 0.889404 0.271729
vt 0.882812 0.280762
vt 0.890381 0.279785
vt 0.875244 0.268311
vt 0.875000 0.280762
vt 0.873779 0.251709
vt 0.874023 0.249756
vt 0.867676 0.248779
vt 0.989258 0.725586
vt 0.981934 0.723145
vt 0.989258 0.723145
vt 0.397949 0.825684
vt 0.390137 0.825439
vt 0.391602 0.822754
vt 0.382812 0.822754
vt 0.405518 0.821777
vt 0.379150 0.817627
vt 0.376221 0.818359
vt 0.371338 0.807129
vt 0.371582 0.812744
vt 0.369141 0.807861
vt 0.368652 0.799316
vt 0.402344 0.812012
vt 0.392578 0.812500
vt 0.383545 0.806641
vt 0.378174 0.797607
vt 0.385010 0.805420
vt 0.381104 0.797363
vt 0.393066 0.810059
vt 0.401367 0.809326
vt 0.381592 0.788574
vt 0.410889 0.805664
vt 0.408447 0.804932
vt 0.413574 0.820557
vt 0.417969 0.813965
vt 0.412109 0.796387
vt 0.424805 0.802490
vt 0.415039 0.796143
vt 0.411377 0.787354
vt 0.424805 0.789307
vt 0.413086 0.786133
vt 0.404785 0.780762
vt 0.421631 0.781738
vt 0.418701 0.773438
vt 0.421143 0.776855
vt 0.413086 0.770996
vt 0.406250 0.778320
vt 0.395996 0.778076
vt 0.400879 0.766357
vt 0.408936 0.765869
vt 0.396240 0.775879
vt 0.387695 0.780762
vt 0.388428 0.767578
vt 0.397705 0.763916
vt 0.390625 0.764648
vt 0.377686 0.770508
vt 0.376953 0.774170
vt 0.373779 0.773926
vt 0.386475 0.779053
vt 0.369629 0.778809
vt 0.379150 0.787354
vt 0.369873 0.785400
vt 0.368164 0.782959
vt 0.366699 0.787109
vt 0.365723 0.791016
vt 0.365723 0.795166
vt 0.366699 0.797852
vt 0.366699 0.800049
vt 0.366943 0.805664
vt 0.041260 0.095947
vt 0.041748 0.088135
vt 0.044434 0.088867
vt 0.045898 0.081299
vt 0.043945 0.074707
vt 0.046143 0.073486
vt 0.041260 0.063232
vt 0.828613 0.722900
vt 0.820557 0.728027
vt 0.826904 0.720703
vt 0.813965 0.729004
vt 0.813721 0.730957
vt 0.805664 0.731445
vt 0.820557 0.714355
vt 0.834961 0.707764
vt 0.799805 0.728516
vt 0.798828 0.730469
vt 0.810547 0.719727
vt 0.825195 0.704834
vt 0.791260 0.723633
vt 0.793945 0.728516
vt 0.833740 0.694336
vt 0.789551 0.726074
vt 0.818604 0.712646
vt 0.822754 0.704346
vt 0.809814 0.717285
vt 0.821289 0.695068
vt 0.800781 0.715820
vt 0.823730 0.693604
vt 0.815918 0.687988
vt 0.829346 0.685059
vt 0.816895 0.686035
vt 0.807861 0.685547
vt 0.823730 0.679199
vt 0.799316 0.718262
vt 0.793945 0.710205
vt 0.791504 0.711426
vt 0.791504 0.701904
vt 0.810059 0.673584
vt 0.817139 0.673096
vt 0.821045 0.675049
vt 0.807373 0.683105
vt 0.798584 0.687988
vt 0.796631 0.675293
vt 0.797119 0.686523
vt 0.792480 0.691162
vt 0.794189 0.692383
vt 0.787598 0.681641
vt 0.790771 0.675537
vt 0.794922 0.673096
vt 0.781006 0.685059
vt 0.781738 0.690430
vt 0.778809 0.689453
vt 0.777344 0.694824
vt 0.776855 0.699219
vt 0.789062 0.701416
vt 0.779541 0.704346
vt 0.776855 0.704102
vt 0.777344 0.708252
vt 0.778320 0.712158
vt 0.785400 0.717773
vt 0.780273 0.716064
vt 0.782227 0.718018
vt 0.786621 0.725342
vt 0.783203 0.719971
vt 0.797852 0.387939
vt 0.795410 0.386230
vt 0.801025 0.379150
vt 0.800293 0.372314
vt 0.802734 0.372070
vt 0.802490 0.364014
vt 0.805420 0.372070
vt 0.799072 0.358887
vt 0.801514 0.357178
vt 0.795410 0.350098
vt 0.346436 0.416016
vt 0.344238 0.422607
vt 0.342041 0.407471
vt 0.338135 0.419678
vt 0.342285 0.433838
vt 0.335449 0.433838
vt 0.333008 0.415527
vt 0.331543 0.434082
vt 0.327637 0.415039
vt 0.333984 0.404297
vt 0.342285 0.404541
vt 0.349121 0.403809
vt 0.342285 0.402588
vt 0.327393 0.403564
vt 0.322266 0.405273
vt 0.322510 0.402588
vt 0.183594 0.977539
vt 0.177246 0.969482
vt 0.183594 0.964844
vt 0.282715 0.894287
vt 0.277344 0.894775
vt 0.281738 0.887451
vt 0.274658 0.878174
vt 0.282471 0.877930
vt 0.267578 0.891602
vt 0.273682 0.906982
vt 0.266846 0.906494
vt 0.266846 0.877686
vt 0.268555 0.875977
vt 0.101807 0.831055
vt 0.095947 0.823486
vt 0.104004 0.829346
vt 0.096680 0.817871
vt 0.093506 0.817627
vt 0.093018 0.810791
vt 0.109131 0.824951
vt 0.114014 0.837646
vt 0.097656 0.803467
vt 0.092285 0.806885
vt 0.094727 0.801270
vt 0.096924 0.796387
vt 0.099609 0.792236
vt 0.118652 0.830322
vt 0.128662 0.838623
vt 0.112305 0.822021
vt 0.119141 0.826904
vt 0.104492 0.814453
vt 0.107910 0.814209
vt 0.128662 0.830566
vt 0.127930 0.826416
vt 0.142090 0.832275
vt 0.105713 0.804443
vt 0.109375 0.805664
vt 0.137695 0.825195
vt 0.149658 0.820068
vt 0.135010 0.822021
vt 0.142334 0.815918
vt 0.149658 0.805664
vt 0.138672 0.814941
vt 0.141113 0.805176
vt 0.137939 0.805664
vt 0.132080 0.794922
vt 0.130859 0.797607
vt 0.133057 0.786621
vt 0.148193 0.794678
vt 0.141846 0.787598
vt 0.136475 0.784424
vt 0.132080 0.782715
vt 0.122070 0.792969
vt 0.127930 0.781982
vt 0.118652 0.784912
vt 0.122559 0.781006
vt 0.118652 0.781738
vt 0.114746 0.782471
vt 0.110352 0.783691
vt 0.112061 0.796143
vt 0.105713 0.791016
vt 0.106201 0.786377
vt 0.102539 0.789551
vt 0.114258 0.798584
vt 0.808838 0.450684
vt 0.799805 0.449951
vt 0.808838 0.447998
vt 0.818359 0.449951
vt 0.795898 0.445801
vt 0.822510 0.445801
vt 0.824463 0.447998
vt 0.829834 0.443848
vt 0.808838 0.441162
vt 0.832764 0.435547
vt 0.833252 0.441895
vt 0.819824 0.437744
vt 0.808838 0.437012
vt 0.817627 0.435059
vt 0.798584 0.437744
vt 0.800537 0.435059
vt 0.826660 0.430176
vt 0.836670 0.421143
vt 0.822998 0.428223
vt 0.828613 0.419922
vt 0.825195 0.419922
vt 0.832520 0.407471
vt 0.824463 0.410156
vt 0.821777 0.412354
vt 0.816162 0.404053
vt 0.814941 0.406982
vt 0.803955 0.406982
vt 0.821777 0.397949
vt 0.802490 0.404053
vt 0.796387 0.412354
vt 0.828369 0.398682
vt 0.832520 0.402100
vt 0.824951 0.395996
vt 0.820801 0.394043
vt 0.814697 0.391846
vt 0.805176 0.391846
vt 0.796387 0.397949
vt 0.797607 0.394043
vt 0.793701 0.410156
vt 0.793701 0.419922
vt 0.785400 0.407471
vt 0.789551 0.398682
vt 0.789795 0.419922
vt 0.795166 0.428223
vt 0.780029 0.413086
vt 0.781250 0.408936
vt 0.781494 0.421143
vt 0.778564 0.417969
vt 0.778564 0.422607
vt 0.778564 0.426758
vt 0.791748 0.430176
vt 0.785645 0.435547
vt 0.780029 0.431641
vt 0.781982 0.436279
vt 0.784668 0.441895
vt 0.788086 0.443848
vt 0.793701 0.447998
vt 0.888428 0.549805
vt 0.888428 0.559082
vt 0.881348 0.559570
vt 0.885010 0.542725
vt 0.875244 0.545654
vt 0.873535 0.559570
vt 0.881348 0.528320
vt 0.874023 0.528320
vt 0.888428 0.527832
vt 0.223389 0.881592
vt 0.218018 0.885498
vt 0.221436 0.868652
vt 0.215088 0.869141
vt 0.212891 0.889893
vt 0.213379 0.901123
vt 0.221436 0.897949
vt 0.221191 0.900635
vt 0.207520 0.890137
vt 0.206543 0.901367
vt 0.211670 0.869629
vt 0.201416 0.898926
vt 0.205566 0.869629
vt 0.200684 0.883545
vt 0.196533 0.901367
vt 0.200439 0.869629
vt 0.195801 0.886230
vt 0.193604 0.900146
vt 0.195557 0.869629
vt 0.185303 0.988525
vt 0.182373 0.983154
vt 0.185303 0.982422
vt 0.897461 0.297607
vt 0.894043 0.305420
vt 0.890625 0.288330
vt 0.897705 0.288086
vt 0.884277 0.302979
vt 0.882812 0.288330
vt 0.889893 0.319336
vt 0.882812 0.319580
vt 0.897217 0.319092
vt 0.897705 0.421387
vt 0.895020 0.434082
vt 0.892334 0.418213
vt 0.888916 0.434082
vt 0.887451 0.413818
vt 0.888428 0.402100
vt 0.896484 0.405029
vt 0.896240 0.402344
vt 0.882080 0.413574
vt 0.885254 0.434082
vt 0.881836 0.401855
vt 0.879150 0.433594
vt 0.876221 0.404297
vt 0.876465 0.401367
vt 0.871826 0.400879
vt 0.875000 0.419922
vt 0.874023 0.433105
vt 0.870361 0.416748
vt 0.868652 0.402100
vt 0.869141 0.432617
vt 0.123779 0.902588
vt 0.120850 0.917725
vt 0.117432 0.906250
vt 0.122314 0.890137
vt 0.112549 0.919922
vt 0.115479 0.890381
vt 0.112061 0.909668
vt 0.111572 0.890625
vt 0.106934 0.909424
vt 0.105957 0.919434
vt 0.105957 0.889893
vt 0.376953 0.764648
vt 0.375977 0.758789
vt 0.378662 0.758057
vt 0.375977 0.746094
vt 0.927490 0.760986
vt 0.927490 0.740234
vt 0.930908 0.760498
vt 0.990479 0.102051
vt 0.981934 0.102051
vt 0.987549 0.099609
vt 0.156250 0.977783
vt 0.156250 0.971680
vt 0.158447 0.972168
vt 0.156738 0.964844
vt 0.002197 0.005127
vt 0.005615 0.005615
vt 0.002197 0.025879
vt 0.352783 0.220459
vt 0.348633 0.220459
vt 0.351562 0.218506
vt 0.352783 0.352539
vt 0.348633 0.352539
vt 0.351562 0.354736
vt 0.290039 0.953857
vt 0.287598 0.955078
vt 0.287598 0.940918
vt 0.327881 0.545654
vt 0.269043 0.550293
vt 0.256104 0.550293
vt 0.269287 0.555664
vt 0.197021 0.545654
vt 0.256348 0.555664
vt 0.328613 0.561768
vt 0.330566 0.562012
vt 0.197754 0.561768
vt 0.328613 0.562500
vt 0.195801 0.562012
vt 0.194580 0.545654
vt 0.197754 0.562500
vt 0.195068 0.571777
vt 0.197021 0.572510
vt 0.291016 0.567139
vt 0.302490 0.567139
vt 0.290771 0.570801
vt 0.327881 0.572510
vt 0.302246 0.570801
vt 0.360596 0.212402
vt 0.362061 0.333740
vt 0.359619 0.211670
vt 0.361084 0.334229
vt 0.362061 0.209473
vt 0.495117 0.836182
vt 0.492432 0.836670
vt 0.488037 0.820801
vt 0.473877 0.823486
vt 0.473145 0.823730
vt 0.470947 0.812256
vt 0.471680 0.812256
vt 0.476807 0.810547
vt 0.488281 0.808350
vt 0.490479 0.820312
vt 0.471924 0.784912
vt 0.491943 0.783936
vt 0.495117 0.800049
vt 0.492432 0.808350
vt 0.590576 0.964844
vt 0.590576 0.976318
vt 0.587891 0.976318
vt 0.587891 0.964844
vt 0.550049 0.948730
vt 0.550049 0.932861
vt 0.561523 0.933594
vt 0.561523 0.949463
vt 0.136719 0.938232
vt 0.125977 0.938477
vt 0.126221 0.915527
vt 0.136719 0.915039
vt 0.530029 0.929199
vt 0.521729 0.914307
vt 0.531982 0.927246
vt 0.531982 0.904541
vt 0.388672 0.934570
vt 0.386719 0.932861
vt 0.397217 0.919922
vt 0.386719 0.909912
vt 0.597656 0.964844
vt 0.597656 0.976318
vt 0.594971 0.964844
vt 0.594971 0.976318
vt 0.936035 0.902588
vt 0.936035 0.886719
vt 0.947510 0.903320
vt 0.947510 0.887451
vt 0.090576 0.920166
vt 0.090576 0.930908
vt 0.067871 0.919922
vt 0.067383 0.930908
vt 0.066406 0.906494
vt 0.191162 0.996582
vt 0.192139 0.993164
vt 0.192139 0.996826
vt 0.241211 0.837891
vt 0.248779 0.822998
vt 0.243896 0.838623
vt 0.262695 0.826172
vt 0.263428 0.826172
vt 0.265869 0.814941
vt 0.265381 0.814697
vt 0.260254 0.812744
vt 0.249023 0.810303
vt 0.265869 0.787598
vt 0.246094 0.822266
vt 0.246094 0.785889
vt 0.244629 0.810059
vt 0.241943 0.821289
vt 0.242432 0.801758
vt 0.243896 0.785156
vt 0.240234 0.801270
vt 0.885010 0.921143
vt 0.882324 0.923584
vt 0.875488 0.916016
vt 0.882812 0.908447
vt 0.888428 0.903564
vt 0.881104 0.895264
vt 0.875488 0.900391
vt 0.480225 0.186035
vt 0.480225 0.319580
vt 0.469971 0.319580
vt 0.469971 0.186035
vt 0.434814 0.927246
vt 0.432373 0.925293
vt 0.441406 0.919434
vt 0.434326 0.912354
vt 0.428711 0.907471
vt 0.435791 0.899170
vt 0.441406 0.904053
vt 0.343018 0.951172
vt 0.343018 0.945068
vt 0.345459 0.945801
vt 0.344482 0.935547
vt 0.232666 0.908691
vt 0.227295 0.907959
vt 0.232666 0.887939
vt 0.228027 0.878174
vt 0.931396 0.489502
vt 0.928223 0.484375
vt 0.932373 0.483643
vt 0.932861 0.478760
vt 0.932861 0.474365
vt 0.928223 0.470703
vt 0.931885 0.470947
vt 0.930908 0.467285
vt 0.279785 0.042480
vt 0.277588 0.036377
vt 0.281494 0.037109
vt 0.282715 0.032227
vt 0.283447 0.027588
vt 0.280273 0.021973
vt 0.283447 0.023438
vt 0.295654 0.023926
vt 0.283447 0.018555
vt 0.282959 0.013916
vt 0.277588 0.008301
vt 0.281738 0.009766
vt 0.280518 0.006348
vt 0.279297 0.002686
vt 0.507568 0.217773
vt 0.509766 0.203369
vt 0.509766 0.234619
vt 0.818359 0.887939
vt 0.816162 0.905029
vt 0.816162 0.873535
vt 0.902832 0.576904
vt 0.905029 0.560059
vt 0.905029 0.591064
vt 0.903320 0.814941
vt 0.901123 0.829346
vt 0.901123 0.797852
vt 0.195557 0.964844
vt 0.197021 0.964844
vt 0.195557 0.977539
vt 0.197021 0.977539
vt 0.191406 0.972900
vt 0.187988 0.977783
vt 0.187988 0.975586
vt 0.189941 0.972168
vt 0.187988 0.964844
vt 0.189941 0.964844
vt 0.169434 0.972900
vt 0.170898 0.972168
vt 0.172852 0.975586
vt 0.172852 0.977783
vt 0.172852 0.964844
vt 0.170898 0.964844
vt 0.643555 0.301025
vt 0.646484 0.315186
vt 0.643555 0.332520
vt 0.578125 0.905029
vt 0.570801 0.905029
vt 0.575928 0.891113
vt 0.570557 0.895752
vt 0.565674 0.905029
vt 0.569580 0.888428
vt 0.570557 0.873779
vt 0.577881 0.873779
vt 0.563477 0.891113
vt 0.562500 0.902832
vt 0.564209 0.873779
vt 0.223633 0.977295
vt 0.223633 0.964844
vt 0.225586 0.970215
vt 0.535645 0.688965
vt 0.535645 0.720459
vt 0.532715 0.703125
vt 0.602295 0.940918
vt 0.601562 0.955078
vt 0.594971 0.940918
vt 0.595703 0.950439
vt 0.394775 0.103516
vt 0.387939 0.102783
vt 0.395264 0.086182
vt 0.388916 0.088623
vt 0.390137 0.081055
vt 0.383057 0.085205
vt 0.381836 0.102539
vt 0.384766 0.071045
vt 0.390137 0.071533
vt 0.381836 0.072998
vt 0.043945 0.977783
vt 0.036377 0.977783
vt 0.043945 0.964844
vt 0.036377 0.964844
vt 0.013672 0.646484
vt 0.016602 0.663574
vt 0.013672 0.677979
vt 0.890381 0.238281
vt 0.883057 0.238037
vt 0.888184 0.221680
vt 0.876709 0.237793
vt 0.875732 0.221191
vt 0.881836 0.224121
vt 0.877930 0.206543
vt 0.874756 0.208740
vt 0.882812 0.216553
vt 0.883057 0.207031
vt 0.890381 0.207275
vt 0.989258 0.746094
vt 0.981934 0.748047
vt 0.981934 0.745361
vt 0.408203 0.694336
vt 0.408203 0.725830
vt 0.405273 0.711670
vt 0.358398 0.489502
vt 0.357666 0.506104
vt 0.351074 0.489502
vt 0.873291 0.114502
vt 0.874268 0.102783
vt 0.878662 0.105225
vt 0.878906 0.102539
vt 0.877197 0.134766
vt 0.883789 0.102051
vt 0.879883 0.120850
vt 0.881836 0.134521
vt 0.884521 0.117920
vt 0.886719 0.103271
vt 0.886719 0.134033
vt 0.884521 0.609375
vt 0.891357 0.609619
vt 0.885254 0.623779
vt 0.890625 0.619141
vt 0.896729 0.609375
vt 0.891357 0.626709
vt 0.891602 0.640869
vt 0.897705 0.623779
vt 0.899658 0.611572
vt 0.897705 0.640869
vt 0.217285 0.977295
vt 0.217285 0.964844
vt 0.219482 0.969971
vt 0.940186 0.408447
vt 0.935303 0.408447
vt 0.940186 0.398926
vt 0.935303 0.398926
vt 0.940186 0.417480
vt 0.935303 0.417480
vt 0.947510 0.012207
vt 0.942871 0.012207
vt 0.947510 0.003906
vt 0.942871 0.003906
vt 0.947510 0.020264
vt 0.942871 0.020264
vt 0.760742 0.538574
vt 0.762939 0.538574
vt 0.760742 0.546875
vt 0.762939 0.546875
vt 0.760742 0.530273
vt 0.762939 0.530273
vt 0.511719 0.514648
vt 0.509521 0.514648
vt 0.511719 0.506348
vt 0.509521 0.506348
vt 0.511719 0.522705
vt 0.509521 0.522705
vt 0.918701 0.941162
vt 0.923584 0.941162
vt 0.918701 0.949463
vt 0.923584 0.949463
vt 0.918701 0.933105
vt 0.923584 0.933105
vt 0.643555 0.792725
vt 0.648438 0.792725
vt 0.643555 0.801758
vt 0.648438 0.801758
vt 0.643555 0.783203
vt 0.648438 0.783203
vt 0.469238 0.888672
vt 0.465820 0.897217
vt 0.461670 0.888184
vt 0.468750 0.878906
vt 0.458008 0.893311
vt 0.459961 0.881104
vt 0.457520 0.901367
vt 0.462158 0.872314
vt 0.452393 0.893799
vt 0.454834 0.878906
vt 0.448486 0.901367
vt 0.453369 0.870361
vt 0.447510 0.889648
vt 0.448975 0.881348
vt 0.441895 0.895508
vt 0.445068 0.874023
vt 0.438965 0.887451
vt 0.439941 0.881348
vt 0.446045 0.886475
vt 0.352295 0.889648
vt 0.352295 0.881348
vt 0.359375 0.887939
vt 0.356201 0.897217
vt 0.360596 0.881104
vt 0.363525 0.893066
vt 0.357422 0.873535
vt 0.364258 0.901367
vt 0.366211 0.877686
vt 0.370117 0.893555
vt 0.364990 0.870361
vt 0.372559 0.900635
vt 0.373779 0.871582
vt 0.379639 0.895508
vt 0.371582 0.879883
vt 0.374023 0.889160
vt 0.380127 0.877686
vt 0.382324 0.886230
vt 0.374512 0.883301
vt 0.105225 0.854492
vt 0.102539 0.854492
vt 0.105225 0.846191
vt 0.102539 0.845459
vt 0.105225 0.862549
vt 0.102539 0.862549
vt 0.068359 0.900635
vt 0.068359 0.892090
vt 0.075928 0.898926
vt 0.073730 0.907471
vt 0.074951 0.894043
vt 0.079346 0.902588
vt 0.077881 0.889648
vt 0.081299 0.910645
vt 0.072266 0.884277
vt 0.084473 0.903076
vt 0.079834 0.880371
vt 0.089355 0.909424
vt 0.082031 0.887451
vt 0.089355 0.900635
vt 0.087646 0.880615
vt 0.095459 0.903809
vt 0.086914 0.888672
vt 0.091064 0.896729
vt 0.094482 0.885498
vt 0.097900 0.895752
vt 0.090088 0.891846
vt 0.498047 0.897461
vt 0.498047 0.888916
vt 0.504639 0.895752
vt 0.501953 0.904785
vt 0.505371 0.890137
vt 0.508057 0.900635
vt 0.502197 0.882324
vt 0.508789 0.908691
vt 0.510742 0.885986
vt 0.514648 0.901611
vt 0.509521 0.878418
vt 0.517090 0.908691
vt 0.515625 0.885986
vt 0.519043 0.899170
vt 0.518311 0.879150
vt 0.524414 0.904297
vt 0.524902 0.883789
vt 0.528320 0.896973
vt 0.519775 0.888428
vt 0.521484 0.895020
vt 0.521240 0.891602
vt 0.627441 0.893555
vt 0.627441 0.885254
vt 0.634033 0.892090
vt 0.631348 0.901123
vt 0.634766 0.886230
vt 0.637451 0.896729
vt 0.631348 0.878662
vt 0.637939 0.905029
vt 0.640137 0.882080
vt 0.644043 0.897949
vt 0.638916 0.874512
vt 0.646484 0.905029
vt 0.645020 0.882324
vt 0.648193 0.895508
vt 0.647461 0.875244
vt 0.653809 0.900391
vt 0.654297 0.879883
vt 0.657471 0.893066
vt 0.649170 0.884766
vt 0.650879 0.891357
vt 0.650635 0.887939
vt 0.901367 0.012207
vt 0.898682 0.012207
vt 0.898682 0.003906
vt 0.901367 0.003174
vt 0.898682 0.020264
vt 0.901367 0.020264
vt 0.694580 0.893066
vt 0.689453 0.899902
vt 0.687256 0.891357
vt 0.694580 0.884521
vt 0.683594 0.895264
vt 0.687988 0.886719
vt 0.681885 0.903320
vt 0.685303 0.882080
vt 0.678467 0.895752
vt 0.690674 0.876709
vt 0.673584 0.902100
vt 0.683350 0.872803
vt 0.673584 0.893311
vt 0.680908 0.879883
vt 0.667480 0.896484
vt 0.675293 0.873047
vt 0.672119 0.889160
vt 0.676025 0.881348
vt 0.665039 0.888428
vt 0.668457 0.877930
vt 0.672852 0.884521
vt 0.735107 0.889648
vt 0.731201 0.897217
vt 0.727783 0.887939
vt 0.735107 0.881348
vt 0.723633 0.893066
vt 0.726807 0.881348
vt 0.723145 0.901367
vt 0.729980 0.873779
vt 0.717285 0.893555
vt 0.721191 0.877930
vt 0.714844 0.900635
vt 0.722412 0.870361
vt 0.707520 0.895508
vt 0.713623 0.871582
vt 0.713379 0.889160
vt 0.715820 0.879883
vt 0.705078 0.886230
vt 0.707031 0.877686
vt 0.712891 0.883301
vt 0.611816 0.896240
vt 0.602783 0.899658
vt 0.608398 0.889404
vt 0.618164 0.889648
vt 0.601318 0.890869
vt 0.611572 0.884277
vt 0.593994 0.895996
vt 0.618896 0.880615
vt 0.597168 0.886963
vt 0.609863 0.878906
vt 0.588867 0.888916
vt 0.615234 0.872314
vt 0.597168 0.880371
vt 0.604004 0.876221
vt 0.588867 0.880127
vt 0.607178 0.868408
vt 0.593506 0.872314
vt 0.598633 0.868896
vt 0.600586 0.875732
vt 0.926025 0.888428
vt 0.924316 0.883789
vt 0.927246 0.882812
vt 0.922363 0.879395
vt 0.919678 0.880371
vt 0.915283 0.873535
vt 0.922607 0.875977
vt 0.917480 0.872070
vt 0.916016 0.870605
vt 0.914551 0.868164
vt 0.927246 0.862061
vt 0.977051 0.410156
vt 0.966553 0.410156
vt 0.971924 0.408447
vt 0.216064 0.343506
vt 0.213135 0.330078
vt 0.216064 0.315674
vt 0.934326 0.833252
vt 0.939209 0.833252
vt 0.938477 0.846924
vt 0.943359 0.849609
vt 0.943848 0.833252
vt 0.308594 0.947510
vt 0.308594 0.960449
vt 0.306396 0.947510
vt 0.306396 0.960449
vt 0.295410 0.960449
vt 0.295410 0.947510
vt 0.917969 0.658203
vt 0.917969 0.685303
vt 0.915039 0.671387
vt 0.976807 0.433838
vt 0.966553 0.433838
vt 0.971924 0.432373
vt 0.976318 0.522705
vt 0.975830 0.526855
vt 0.967285 0.522705
vt 0.966553 0.526855
vt 0.246094 0.862549
vt 0.246582 0.853516
vt 0.250977 0.862061
vt 0.251221 0.853027
vt 0.246094 0.844971
vt 0.250732 0.845459
vt 0.989990 0.435791
vt 0.981934 0.435791
vt 0.989502 0.433838
vt 0.947266 0.118164
vt 0.945312 0.117676
vt 0.947510 0.110107
vt 0.945557 0.110107
vt 0.947266 0.101807
vt 0.945312 0.102051
vt 0.990234 0.399658
vt 0.989502 0.401611
vt 0.981934 0.399658
vt 0.981934 0.401367
vt 0.943359 0.587402
vt 0.943604 0.579102
vt 0.945312 0.586914
vt 0.945801 0.579346
vt 0.943359 0.570801
vt 0.976562 0.518311
vt 0.967285 0.518311
vt 0.975830 0.514160
vt 0.966553 0.514160
vt 0.832764 0.602295
vt 0.827881 0.601562
vt 0.833008 0.593018
vt 0.828369 0.592285
vt 0.832764 0.584473
vt 0.827881 0.584961
vt 0.976074 0.647949
vt 0.975830 0.652100
vt 0.966797 0.647949
vt 0.966553 0.652100
vt 0.935059 0.740479
vt 0.935547 0.731201
vt 0.939941 0.740723
vt 0.940186 0.731445
vt 0.935059 0.723145
vt 0.939941 0.723389
vt 0.339844 0.014160
vt 0.299072 0.060303
vt 0.339111 0.013672
vt 0.297852 0.060303
vt 0.259033 0.105957
vt 0.258057 0.105225
vt 0.258057 0.106201
vt 0.339111 0.260498
vt 0.339844 0.260010
vt 0.456787 0.339844
vt 0.498047 0.339844
vt 0.456787 0.419922
vt 0.646484 0.419922
vt 0.456787 0.498779
vt 0.646484 0.498779
vt 0.604736 0.339844
vt 0.646484 0.339844
vt 0.498047 0.296875
vt 0.604736 0.296875
vt 0.862305 0.770264
vt 0.861572 0.769775
vt 0.862549 0.769531
vt 0.858398 0.743896
vt 0.859375 0.743652
vt 0.861328 0.731934
vt 0.862549 0.731689
vt 0.664307 0.868164
vt 0.664307 0.867188
vt 0.704346 0.866455
vt 0.705078 0.867432
vt 0.705566 0.843750
vt 0.665527 0.844482
vt 0.665283 0.830566
vt 0.666504 0.830566
vt 0.705078 0.820312
vt 0.666260 0.820312
vt 0.975830 0.831787
vt 0.966553 0.831787
vt 0.974854 0.829102
vt 0.990479 0.114014
vt 0.981934 0.114502
vt 0.981934 0.112305
vt 0.797607 0.886719
vt 0.794922 0.885986
vt 0.795166 0.877930
vt 0.797852 0.877930
vt 0.797607 0.870361
vt 0.794922 0.870361
vt 0.989502 0.606201
vt 0.981934 0.607910
vt 0.981934 0.606201
vt 0.874512 0.319580
vt 0.874512 0.286377
vt 0.875488 0.286621
vt 0.875488 0.319336
vt 0.483398 0.987793
vt 0.482910 0.987061
vt 0.483643 0.987061
vt 0.483643 0.982910
vt 0.482910 0.982422
vt 0.720459 0.470947
vt 0.719482 0.470947
vt 0.720459 0.365234
vt 0.719482 0.365234
vt 0.719727 0.364502
vt 0.715820 0.470703
vt 0.715820 0.364990
vt 0.851562 0.398926
vt 0.850586 0.398926
vt 0.850586 0.361084
vt 0.851562 0.360596
vt 0.167480 0.847900
vt 0.168213 0.846924
vt 0.208984 0.847900
vt 0.208984 0.846924
vt 0.209717 0.847168
vt 0.169922 0.823975
vt 0.210693 0.823975
vt 0.210449 0.810303
vt 0.208984 0.810303
vt 0.169678 0.800781
vt 0.208984 0.800049
vt 0.990479 0.092529
vt 0.990479 0.095459
vt 0.981934 0.095459
vt 0.981934 0.093018
vt 0.946289 0.245605
vt 0.946777 0.236816
vt 0.949463 0.237061
vt 0.948975 0.245117
vt 0.946289 0.229492
vt 0.949219 0.229492
vt 0.173584 0.553223
vt 0.173584 0.554199
vt 0.103516 0.540283
vt 0.102783 0.541260
vt 0.034424 0.527588
vt 0.034424 0.528564
vt 0.033447 0.528076
vt 0.023438 0.547119
vt 0.022461 0.546631
vt 0.011719 0.554199
vt 0.010986 0.553467
vt 0.976074 0.656250
vt 0.975830 0.660156
vt 0.966553 0.660156
vt 0.966797 0.656250
vt 0.163086 0.546631
vt 0.163330 0.537354
vt 0.168213 0.537354
vt 0.167725 0.546875
vt 0.167725 0.529297
vt 0.163086 0.529297
vt 0.487061 0.168701
vt 0.487061 0.088135
vt 0.489746 0.126465
vt 0.489746 0.157715
vt 0.512939 0.168701
vt 0.524658 0.157715
vt 0.524658 0.175537
vt 0.524658 0.087402
vt 0.524658 0.126221
vt 0.512939 0.084717
vt 0.517822 0.082520
vt 0.490479 0.084717
vt 0.516357 0.081299
vt 0.490479 0.022705
vt 0.516357 0.023926
vt 0.487061 0.010254
vt 0.517822 0.021729
vt 0.493164 0.020508
vt 0.512207 0.020508
vt 0.512939 0.010254
vt 0.524658 0.019775
vt 0.524658 0.002686
vt 0.502441 0.665039
vt 0.501465 0.665039
vt 0.502441 0.643799
vt 0.501465 0.643799
vt 0.410156 0.002441
vt 0.410156 0.192139
vt 0.409424 0.151123
vt 0.384033 0.192139
vt 0.384033 0.151123
vt 0.409424 0.043701
vt 0.384033 0.002441
vt 0.384033 0.043701
vt 0.772949 0.045898
vt 0.773193 0.003418
vt 0.777832 0.045898
vt 0.779785 0.040283
vt 0.785400 0.036865
vt 0.799072 0.003418
vt 0.790771 0.038330
vt 0.814697 0.030029
vt 0.818848 0.015869
vt 0.818848 0.026123
vt 0.794189 0.043213
vt 0.814697 0.056885
vt 0.794189 0.047852
vt 0.790771 0.052002
vt 0.819336 0.068359
vt 0.820068 0.060791
vt 0.785400 0.053467
vt 0.776367 0.068359
vt 0.779785 0.050049
vt 0.777100 0.046387
vt 0.565918 0.782715
vt 0.570068 0.782715
vt 0.565918 0.783447
vt 0.570801 0.783447
vt 0.566162 0.825684
vt 0.572998 0.779541
vt 0.572998 0.789062
vt 0.569336 0.760986
vt 0.578369 0.792480
vt 0.578369 0.776123
vt 0.592041 0.825684
vt 0.612549 0.760986
vt 0.583740 0.791016
vt 0.583740 0.777344
vt 0.607910 0.799072
vt 0.611816 0.813477
vt 0.611816 0.803223
vt 0.587158 0.786377
vt 0.607666 0.772705
vt 0.613281 0.768555
vt 0.587158 0.781494
vt 0.568848 0.191650
vt 0.542969 0.191650
vt 0.542969 0.190918
vt 0.568848 0.190918
vt 0.531250 0.197754
vt 0.531250 0.179932
vt 0.566162 0.179932
vt 0.566162 0.148682
vt 0.568848 0.110840
vt 0.531250 0.110107
vt 0.531250 0.148682
vt 0.565430 0.149414
vt 0.531250 0.149414
vt 0.542969 0.107422
vt 0.538086 0.105225
vt 0.565430 0.107422
vt 0.539551 0.104004
vt 0.565430 0.045410
vt 0.539551 0.046875
vt 0.568848 0.033203
vt 0.538086 0.044922
vt 0.562744 0.043457
vt 0.543701 0.043457
vt 0.542969 0.033203
vt 0.531250 0.042725
vt 0.531250 0.025879
vt 0.778076 0.138428
vt 0.778076 0.107910
vt 0.781494 0.106445
vt 0.780762 0.106445
vt 0.803223 0.138428
vt 0.784912 0.077148
vt 0.789795 0.106445
vt 0.784180 0.103760
vt 0.782227 0.098145
vt 0.784180 0.092773
vt 0.789795 0.090820
vt 0.798584 0.077148
vt 0.795166 0.092041
vt 0.797852 0.096191
vt 0.819824 0.077148
vt 0.797852 0.101074
vt 0.819824 0.111328
vt 0.823730 0.125488
vt 0.795898 0.104492
vt 0.744385 0.638672
vt 0.744385 0.746338
vt 0.713623 0.746338
vt 0.713623 0.638672
vt 0.688965 0.607422
vt 0.688965 0.714844
vt 0.686279 0.714844
vt 0.686279 0.607422
vt 0.781738 0.217773
vt 0.785156 0.249756
vt 0.781738 0.248291
vt 0.784424 0.249756
vt 0.806885 0.217773
vt 0.788574 0.278809
vt 0.793213 0.249756
vt 0.787842 0.252441
vt 0.785889 0.257812
vt 0.787842 0.263184
vt 0.793213 0.265381
vt 0.802246 0.278809
vt 0.798828 0.263916
vt 0.801514 0.260010
vt 0.823486 0.278809
vt 0.801514 0.255127
vt 0.823486 0.244873
vt 0.827637 0.230713
vt 0.799561 0.251709
vt 0.995117 0.218994
vt 0.997803 0.219727
vt 0.995117 0.221436
vt 0.997803 0.221191
vt 0.594971 0.996094
vt 0.594971 0.993164
vt 0.597656 0.995605
vt 0.597656 0.993652
vt 0.617432 0.996094
vt 0.614990 0.995605
vt 0.617432 0.993164
vt 0.614990 0.993896
vt 0.774170 0.996094
vt 0.771729 0.996094
vt 0.773682 0.993408
vt 0.771973 0.993164
vt 0.012695 0.528076
vt 0.008301 0.542969
vt 0.008301 0.523926
vt 0.012939 0.525146
vt 0.996338 0.493164
vt 0.995117 0.491699
vt 0.997070 0.491699
vt 0.668701 0.762939
vt 0.664551 0.758789
vt 0.668701 0.743896
vt 0.306641 0.060303
vt 0.306641 0.182861
vt 0.304688 0.063477
vt 0.304688 0.179688
vt 0.977051 0.402344
vt 0.968262 0.404053
vt 0.966553 0.402344
vt 0.973633 0.700195
vt 0.973389 0.702148
vt 0.966553 0.703125
vt 0.976074 0.703125
vt 0.274902 0.977051
vt 0.272949 0.976318
vt 0.274902 0.976318
vt 0.272949 0.965576
vt 0.274902 0.964844
vt 0.977051 0.397949
vt 0.966553 0.397949
vt 0.968262 0.396240
vt 0.973633 0.583984
vt 0.973633 0.582031
vt 0.976318 0.581055
vt 0.966553 0.581055
vt 0.997070 0.502686
vt 0.996582 0.504150
vt 0.995117 0.502686
vt 0.748779 0.996094
vt 0.746094 0.995361
vt 0.748779 0.993164
vt 0.746094 0.993408
vt 0.997803 0.081299
vt 0.997803 0.083496
vt 0.995117 0.081787
vt 0.995117 0.083252
vt 0.184814 0.317627
vt 0.179932 0.314453
vt 0.181641 0.312988
vt 0.175049 0.307861
vt 0.182129 0.309326
vt 0.176758 0.306641
vt 0.175293 0.305176
vt 0.173584 0.302979
vt 0.184814 0.296143
vt 0.170410 0.300293
vt 0.634766 0.976318
vt 0.634766 0.971680
vt 0.636719 0.971680
vt 0.637207 0.964844
vt 0.632324 0.969238
vt 0.925537 0.100342
vt 0.925537 0.125488
vt 0.924561 0.100342
vt 0.924561 0.125000
vt 0.851562 0.528320
vt 0.850830 0.527588
vt 0.850830 0.493408
vt 0.851562 0.493408
vt 0.849365 0.516602
vt 0.848877 0.515869
vt 0.849365 0.522217
vt 0.839844 0.527588
vt 0.848145 0.522217
vt 0.839844 0.517334
vt 0.848145 0.517334
vt 0.849365 0.493408
vt 0.839844 0.515869
vt 0.839844 0.485107
vt 0.848145 0.489990
vt 0.849365 0.483887
vt 0.869141 0.395264
vt 0.869141 0.360352
vt 0.870117 0.394531
vt 0.870117 0.360352
vt 0.287598 0.977051
vt 0.285400 0.976318
vt 0.287598 0.966064
vt 0.285400 0.964844
vt 0.262207 0.508057
vt 0.259521 0.507568
vt 0.262939 0.501709
vt 0.260254 0.501221
vt 0.262695 0.497070
vt 0.275146 0.497314
vt 0.277100 0.492920
vt 0.259033 0.492432
vt 0.261963 0.494385
vt 0.261230 0.489502
vt 0.276367 0.489502
vt 0.279053 0.977051
vt 0.279053 0.966064
vt 0.281250 0.976318
vt 0.281250 0.964844
vt 0.555664 0.987549
vt 0.555664 0.982422
vt 0.557373 0.983154
vt 0.911621 0.107178
vt 0.912598 0.107178
vt 0.911621 0.133057
vt 0.912598 0.132324
vt 0.838135 0.668701
vt 0.838623 0.633789
vt 0.838623 0.667969
vt 0.838135 0.633789
vt 0.840088 0.656982
vt 0.840820 0.656250
vt 0.840088 0.662598
vt 0.849609 0.667969
vt 0.841553 0.662598
vt 0.849609 0.657715
vt 0.841553 0.657715
vt 0.840088 0.633789
vt 0.849609 0.656250
vt 0.849609 0.625488
vt 0.841553 0.630371
vt 0.840088 0.624268
vt 0.997559 0.318604
vt 0.997314 0.321045
vt 0.995117 0.318604
vt 0.739014 0.996094
vt 0.739014 0.993164
vt 0.741943 0.995605
vt 0.741943 0.993652
vt 0.666260 0.976318
vt 0.666016 0.971191
vt 0.668213 0.972412
vt 0.668213 0.964844
vt 0.995850 0.487549
vt 0.995117 0.486084
vt 0.997070 0.486084
vt 0.192139 0.728271
vt 0.192139 0.790527
vt 0.189941 0.729004
vt 0.189941 0.789795
vt 0.930908 0.267822
vt 0.928955 0.266357
vt 0.930908 0.245361
vt 0.928955 0.245850
vt 0.367432 0.358398
vt 0.366211 0.355469
vt 0.369385 0.357666
vt 0.368408 0.354980
vt 0.367432 0.336426
vt 0.369385 0.337158
vt 0.997803 0.150635
vt 0.997803 0.152832
vt 0.995117 0.151367
vt 0.508545 0.993164
vt 0.508545 0.996338
vt 0.506836 0.995361
vt 0.997559 0.295166
vt 0.995117 0.295898
vt 0.995117 0.293457
vt 0.345459 0.877930
vt 0.345459 0.908691
vt 0.334473 0.877930
vt 0.334473 0.908691
vt 0.755859 0.868164
vt 0.757080 0.863281
vt 0.766602 0.867432
vt 0.758545 0.863037
vt 0.766602 0.858398
vt 0.758545 0.858887
vt 0.757080 0.858398
vt 0.755859 0.838135
vt 0.757812 0.857666
vt 0.757080 0.837891
vt 0.766602 0.857178
vt 0.766602 0.830078
vt 0.758301 0.834473
vt 0.041504 0.912598
vt 0.041504 0.881836
vt 0.051758 0.912354
vt 0.051758 0.881836
vt 0.791504 0.853271
vt 0.783447 0.853271
vt 0.791504 0.841553
vt 0.779297 0.853271
vt 0.779297 0.810303
vt 0.794189 0.809570
vt 0.777100 0.811035
vt 0.774170 0.810303
vt 0.777100 0.853271
vt 0.774170 0.853271
vt 0.487549 0.504639
vt 0.485596 0.506836
vt 0.483643 0.504639
vt 0.481445 0.506104
vt 0.478760 0.507324
vt 0.478760 0.516357
vt 0.485596 0.633301
vt 0.478760 0.623047
vt 0.456787 0.516357
vt 0.456787 0.623047
vt 0.478760 0.632568
vt 0.481445 0.634033
vt 0.483643 0.635498
vt 0.487549 0.635498
vt 0.855225 0.598389
vt 0.846436 0.598389
vt 0.855225 0.555420
vt 0.846436 0.555420
vt 0.635498 0.015137
vt 0.635498 0.122559
vt 0.605957 0.015137
vt 0.605957 0.122559
vt 0.598389 0.004883
vt 0.602539 0.009521
vt 0.594482 0.002686
vt 0.591553 0.014404
vt 0.591553 0.002686
vt 0.602539 0.127930
vt 0.598389 0.132812
vt 0.594482 0.134766
vt 0.591553 0.123291
vt 0.591553 0.134766
vt 0.576660 0.028076
vt 0.577148 0.123291
vt 0.577148 0.014404
vt 0.576660 0.002686
vt 0.857178 0.099854
vt 0.847412 0.099854
vt 0.857178 0.056641
vt 0.847412 0.056641
vt 0.853271 0.203125
vt 0.850830 0.203125
vt 0.850830 0.160645
vt 0.853271 0.160156
vt 0.868896 0.133057
vt 0.866455 0.133057
vt 0.868896 0.097900
vt 0.866455 0.097412
vt 0.871826 0.097168
vt 0.854736 0.718506
vt 0.846680 0.718506
vt 0.846680 0.706787
vt 0.858887 0.718506
vt 0.858887 0.675293
vt 0.843994 0.674805
vt 0.843994 0.707031
vt 0.413818 0.876221
vt 0.413818 0.906982
vt 0.402832 0.906982
vt 0.402832 0.876221
vt 0.153320 0.916260
vt 0.143066 0.916260
vt 0.153320 0.885742
vt 0.143066 0.885498
vt 0.016846 0.870117
vt 0.024902 0.864502
vt 0.026367 0.864502
vt 0.016846 0.861084
vt 0.024902 0.860352
vt 0.027588 0.869141
vt 0.026367 0.859619
vt 0.027588 0.839111
vt 0.025635 0.859131
vt 0.026367 0.839111
vt 0.016846 0.859863
vt 0.016846 0.832764
vt 0.024902 0.835938
vt 0.026367 0.830811
vt 0.987305 0.993164
vt 0.989258 0.993164
vt 0.987793 0.996094
vt 0.564697 0.994629
vt 0.562744 0.996338
vt 0.562744 0.993164
vt 0.995117 0.175781
vt 0.997803 0.176514
vt 0.995117 0.177979
vt 0.413574 0.685791
vt 0.415527 0.686523
vt 0.413574 0.748047
vt 0.415527 0.747314
vt 0.927002 0.459961
vt 0.927002 0.437256
vt 0.929199 0.458496
vt 0.929199 0.437988
vt 0.198730 0.996826
vt 0.196533 0.996582
vt 0.198730 0.993408
vt 0.196533 0.993164
vt 0.995117 0.513672
vt 0.996826 0.514160
vt 0.995117 0.515137
vt 0.520020 0.996338
vt 0.518799 0.995850
vt 0.520020 0.993164
vt 0.997803 0.108643
vt 0.995117 0.108643
vt 0.997803 0.106689
vt 0.995117 0.107422
vt 0.997803 0.068604
vt 0.997803 0.070557
vt 0.995117 0.069336
vt 0.995117 0.070557
vt 0.995117 0.212402
vt 0.997803 0.212891
vt 0.995117 0.214844
vt 0.997803 0.214600
vt 0.997803 0.125488
vt 0.997803 0.127686
vt 0.995117 0.125488
vt 0.788818 0.347168
vt 0.783936 0.347168
vt 0.788818 0.286377
vt 0.783936 0.286377
vt 0.544678 0.987549
vt 0.541504 0.987061
vt 0.544678 0.982910
vt 0.541504 0.982422
vt 0.997803 0.114990
vt 0.995117 0.114990
vt 0.997803 0.113037
vt 0.995117 0.113770
vt 0.997803 0.074951
vt 0.997803 0.076904
vt 0.995117 0.075684
vt 0.995117 0.076904
vt 0.635010 0.996094
vt 0.635010 0.993164
vt 0.637451 0.995361
vt 0.453857 0.996094
vt 0.451904 0.996582
vt 0.453857 0.993164
vt 0.451904 0.993652
vt 0.775391 0.970215
vt 0.785645 0.969482
vt 0.775391 0.975830
vt 0.785645 0.975098
vt 0.775391 0.964844
vt 0.785645 0.965332
vt 0.755127 0.906982
vt 0.755127 0.877441
vt 0.755371 0.898682
vt 0.544922 0.908691
vt 0.544678 0.900635
vt 0.544922 0.879150
vt 0.689697 0.975830
vt 0.690430 0.964844
vt 0.695312 0.975830
vt 0.694580 0.964844
vt 0.684326 0.975830
vt 0.685059 0.964844
vt 0.995117 0.190430
vt 0.995117 0.188477
vt 0.997803 0.190430
vt 0.997803 0.189209
vt 0.997803 0.096191
vt 0.995117 0.095459
vt 0.997803 0.093994
vt 0.995117 0.094238
vt 0.431152 0.993896
vt 0.431152 0.996582
vt 0.428955 0.993164
vt 0.428955 0.996094
vt 0.780762 0.996094
vt 0.778320 0.996094
vt 0.780029 0.993408
vt 0.778809 0.993164
vt 0.483643 0.772217
vt 0.483643 0.711182
vt 0.487549 0.772217
vt 0.487549 0.711182
vt 0.098145 0.993164
vt 0.098145 0.996826
vt 0.094727 0.993408
vt 0.094727 0.997070
vt 0.995117 0.184326
vt 0.995117 0.182129
vt 0.997803 0.184326
vt 0.997803 0.182861
vt 0.997803 0.102539
vt 0.995117 0.101807
vt 0.997803 0.100342
vt 0.995117 0.100342
vt 0.349365 0.994385
vt 0.347656 0.996582
vt 0.347656 0.993164
vt 0.787598 0.996094
vt 0.785156 0.996094
vt 0.786865 0.993408
vt 0.785400 0.993164
vt 0.997070 0.391846
vt 0.997314 0.393311
vt 0.995605 0.392090
vt 0.995117 0.393311
vt 0.997803 0.144531
vt 0.997803 0.146484
vt 0.995117 0.145752
vt 0.995117 0.257568
vt 0.997803 0.255615
vt 0.997803 0.257812
vt 0.997559 0.277100
vt 0.995117 0.277100
vt 0.995361 0.275146
vt 0.370605 0.996582
vt 0.370605 0.993164
vt 0.371826 0.995850
vt 0.997314 0.410645
vt 0.995605 0.410645
vt 0.997314 0.409180
vt 0.995117 0.409424
vt 0.540527 0.994629
vt 0.538330 0.996338
vt 0.538330 0.993164
vt 0.988770 0.869629
vt 0.988770 0.873779
vt 0.982666 0.873779
vt 0.981934 0.869629
vt 0.234375 0.988281
vt 0.234375 0.982422
vt 0.238525 0.982910
vt 0.238525 0.988281
vt 0.903809 0.996094
vt 0.903809 0.993164
vt 0.906494 0.995361
vt 0.906494 0.993896
vt 0.776611 0.801758
vt 0.776611 0.740967
vt 0.784668 0.767578
vt 0.779297 0.738770
vt 0.784668 0.777832
vt 0.797119 0.801514
vt 0.791504 0.777832
vt 0.799805 0.798096
vt 0.791504 0.767578
vt 0.791504 0.755859
vt 0.791504 0.744141
vt 0.796387 0.755859
vt 0.796387 0.738770
vt 0.799805 0.742188
vt 0.796387 0.744141
vt 0.802490 0.709229
vt 0.802490 0.691162
vt 0.807129 0.708984
vt 0.807129 0.690918
vt 0.997070 0.397705
vt 0.997314 0.399170
vt 0.995605 0.397949
vt 0.995117 0.399170
vt 0.997314 0.404541
vt 0.995117 0.405029
vt 0.996582 0.403320
vt 0.995117 0.403320
vt 0.649170 0.996094
vt 0.648193 0.995605
vt 0.649170 0.993164
vt 0.687012 0.996094
vt 0.687012 0.993164
vt 0.689453 0.995117
vt 0.121582 0.988525
vt 0.117432 0.988525
vt 0.117432 0.982910
vt 0.121582 0.982422
vt 0.057129 0.988770
vt 0.057129 0.982422
vt 0.061279 0.982910
vt 0.061279 0.988770
vt 0.876221 0.996094
vt 0.876221 0.993164
vt 0.879150 0.995361
vt 0.879150 0.993896
vt 0.498047 0.914062
vt 0.498779 0.934570
vt 0.493408 0.934570
vt 0.493408 0.914062
vt 0.502930 0.914062
vt 0.504395 0.934570
vt 0.365723 0.506104
vt 0.363770 0.506104
vt 0.363525 0.497803
vt 0.365723 0.497803
vt 0.363770 0.490479
vt 0.365723 0.489746
vt 0.295654 0.916016
vt 0.294922 0.936523
vt 0.290039 0.916016
vt 0.290039 0.936523
vt 0.299805 0.936523
vt 0.301025 0.916016
vt 0.260498 0.860840
vt 0.258301 0.860840
vt 0.260498 0.852539
vt 0.258301 0.852539
vt 0.260498 0.844971
vt 0.258301 0.844238
vt 0.990723 0.068115
vt 0.981934 0.068115
vt 0.982666 0.066162
vt 0.628418 0.993164
vt 0.630859 0.993896
vt 0.628418 0.996094
vt 0.229736 0.970947
vt 0.233887 0.970947
vt 0.233887 0.976318
vt 0.229736 0.977051
vt 0.233887 0.965332
vt 0.229736 0.964844
vt 0.858154 0.993164
vt 0.857422 0.996094
vt 0.855469 0.993164
vt 0.855957 0.996094
vt 0.324707 0.810791
vt 0.324707 0.792725
vt 0.328857 0.792480
vt 0.328857 0.810547
vt 0.997314 0.427979
vt 0.995605 0.427979
vt 0.997314 0.426514
vt 0.995117 0.426758
vt 0.997314 0.420898
vt 0.996582 0.422119
vt 0.995117 0.420654
vt 0.995117 0.422119
vt 0.805420 0.208740
vt 0.797119 0.185059
vt 0.797119 0.174805
vt 0.784912 0.208740
vt 0.805420 0.148193
vt 0.790283 0.185059
vt 0.781982 0.205322
vt 0.802734 0.146240
vt 0.790283 0.174805
vt 0.790283 0.163086
vt 0.785400 0.163086
vt 0.790283 0.151611
vt 0.785400 0.146240
vt 0.785400 0.151611
vt 0.781982 0.149658
vt 0.789551 0.162354
vt 0.785400 0.162354
vt 0.785400 0.152344
vt 0.789551 0.152344
vt 0.422607 0.994629
vt 0.424805 0.993164
vt 0.424805 0.996582
vt 0.892578 0.996094
vt 0.890137 0.996094
vt 0.892090 0.993164
vt 0.238281 0.971680
vt 0.242188 0.971680
vt 0.242188 0.976318
vt 0.238281 0.977051
vt 0.242188 0.965332
vt 0.238281 0.964844
vt 0.995117 0.281250
vt 0.997559 0.281250
vt 0.995361 0.283203
vt 0.458008 0.996582
vt 0.458008 0.993164
vt 0.459229 0.994141
vt 0.838623 0.993164
vt 0.837891 0.996094
vt 0.835938 0.993164
vt 0.836426 0.996094
vt 0.997314 0.433838
vt 0.995605 0.433838
vt 0.997314 0.432129
vt 0.995117 0.432617
vt 0.514648 0.993164
vt 0.514648 0.996338
vt 0.512939 0.994141
vt 0.997314 0.414795
vt 0.997314 0.416504
vt 0.995605 0.415039
vt 0.995117 0.416260
vt 0.054443 0.957520
vt 0.049072 0.958740
vt 0.044922 0.947754
vt 0.044922 0.956055
vt 0.049316 0.945557
vt 0.057373 0.951416
vt 0.055176 0.947021
vt 0.436279 0.996582
vt 0.435303 0.995850
vt 0.436279 0.993164
vt 0.940186 0.264160
vt 0.935303 0.263428
vt 0.940186 0.255127
vt 0.935303 0.255371
vt 0.935303 0.247070
vt 0.940186 0.247070
vt 0.661133 0.953125
vt 0.655273 0.955078
vt 0.651123 0.943848
vt 0.651123 0.952637
vt 0.655273 0.941406
vt 0.663086 0.947266
vt 0.660645 0.942871
vt 0.441406 0.996582
vt 0.440430 0.995850
vt 0.441406 0.993164
vt 0.413818 0.934570
vt 0.408447 0.934570
vt 0.411865 0.914307
vt 0.405762 0.914307
vt 0.404053 0.934570
vt 0.559570 0.155029
vt 0.558105 0.175537
vt 0.554443 0.155273
vt 0.552002 0.175537
vt 0.549805 0.155029
vt 0.477295 0.996338
vt 0.477295 0.993164
vt 0.478271 0.995850
vt 0.531006 0.954834
vt 0.529053 0.949219
vt 0.536865 0.943359
vt 0.531494 0.944824
vt 0.541260 0.945801
vt 0.536865 0.956787
vt 0.541260 0.954346
vt 0.937256 0.199463
vt 0.937256 0.190674
vt 0.942139 0.198730
vt 0.941895 0.190674
vt 0.942139 0.182373
vt 0.937256 0.182373
vt 0.482666 0.996338
vt 0.482666 0.993164
vt 0.483643 0.995850
vt 0.897461 0.959473
vt 0.894531 0.953369
vt 0.902588 0.947510
vt 0.896729 0.948730
vt 0.906982 0.949707
vt 0.902832 0.960449
vt 0.906982 0.957764
vt 0.997803 0.133789
vt 0.995117 0.133789
vt 0.995117 0.131836
vt 0.997803 0.131836
vt 0.982422 0.996094
vt 0.980469 0.996094
vt 0.980469 0.993164
vt 0.983154 0.993164
vt 0.997803 0.140137
vt 0.995117 0.140137
vt 0.995117 0.138184
vt 0.997803 0.138184
vt 0.545898 0.996338
vt 0.544678 0.995605
vt 0.545898 0.993164
vt 0.995117 0.264160
vt 0.997803 0.261963
vt 0.997803 0.264404
vt 0.951172 0.321289
vt 0.948486 0.321289
vt 0.948486 0.313232
vt 0.951172 0.313232
vt 0.951172 0.305664
vt 0.948486 0.305664
vt 0.976807 0.197266
vt 0.976807 0.204102
vt 0.966553 0.197510
vt 0.966553 0.204102
vt 0.976807 0.258789
vt 0.966553 0.258057
vt 0.976807 0.252441
vt 0.909912 0.964844
vt 0.909668 0.975586
vt 0.903320 0.964844
vt 0.903320 0.975586
vt 0.870850 0.964844
vt 0.876953 0.965088
vt 0.870850 0.975830
vt 0.949463 0.360107
vt 0.946777 0.360107
vt 0.949463 0.352051
vt 0.946533 0.352051
vt 0.946777 0.344482
vt 0.949463 0.344482
vt 0.997803 0.159180
vt 0.995117 0.159180
vt 0.997803 0.156982
vt 0.995117 0.156982
vt 0.791748 0.993164
vt 0.794189 0.993164
vt 0.792236 0.996094
vt 0.793701 0.996094
vt 0.005127 0.349121
vt 0.002930 0.348389
vt 0.005615 0.332275
vt 0.003418 0.332520
vt 0.002930 0.327881
vt 0.005127 0.326904
vt 0.997803 0.165283
vt 0.995117 0.165283
vt 0.997803 0.163330
vt 0.995117 0.163330
vt 0.927490 0.996094
vt 0.924561 0.996094
vt 0.926758 0.993164
vt 0.924561 0.993164
vt 0.975586 0.879639
vt 0.975586 0.884521
vt 0.966553 0.879639
vt 0.966553 0.884521
vt 0.813477 0.384277
vt 0.818359 0.366455
vt 0.818359 0.383545
vt 0.813477 0.366455
vt 0.902832 0.628418
vt 0.905029 0.613770
vt 0.905029 0.644775
vt 0.921631 0.052490
vt 0.918945 0.066406
vt 0.918945 0.039795
vt 0.107178 0.188477
vt 0.104248 0.173828
vt 0.107178 0.172607
vt 0.221924 0.936523
vt 0.221680 0.916016
vt 0.226562 0.936523
vt 0.227295 0.916016
vt 0.232178 0.936523
vt 0.232666 0.916016
vt 0.365234 0.976562
vt 0.360352 0.972656
vt 0.365234 0.964844
vt 0.967285 0.438232
vt 0.976562 0.444336
vt 0.966553 0.444336
vt 0.823730 0.736816
vt 0.823730 0.757324
vt 0.819092 0.757324
vt 0.818359 0.736816
vt 0.813477 0.757324
vt 0.812988 0.736816
vt 0.908203 0.229736
vt 0.910645 0.213623
vt 0.910645 0.243896
vt 0.917236 0.113281
vt 0.919922 0.100342
vt 0.919922 0.127441
vt 0.829346 0.554199
vt 0.825195 0.553467
vt 0.825195 0.536377
vt 0.829346 0.536377
vt 0.975586 0.888672
vt 0.975586 0.893555
vt 0.966553 0.893555
vt 0.966553 0.888672
vt 0.989746 0.509521
vt 0.988281 0.511963
vt 0.981934 0.509521
vt 0.445801 0.987793
vt 0.441895 0.987793
vt 0.445801 0.982422
vt 0.441650 0.982910
vt 0.324219 0.987793
vt 0.324219 0.982422
vt 0.328369 0.987061
vt 0.328369 0.982422
vt 0.095703 0.988770
vt 0.091797 0.988525
vt 0.095703 0.982422
vt 0.091797 0.983643
vt 0.159424 0.988525
vt 0.159424 0.982422
vt 0.163574 0.987793
vt 0.163574 0.982910
vt 0.906982 0.493164
vt 0.906982 0.462646
vt 0.909912 0.479248
vt 0.910645 0.493164
vt 0.914307 0.062744
vt 0.911621 0.049561
vt 0.914307 0.033936
vt 0.062744 0.095947
vt 0.058594 0.095703
vt 0.060303 0.082031
vt 0.055664 0.079102
vt 0.053955 0.095459
vt 0.055908 0.063477
vt 0.053955 0.063232
vt 0.062012 0.065186
vt 0.104980 0.881104
vt 0.109131 0.869385
vt 0.109131 0.881104
vt 0.104980 0.868652
vt 0.115479 0.870117
vt 0.115479 0.881104
vt 0.121826 0.881104
vt 0.121826 0.867432
vt 0.113037 0.862061
vt 0.116455 0.862549
vt 0.116455 0.846191
vt 0.110107 0.862061
vt 0.113037 0.845459
vt 0.110107 0.845459
vt 0.602295 0.143066
vt 0.602295 0.168457
vt 0.590576 0.143066
vt 0.590576 0.249268
vt 0.600830 0.249268
vt 0.602051 0.263672
vt 0.590576 0.275146
vt 0.602295 0.275146
vt 0.868408 0.763672
vt 0.874268 0.755371
vt 0.874268 0.764893
vt 0.879639 0.766602
vt 0.868408 0.751709
vt 0.879639 0.756348
vt 0.875244 0.747070
vt 0.868408 0.733154
vt 0.875244 0.732666
vt 0.878662 0.746826
vt 0.881104 0.747559
vt 0.878662 0.732422
vt 0.906982 0.683350
vt 0.904297 0.669678
vt 0.906982 0.652832
vt 0.919922 0.003662
vt 0.919922 0.031494
vt 0.916992 0.016113
vt 0.872314 0.519043
vt 0.874756 0.505127
vt 0.876221 0.518799
vt 0.879395 0.502197
vt 0.881104 0.518555
vt 0.879150 0.486328
vt 0.881104 0.486328
vt 0.873047 0.488281
vt 0.083252 0.988770
vt 0.083252 0.982422
vt 0.087646 0.988281
vt 0.087646 0.983398
vt 0.155273 0.988525
vt 0.151123 0.987793
vt 0.155273 0.982422
vt 0.151123 0.983154
vt 0.433350 0.987793
vt 0.433350 0.982422
vt 0.437500 0.987305
vt 0.437500 0.982422
vt 0.429199 0.987793
vt 0.425049 0.987061
vt 0.429199 0.982422
vt 0.425049 0.982422
vt 0.989746 0.537598
vt 0.981934 0.537598
vt 0.988281 0.535156
vt 0.413574 0.976318
vt 0.407227 0.976318
vt 0.413574 0.964844
vt 0.407227 0.964844
vt 0.171875 0.988525
vt 0.167725 0.988525
vt 0.167725 0.982422
vt 0.171875 0.982422
vt 0.392334 0.976562
vt 0.388672 0.976318
vt 0.392334 0.965088
vt 0.388672 0.964844
vt 0.125977 0.988525
vt 0.125977 0.982422
vt 0.129883 0.988525
vt 0.129883 0.982422
vt 0.989746 0.516113
vt 0.988525 0.518799
vt 0.981934 0.516113
vt 0.988281 0.976807
vt 0.986816 0.978027
vt 0.981934 0.973145
vt 0.988525 0.973145
vt 0.474854 0.910645
vt 0.474854 0.879883
vt 0.480225 0.910645
vt 0.480225 0.879883
vt 0.907471 0.002441
vt 0.908691 0.002441
vt 0.908691 0.033203
vt 0.907471 0.033203
vt 0.260498 0.912598
vt 0.255615 0.912598
vt 0.255615 0.881836
vt 0.260498 0.881836
vt 0.908691 0.339355
vt 0.910645 0.327148
vt 0.910645 0.356445
vt 0.895752 0.910645
vt 0.893799 0.925537
vt 0.893799 0.900146
vt 0.241943 0.886963
vt 0.241943 0.916260
vt 0.239014 0.901611
vt 0.237793 0.886963
vt 0.328857 0.919922
vt 0.325928 0.906006
vt 0.328857 0.892334
vt 0.883057 0.670410
vt 0.878174 0.670166
vt 0.880371 0.656006
vt 0.876465 0.652832
vt 0.875488 0.669922
vt 0.877441 0.638672
vt 0.875488 0.638428
vt 0.882812 0.641113
vt 0.912598 0.626953
vt 0.912598 0.655762
vt 0.910645 0.643555
vt 0.912598 0.393555
vt 0.909668 0.378906
vt 0.912598 0.364258
vt 0.921631 0.482178
vt 0.919678 0.467041
vt 0.921631 0.456299
vt 0.921631 0.135742
vt 0.921631 0.162598
vt 0.918701 0.148926
vt 0.875488 0.884766
vt 0.877930 0.870361
vt 0.880127 0.884521
vt 0.881836 0.867188
vt 0.883057 0.884277
vt 0.880859 0.852783
vt 0.883057 0.852783
vt 0.875488 0.855225
vt 0.904053 0.910645
vt 0.904053 0.879883
vt 0.908691 0.879883
vt 0.908691 0.910645
vt 0.905518 0.691406
vt 0.906982 0.691406
vt 0.905518 0.722168
vt 0.906982 0.722168
vt 0.910645 0.862549
vt 0.905273 0.862549
vt 0.910645 0.832031
vt 0.905273 0.832031
vt 0.218506 0.523438
vt 0.223389 0.520020
vt 0.223389 0.539307
vt 0.989014 0.774902
vt 0.982910 0.776855
vt 0.981934 0.774902
vt 0.886230 0.476807
vt 0.887207 0.459717
vt 0.891846 0.478271
vt 0.891357 0.462402
vt 0.890137 0.446777
vt 0.894043 0.478516
vt 0.894043 0.446533
vt 0.988770 0.914795
vt 0.981934 0.914795
vt 0.983398 0.912842
vt 0.932129 0.427490
vt 0.936523 0.423828
vt 0.936523 0.441406
vt 0.003906 0.989014
vt 0.002197 0.983643
vt 0.003906 0.982422
vt 0.441406 0.927002
vt 0.445068 0.923340
vt 0.445068 0.940186
vt 0.936523 0.504395
vt 0.936523 0.487305
vt 0.940186 0.500244
vt 0.985352 0.944092
vt 0.985352 0.945557
vt 0.981934 0.945557
vt 0.981934 0.944092
vt 0.988770 0.945557
vt 0.988770 0.944092
vt 0.971436 0.158447
vt 0.974854 0.160645
vt 0.966553 0.163330
vt 0.968018 0.159180
vt 0.976807 0.163330
vt 0.967285 0.166016
vt 0.976074 0.166016
vt 0.968750 0.168213
vt 0.976074 0.168213
vt 0.938477 0.569336
vt 0.933838 0.583740
vt 0.933838 0.566162
vt 0.988770 0.895508
vt 0.981934 0.895508
vt 0.983643 0.893799
vt 0.287354 0.993164
vt 0.287354 0.996582
vt 0.284668 0.993896
vt 0.284668 0.996094
vt 0.997803 0.050781
vt 0.997559 0.053467
vt 0.996094 0.053467
vt 0.995117 0.050781
vt 0.244141 0.996582
vt 0.244141 0.993164
vt 0.246826 0.996094
vt 0.246826 0.993896
vt 0.872070 0.996094
vt 0.869385 0.996094
vt 0.870117 0.993164
vt 0.872070 0.993164
vt 0.527100 0.996338
vt 0.524414 0.995850
vt 0.527100 0.993164
vt 0.524414 0.994141
vt 0.376221 0.996582
vt 0.376221 0.993164
vt 0.377441 0.994141
vt 0.997803 0.039795
vt 0.995117 0.039795
vt 0.995850 0.036865
vt 0.280518 0.993164
vt 0.280518 0.996582
vt 0.277588 0.993896
vt 0.277588 0.996094
vt 0.997803 0.043945
vt 0.997070 0.046631
vt 0.995850 0.046631
vt 0.995117 0.043945
vt 0.237305 0.996582
vt 0.237305 0.993164
vt 0.239990 0.996094
vt 0.239990 0.993896
vt 0.913574 0.996094
vt 0.910645 0.996094
vt 0.910645 0.993164
vt 0.912842 0.993164
vt 0.212891 0.995605
vt 0.210449 0.996826
vt 0.210449 0.993164
vt 0.997803 0.032715
vt 0.995850 0.030029
vt 0.997070 0.030029
vt 0.995117 0.032715
vt 0.947510 0.448975
vt 0.944580 0.465576
vt 0.943359 0.448975
vt 0.976074 0.781494
vt 0.976074 0.782959
vt 0.971924 0.782715
vt 0.971924 0.781494
vt 0.969238 0.782715
vt 0.969238 0.781494
vt 0.967285 0.781494
vt 0.967285 0.782959
vt 0.966553 0.781494
vt 0.938477 0.602295
vt 0.934326 0.600830
vt 0.938477 0.585205
vt 0.291748 0.993164
vt 0.294434 0.993896
vt 0.291748 0.996582
vt 0.294434 0.996094
vt 0.726318 0.993164
vt 0.728027 0.996094
vt 0.726807 0.996094
vt 0.728760 0.993164
vt 0.226074 0.996582
vt 0.223145 0.996094
vt 0.226074 0.993164
vt 0.223145 0.993896
vt 0.995117 0.011719
vt 0.995850 0.009033
vt 0.997803 0.009033
vt 0.997803 0.011719
vt 0.463623 0.996338
vt 0.464355 0.993164
vt 0.466553 0.996338
vt 0.842773 0.996094
vt 0.843506 0.993164
vt 0.844971 0.993164
vt 0.845459 0.996094
vt 0.298584 0.993164
vt 0.301270 0.993896
vt 0.298584 0.996582
vt 0.301270 0.996094
vt 0.696533 0.996094
vt 0.694580 0.993408
vt 0.696045 0.993164
vt 0.693848 0.996094
vt 0.232910 0.996582
vt 0.230225 0.996094
vt 0.232910 0.993164
vt 0.230225 0.993896
vt 0.896729 0.993164
vt 0.899414 0.993164
vt 0.899414 0.995361
vt 0.896729 0.996094
vt 0.531250 0.996338
vt 0.531250 0.993164
vt 0.533936 0.995361
vt 0.533936 0.993652
vt 0.822021 0.996094
vt 0.822510 0.993164
vt 0.823975 0.993164
vt 0.824707 0.996094
vt 0.759766 0.995850
vt 0.759277 0.993896
vt 0.761230 0.993164
vt 0.761230 0.996094
vt 0.765381 0.995605
vt 0.765869 0.993652
vt 0.767334 0.996094
vt 0.767334 0.993164
vt 0.997070 0.437988
vt 0.997070 0.439941
vt 0.995117 0.439941
vt 0.995850 0.437988
vt 0.997070 0.463135
vt 0.997070 0.465088
vt 0.995117 0.463135
vt 0.995850 0.465088
vt 0.151855 0.997070
vt 0.150635 0.995850
vt 0.151855 0.993164
vt 0.567627 0.949463
vt 0.567627 0.932861
vt 0.570801 0.946533
vt 0.650391 0.504395
vt 0.653809 0.501709
vt 0.651367 0.519043
vt 0.653809 0.519043
vt 0.977051 0.147705
vt 0.972168 0.147949
vt 0.977051 0.137695
vt 0.971680 0.137939
vt 0.967529 0.147705
vt 0.966553 0.137695
vt 0.966553 0.270020
vt 0.976807 0.270020
vt 0.966553 0.274658
vt 0.976807 0.275391
vt 0.536865 0.175537
vt 0.538574 0.155029
vt 0.543213 0.175293
vt 0.543701 0.155029
vt 0.546875 0.175537
vt 0.423828 0.964844
vt 0.423828 0.976318
vt 0.417725 0.976318
vt 0.417725 0.964844
vt 0.651367 0.965088
vt 0.656006 0.975586
vt 0.651367 0.975830
vt 0.656494 0.964844
vt 0.660889 0.975830
vt 0.661865 0.965088
vt 0.886475 0.964844
vt 0.886475 0.975586
vt 0.881836 0.975830
vt 0.881104 0.964844
vt 0.333740 0.917969
vt 0.339844 0.917969
vt 0.334473 0.938232
vt 0.339355 0.938477
vt 0.343506 0.918457
vt 0.831299 0.495117
vt 0.828125 0.491699
vt 0.831299 0.477295
vt 0.997070 0.446289
vt 0.995850 0.446289
vt 0.995117 0.444336
vt 0.997070 0.444336
vt 0.997070 0.458740
vt 0.995117 0.458740
vt 0.997070 0.456787
vt 0.995850 0.456787
vt 0.251221 0.996826
vt 0.251221 0.993164
vt 0.252441 0.995605
vt 0.799805 0.995850
vt 0.798340 0.996094
vt 0.798340 0.993164
vt 0.800293 0.993896
vt 0.804443 0.993652
vt 0.806641 0.993164
vt 0.804932 0.995850
vt 0.806641 0.996094
vt 0.041992 0.988281
vt 0.041992 0.982422
vt 0.045898 0.982422
vt 0.045898 0.988770
vt 0.975830 0.551025
vt 0.976318 0.554688
vt 0.969971 0.555420
vt 0.967773 0.551025
vt 0.966553 0.554932
vt 0.966553 0.279541
vt 0.976807 0.279541
vt 0.966553 0.285156
vt 0.976807 0.285156
vt 0.988770 0.787598
vt 0.988770 0.792969
vt 0.981934 0.787598
vt 0.981934 0.792969
vt 0.023926 0.988770
vt 0.023926 0.982666
vt 0.029297 0.988281
vt 0.029297 0.982422
vt 0.242920 0.988037
vt 0.242676 0.982422
vt 0.246582 0.982422
vt 0.246582 0.988281
vt 0.976318 0.423340
vt 0.976807 0.427490
vt 0.970947 0.427979
vt 0.967529 0.423340
vt 0.966553 0.427246
vt 0.976807 0.248291
vt 0.966553 0.248291
vt 0.966553 0.241455
vt 0.976807 0.241455
vt 0.712891 0.864502
vt 0.717773 0.859131
vt 0.716797 0.863525
vt 0.715332 0.851562
vt 0.718506 0.855225
vt 0.718750 0.851318
vt 0.733154 0.853027
vt 0.718506 0.846924
vt 0.733398 0.848145
vt 0.718018 0.842041
vt 0.732910 0.843506
vt 0.713379 0.837158
vt 0.717285 0.837891
vt 0.732178 0.839111
vt 0.715576 0.833008
vt 0.712891 0.826660
vt 0.941650 0.701660
vt 0.943848 0.694092
vt 0.943604 0.701904
vt 0.941895 0.693115
vt 0.943604 0.685303
vt 0.941650 0.685303
vt 0.353516 0.996826
vt 0.353516 0.993408
vt 0.354736 0.996582
vt 0.354736 0.993164
vt 0.937988 0.923584
vt 0.938232 0.915771
vt 0.939941 0.923340
vt 0.940186 0.914795
vt 0.937988 0.906982
vt 0.939941 0.906982
vt 0.966553 0.345459
vt 0.976807 0.345459
vt 0.976807 0.350342
vt 0.966553 0.350342
vt 0.988770 0.852295
vt 0.988770 0.856934
vt 0.981934 0.856934
vt 0.981934 0.852295
vt 0.976807 0.310059
vt 0.976807 0.316895
vt 0.966553 0.316895
vt 0.966553 0.310059
vt 0.065430 0.988770
vt 0.065430 0.982666
vt 0.070068 0.982422
vt 0.070068 0.988281
vt 0.230225 0.988037
vt 0.225830 0.988281
vt 0.225830 0.982422
vt 0.229980 0.982422
vt 0.976318 0.418945
vt 0.970947 0.414307
vt 0.976807 0.414795
vt 0.967529 0.418945
vt 0.966553 0.415039
vt 0.033691 0.988770
vt 0.033691 0.982422
vt 0.037842 0.988525
vt 0.037842 0.982666
vt 0.976318 0.566650
vt 0.975830 0.570312
vt 0.969971 0.565918
vt 0.967773 0.570312
vt 0.966553 0.566406
vt 0.308350 0.993896
vt 0.308350 0.996582
vt 0.305664 0.993164
vt 0.305664 0.996582
vt 0.259521 0.996094
vt 0.256836 0.996582
vt 0.259521 0.993164
vt 0.256836 0.993164
vt 0.961670 0.996094
vt 0.959473 0.996094
vt 0.962158 0.993164
vt 0.959473 0.993164
vt 0.941406 0.995361
vt 0.938721 0.996094
vt 0.941406 0.993164
vt 0.938721 0.993164
vt 0.861816 0.879883
vt 0.870117 0.879883
vt 0.870117 0.910645
vt 0.861816 0.910645
vt 0.583740 0.286377
vt 0.576172 0.286377
vt 0.583740 0.284180
vt 0.574707 0.284180
vt 0.577637 0.282959
vt 0.577637 0.234375
vt 0.578857 0.232178
vt 0.583740 0.152100
vt 0.578857 0.229492
vt 0.577637 0.228760
vt 0.577637 0.207520
vt 0.560547 0.196533
vt 0.575439 0.229492
vt 0.560547 0.240479
vt 0.574707 0.231445
vt 0.575439 0.233643
vt 0.576904 0.240479
vt 0.026611 0.075928
vt 0.027588 0.077881
vt 0.026855 0.077881
vt 0.027588 0.208496
vt 0.026855 0.208496
vt 0.026611 0.210693
vt 0.988525 0.966309
vt 0.983398 0.968994
vt 0.986084 0.966553
vt 0.981934 0.966309
vt 0.941406 0.477051
vt 0.943848 0.476562
vt 0.943848 0.493164
vt 0.981934 0.027344
vt 0.981934 0.025146
vt 0.989502 0.027344
vt 0.990723 0.025146
vt 0.904297 0.410645
vt 0.912598 0.410645
vt 0.904297 0.441406
vt 0.912598 0.441406
vt 0.954590 0.993164
vt 0.955322 0.996094
vt 0.952637 0.993164
vt 0.952637 0.996094
vt 0.945557 0.995361
vt 0.945557 0.993164
vt 0.948242 0.996094
vt 0.948242 0.993164
vt 0.270752 0.993896
vt 0.273438 0.993164
vt 0.270752 0.996582
vt 0.273438 0.996582
vt 0.263672 0.996094
vt 0.263672 0.993164
vt 0.266357 0.996582
vt 0.266357 0.993164
vt 0.933350 0.653809
vt 0.933594 0.644775
vt 0.938477 0.644775
vt 0.937988 0.653809
vt 0.937988 0.636963
vt 0.933350 0.636230
vt 0.925537 0.213623
vt 0.925537 0.238281
vt 0.924561 0.213623
vt 0.924561 0.238281
vt 0.833740 0.179199
vt 0.833984 0.170898
vt 0.836426 0.179199
vt 0.836670 0.171143
vt 0.833740 0.163330
vt 0.836426 0.162842
vt 0.208740 0.510986
vt 0.206299 0.513428
vt 0.202881 0.504150
vt 0.206299 0.503418
vt 0.203369 0.493896
vt 0.206299 0.494629
vt 0.208740 0.495117
vt 0.048828 0.042480
vt 0.049072 0.034424
vt 0.051758 0.034180
vt 0.051514 0.042480
vt 0.051270 0.026855
vt 0.048828 0.026123
vt 0.846436 0.474365
vt 0.846680 0.465332
vt 0.851318 0.474609
vt 0.851562 0.465576
vt 0.846436 0.457520
vt 0.851318 0.457031
vt 0.922607 0.900146
vt 0.923584 0.900146
vt 0.922607 0.925537
vt 0.923584 0.925293
vt 0.310303 0.879883
vt 0.310303 0.910645
vt 0.301514 0.879883
vt 0.301514 0.910645
vt 0.805420 0.899658
vt 0.774658 0.899414
vt 0.803955 0.892822
vt 0.803955 0.868896
vt 0.805420 0.868896
vt 0.775879 0.892578
vt 0.774658 0.868652
vt 0.775879 0.868652
vt 0.423828 0.099609
vt 0.426758 0.067627
vt 0.426758 0.099854
vt 0.840576 0.326904
vt 0.830811 0.310547
vt 0.840576 0.278809
vt 0.830811 0.291016
vt 0.830322 0.289551
vt 0.830322 0.312744
vt 0.812256 0.325439
vt 0.812744 0.311279
vt 0.321289 0.434082
vt 0.319336 0.434082
vt 0.321289 0.419678
vt 0.320068 0.419678
vt 0.019775 0.221680
vt 0.021729 0.212158
vt 0.022217 0.221680
vt 0.021729 0.207275
vt 0.306152 0.976318
vt 0.308105 0.964844
vt 0.308105 0.977051
vt 0.120117 0.173584
vt 0.117920 0.173584
vt 0.117920 0.159180
vt 0.936523 0.764648
vt 0.936523 0.747803
vt 0.940186 0.758789
vt 0.990234 0.190674
vt 0.981934 0.190674
vt 0.982178 0.188721
vt 0.990479 0.187988
vt 0.216064 0.508057
vt 0.214111 0.508057
vt 0.214600 0.493652
vt 0.216064 0.493652
vt 0.255615 0.977295
vt 0.254639 0.964844
vt 0.255615 0.964844
vt 0.976318 0.746582
vt 0.966553 0.746582
vt 0.976074 0.745117
vt 0.803467 0.953125
vt 0.801514 0.953125
vt 0.801514 0.938721
vt 0.802979 0.938721
vt 0.165283 0.977783
vt 0.164795 0.968994
vt 0.165283 0.964844
vt 0.162842 0.968994
vt 0.163330 0.964844
vt 0.155762 0.714600
vt 0.156982 0.715332
vt 0.155762 0.770264
vt 0.452637 0.954834
vt 0.450439 0.955078
vt 0.452637 0.940674
vt 0.451172 0.940674
vt 0.770264 0.873779
vt 0.770264 0.894043
vt 0.769775 0.875732
vt 0.608154 0.144043
vt 0.609619 0.134521
vt 0.609375 0.144043
vt 0.609619 0.129639
vt 0.820068 0.581787
vt 0.819824 0.579102
vt 0.820068 0.526855
vt 0.818359 0.577148
vt 0.813965 0.527344
vt 0.816406 0.578125
vt 0.989990 0.338623
vt 0.981934 0.338623
vt 0.990234 0.335938
vt 0.981934 0.336670
vt 0.989258 0.333740
vt 0.251221 0.472900
vt 0.249268 0.472900
vt 0.250488 0.458496
vt 0.249268 0.458496
vt 0.397217 0.785400
vt 0.397217 0.803467
vt 0.395752 0.787109
vt 0.393799 0.787598
vt 0.387207 0.790283
vt 0.295654 0.417480
vt 0.293457 0.417480
vt 0.294678 0.403076
vt 0.291748 0.977051
vt 0.291748 0.964844
vt 0.292725 0.964844
vt 0.208740 0.955078
vt 0.206787 0.954834
vt 0.206787 0.940430
vt 0.208252 0.940430
vt 0.938477 0.467285
vt 0.934570 0.461426
vt 0.938477 0.450439
vt 0.838623 0.400879
vt 0.828369 0.385986
vt 0.838623 0.350830
vt 0.827637 0.387939
vt 0.828613 0.364258
vt 0.828125 0.362061
vt 0.810303 0.348877
vt 0.810791 0.360596
vt 0.050781 0.978027
vt 0.050049 0.968994
vt 0.050781 0.964844
vt 0.048828 0.964844
vt 0.048096 0.968994
vt 0.912598 0.521484
vt 0.912598 0.552246
vt 0.903564 0.552246
vt 0.903564 0.521484
vt 0.002686 0.906982
vt 0.004150 0.900146
vt 0.033203 0.906982
vt 0.004150 0.876221
vt 0.002686 0.876221
vt 0.031982 0.900146
vt 0.033203 0.876221
vt 0.031982 0.876221
vt 0.741455 0.809082
vt 0.737061 0.809082
vt 0.738037 0.800293
vt 0.742676 0.800781
vt 0.737061 0.791504
vt 0.741699 0.791260
vt 0.975586 0.911377
vt 0.966797 0.911377
vt 0.966553 0.906738
vt 0.975586 0.906738
vt 0.889648 0.161133
vt 0.890137 0.145752
vt 0.892090 0.145508
vt 0.892090 0.177246
vt 0.364746 0.094971
vt 0.367676 0.078613
vt 0.367676 0.110840
vt 0.934570 0.542969
vt 0.918457 0.542480
vt 0.934570 0.542480
vt 0.934570 0.517090
vt 0.917725 0.517090
vt 0.830078 0.728271
vt 0.830566 0.728271
vt 0.830566 0.729004
vt 0.852783 0.729980
vt 0.830078 0.771484
vt 0.852783 0.730469
vt 0.853271 0.730713
vt 0.830566 0.771729
vt 0.830566 0.772217
vt 0.852783 0.773926
vt 0.852783 0.773193
vt 0.853271 0.773438
vt 0.666504 0.987061
vt 0.666504 0.984375
vt 0.667969 0.984375
vt 0.667969 0.987061
vt 0.667969 0.982422
vt 0.666016 0.982422
vt 0.128906 0.978027
vt 0.127930 0.977783
vt 0.128906 0.964844
vt 0.855225 0.304688
vt 0.853027 0.304688
vt 0.853516 0.266357
vt 0.857178 0.265869
vt 0.853027 0.262207
vt 0.134277 0.987061
vt 0.134277 0.984619
vt 0.137207 0.986816
vt 0.135986 0.988525
vt 0.138428 0.988525
vt 0.139893 0.985840
vt 0.139404 0.983643
vt 0.137695 0.982422
vt 0.135254 0.982422
vt 0.833740 0.103271
vt 0.836670 0.064209
vt 0.835938 0.103271
vt 0.837891 0.064453
vt 0.833740 0.060547
vt 0.838379 0.103516
vt 0.840576 0.063721
vt 0.837158 0.057373
vt 0.835205 0.058594
vt 0.642822 0.866211
vt 0.640869 0.866211
vt 0.640869 0.827881
vt 0.642822 0.827881
vt 0.637939 0.866211
vt 0.637939 0.827881
vt 0.481689 0.871338
vt 0.481689 0.836426
vt 0.483887 0.836914
vt 0.483887 0.871826
vt 0.234619 0.829346
vt 0.217773 0.794189
vt 0.236572 0.828369
vt 0.216064 0.794189
vt 0.218262 0.787842
vt 0.220459 0.793457
vt 0.238281 0.827393
vt 0.220215 0.789062
vt 0.238281 0.777832
vt 0.237061 0.775391
vt 0.683838 0.796143
vt 0.682617 0.794434
vt 0.711426 0.771484
vt 0.713379 0.771484
vt 0.712158 0.767090
vt 0.714355 0.766357
vt 0.710693 0.763184
vt 0.682617 0.728516
vt 0.684082 0.727295
vt 0.712402 0.761719
vt 0.686279 0.725586
vt 0.714844 0.760498
vt 0.716797 0.766113
vt 0.715088 0.772705
vt 0.220215 0.982422
vt 0.221680 0.984375
vt 0.218262 0.985352
vt 0.218018 0.982422
vt 0.216553 0.984619
vt 0.216553 0.986816
vt 0.218262 0.988281
vt 0.220215 0.988281
vt 0.221680 0.986572
vt 0.217041 0.858643
vt 0.218994 0.820312
vt 0.219482 0.858887
vt 0.221436 0.819824
vt 0.217041 0.816162
vt 0.221436 0.858887
vt 0.223389 0.819336
vt 0.439697 0.870117
vt 0.437012 0.870117
vt 0.439697 0.833008
vt 0.437012 0.833008
vt 0.434814 0.870117
vt 0.434814 0.832275
vt 0.869629 0.177246
vt 0.869629 0.142334
vt 0.871826 0.142334
vt 0.871826 0.177246
vt 0.803955 0.535645
vt 0.775391 0.510010
vt 0.805420 0.533936
vt 0.772949 0.510986
vt 0.773682 0.504395
vt 0.771729 0.504883
vt 0.775146 0.499512
vt 0.777588 0.500732
vt 0.775635 0.505371
vt 0.803711 0.465576
vt 0.801514 0.463867
vt 0.805420 0.466797
vt 0.262207 0.040527
vt 0.260254 0.040527
vt 0.262207 0.002930
vt 0.049805 0.633545
vt 0.024414 0.614258
vt 0.026123 0.613281
vt 0.024658 0.609131
vt 0.022705 0.608887
vt 0.027100 0.608887
vt 0.028320 0.612061
vt 0.027344 0.604736
vt 0.025146 0.604492
vt 0.043945 0.565186
vt 0.046143 0.565430
vt 0.046875 0.563232
vt 0.044434 0.562988
vt 0.049805 0.554932
vt 0.041992 0.564209
vt 0.042725 0.561523
vt 0.374023 0.221924
vt 0.376709 0.206055
vt 0.376709 0.238281
vt 0.974365 0.460938
vt 0.976807 0.464600
vt 0.966553 0.464600
vt 0.975586 0.902344
vt 0.966553 0.902588
vt 0.975586 0.897705
vt 0.967041 0.897705
vt 0.975586 0.871338
vt 0.969238 0.875488
vt 0.966553 0.871338
vt 0.873779 0.986084
vt 0.871338 0.986572
vt 0.871826 0.984619
vt 0.871826 0.982422
vt 0.880371 0.986084
vt 0.877930 0.986572
vt 0.878418 0.984619
vt 0.878418 0.982422
vt 0.951172 0.085938
vt 0.953125 0.085205
vt 0.953125 0.099854
vt 0.474609 0.652344
vt 0.471680 0.666748
vt 0.471680 0.635254
vt 0.643311 0.279297
vt 0.646484 0.262207
vt 0.646484 0.293701
vt 0.895752 0.831055
vt 0.895752 0.862549
vt 0.893311 0.847412
vt 0.237793 0.881104
vt 0.237793 0.864502
vt 0.241943 0.880371
vt 0.239746 0.848877
vt 0.908691 0.205078
vt 0.906250 0.189453
vt 0.908691 0.174561
vt 0.942139 0.626221
vt 0.937256 0.625488
vt 0.942139 0.609619
vt 0.906982 0.059570
vt 0.906982 0.090576
vt 0.903809 0.076660
vt 0.322754 0.508057
vt 0.322754 0.490479
vt 0.326904 0.507324
vt 0.090576 0.121826
vt 0.087158 0.105713
vt 0.090576 0.092285
vt 0.336182 0.508057
vt 0.331543 0.507080
vt 0.336182 0.490479
vt 0.822021 0.338623
vt 0.812744 0.343506
vt 0.799316 0.337158
vt 0.795166 0.342285
vt 0.798828 0.336426
vt 0.798828 0.293701
vt 0.795166 0.287354
vt 0.799316 0.292969
vt 0.812744 0.288574
vt 0.822021 0.294678
vt 0.466797 0.934570
vt 0.450439 0.934570
vt 0.450195 0.909424
vt 0.467285 0.909424
vt 0.508545 0.633545
vt 0.508545 0.602051
vt 0.511719 0.616455
vt 0.897705 0.561523
vt 0.894531 0.544434
vt 0.897705 0.530029
vt 0.895264 0.529785
vt 0.609619 0.254883
vt 0.606445 0.237793
vt 0.609619 0.223389
vt 0.917969 0.891846
vt 0.917969 0.919922
vt 0.914795 0.907227
vt 0.942139 0.095947
vt 0.937256 0.112793
vt 0.937256 0.095459
vt 0.875488 0.360107
vt 0.873047 0.343750
vt 0.875488 0.328125
vt 0.873047 0.327637
vt 0.527588 0.049561
vt 0.531982 0.049561
vt 0.527832 0.065430
vt 0.529785 0.081299
vt 0.914307 0.447998
vt 0.914307 0.476562
vt 0.911621 0.462646
vt 0.949463 0.039062
vt 0.946533 0.055420
vt 0.944580 0.039062
vt 0.365479 0.070312
vt 0.365479 0.055176
vt 0.367676 0.055664
vt 0.995850 0.287354
vt 0.997559 0.289307
vt 0.995117 0.289307
vt 0.948242 0.986572
vt 0.948242 0.982422
vt 0.949219 0.984375
vt 0.995117 0.337402
vt 0.997559 0.337402
vt 0.995850 0.339111
vt 0.943115 0.986572
vt 0.943115 0.982422
vt 0.944092 0.984375
vt 0.090332 0.997314
vt 0.089111 0.994873
vt 0.090332 0.993164
vt 0.864990 0.996094
vt 0.862305 0.993896
vt 0.864990 0.993164
vt 0.319580 0.996582
vt 0.319580 0.993164
vt 0.322266 0.996094
vt 0.322266 0.993896
vt 0.384277 0.996582
vt 0.381592 0.996094
vt 0.384277 0.993164
vt 0.381592 0.993896
vt 0.569092 0.996338
vt 0.569092 0.993164
vt 0.571777 0.993652
vt 0.571777 0.996094
vt 0.445801 0.996094
vt 0.445801 0.993164
vt 0.447754 0.993652
vt 0.447754 0.996582
vt 0.312500 0.996582
vt 0.312500 0.993164
vt 0.315186 0.996094
vt 0.315186 0.993896
vt 0.171143 0.996826
vt 0.168457 0.996094
vt 0.171143 0.993164
vt 0.473145 0.996094
vt 0.470703 0.996338
vt 0.470703 0.993408
vt 0.473145 0.993164
vt 0.812256 0.665771
vt 0.816406 0.648926
vt 0.816406 0.666748
vt 0.974365 0.502930
vt 0.966553 0.498535
vt 0.976562 0.498535
vt 0.833008 0.514160
vt 0.830566 0.515381
vt 0.817139 0.486084
vt 0.814453 0.486816
vt 0.816650 0.480957
vt 0.813477 0.479492
vt 0.819092 0.476562
vt 0.817139 0.474609
vt 0.820801 0.478760
vt 0.831543 0.468262
vt 0.833008 0.469971
vt 0.831055 0.466309
vt 0.832520 0.467041
vt 0.104004 0.982422
vt 0.106201 0.984375
vt 0.103516 0.985107
vt 0.105469 0.987061
vt 0.101318 0.982422
vt 0.104004 0.988525
vt 0.100098 0.984375
vt 0.102051 0.988525
vt 0.100098 0.987061
vt 0.229980 0.870117
vt 0.228516 0.837891
vt 0.231934 0.837891
vt 0.232666 0.869873
vt 0.232666 0.834473
vt 0.230225 0.833008
vt 0.099609 0.240234
vt 0.097656 0.240234
vt 0.099854 0.207275
vt 0.097656 0.206543
vt 0.094971 0.206543
vt 0.094971 0.240234
vt 0.097656 0.199707
vt 0.094971 0.199707
vt 0.868408 0.038574
vt 0.868652 0.010742
vt 0.871094 0.038818
vt 0.871338 0.010742
vt 0.868408 0.007080
vt 0.871826 0.007080
vt 0.871338 0.003662
vt 0.827393 0.574707
vt 0.841797 0.545898
vt 0.828613 0.575439
vt 0.843750 0.546875
vt 0.830566 0.576416
vt 0.842041 0.542480
vt 0.845215 0.546875
vt 0.843994 0.541748
vt 0.839844 0.539062
vt 0.845947 0.540527
vt 0.841553 0.537598
vt 0.842285 0.535645
vt 0.827393 0.529297
vt 0.827393 0.527832
vt 0.917969 0.354492
vt 0.915527 0.354736
vt 0.915527 0.327393
vt 0.917969 0.326660
vt 0.255127 0.982422
vt 0.256348 0.984131
vt 0.253662 0.985596
vt 0.256348 0.986572
vt 0.252686 0.982422
vt 0.253662 0.988037
vt 0.250977 0.983643
vt 0.251709 0.987549
vt 0.250977 0.986084
vt 0.415527 0.757324
vt 0.414795 0.759277
vt 0.385010 0.742188
vt 0.383789 0.743164
vt 0.380615 0.736816
vt 0.378906 0.737549
vt 0.380371 0.731445
vt 0.382080 0.736816
vt 0.386230 0.741211
vt 0.383057 0.732178
vt 0.383789 0.737061
vt 0.384277 0.732910
vt 0.415527 0.668457
vt 0.413086 0.667236
vt 0.869873 0.822021
vt 0.871826 0.788574
vt 0.871826 0.822021
vt 0.872314 0.081299
vt 0.872314 0.047119
vt 0.873779 0.047852
vt 0.860107 0.596680
vt 0.860107 0.562988
vt 0.862549 0.562988
vt 0.862549 0.596680
vt 0.862549 0.559082
vt 0.860840 0.557617
vt 0.858887 0.860596
vt 0.856934 0.860840
vt 0.856201 0.825928
vt 0.858887 0.825684
vt 0.854736 0.825928
vt 0.854736 0.860840
vt 0.855957 0.819092
vt 0.858643 0.818848
vt 0.870117 0.477783
vt 0.871582 0.448730
vt 0.873047 0.478516
vt 0.873779 0.448975
vt 0.873047 0.444824
vt 0.870117 0.444580
vt 0.240234 0.365723
vt 0.241699 0.332031
vt 0.242432 0.365723
vt 0.243896 0.331543
vt 0.243652 0.365723
vt 0.240234 0.327881
vt 0.241943 0.325928
vt 0.279785 0.129395
vt 0.282715 0.101562
vt 0.284912 0.101318
vt 0.282715 0.095947
vt 0.283936 0.094971
vt 0.286377 0.101318
vt 0.285400 0.094482
vt 0.279785 0.090332
vt 0.281494 0.089111
vt 0.008789 0.942383
vt 0.005615 0.943604
vt 0.004150 0.942139
vt 0.008057 0.940430
vt 0.002197 0.945801
vt 0.012939 0.941406
vt 0.003906 0.946533
vt 0.002686 0.950928
vt 0.007080 0.954102
vt 0.004150 0.950195
vt 0.005859 0.954590
vt 0.010498 0.955078
vt 0.013672 0.953613
vt 0.015381 0.950684
vt 0.012207 0.943115
vt 0.016602 0.944824
vt 0.014648 0.945801
vt 0.016602 0.950195
vt 0.799072 0.986816
vt 0.797852 0.983398
vt 0.799072 0.982422
vt 0.156006 0.994141
vt 0.156982 0.993164
vt 0.156982 0.997070
vt 0.156250 0.996826
vt 0.983154 0.541748
vt 0.986572 0.542480
vt 0.986084 0.543457
vt 0.981934 0.542725
vt 0.989502 0.541748
vt 0.989746 0.542725
vt 0.975830 0.793945
vt 0.975830 0.798828
vt 0.966553 0.794678
vt 0.937744 0.030762
vt 0.942139 0.031250
vt 0.937744 0.048096
vt 0.336182 0.996582
vt 0.333496 0.996094
vt 0.336182 0.993164
vt 0.333496 0.993896
vt 0.643799 0.996094
vt 0.641602 0.996094
vt 0.641602 0.993164
vt 0.643799 0.993408
vt 0.621582 0.995850
vt 0.621582 0.993164
vt 0.624023 0.993408
vt 0.624023 0.996094
vt 0.161377 0.996826
vt 0.161377 0.993164
vt 0.164062 0.995850
vt 0.164062 0.994141
vt 0.329346 0.996582
vt 0.326416 0.996094
vt 0.329346 0.993164
vt 0.326416 0.993896
vt 0.706543 0.993896
vt 0.708984 0.993164
vt 0.708984 0.996094
vt 0.119629 0.997070
vt 0.119629 0.993164
vt 0.121338 0.994873
vt 0.502686 0.996338
vt 0.500244 0.996338
vt 0.500000 0.993652
vt 0.502686 0.993164
vt 0.388428 0.996582
vt 0.388428 0.993164
vt 0.391357 0.995850
vt 0.391113 0.993652
vt 0.412354 0.982910
vt 0.412354 0.987793
vt 0.408203 0.982422
vt 0.408203 0.987793
vt 0.997559 0.349854
vt 0.997559 0.352051
vt 0.995117 0.350586
vt 0.995361 0.352051
vt 0.997559 0.345703
vt 0.995117 0.344971
vt 0.997559 0.343506
vt 0.995361 0.343506
vt 0.420654 0.982910
vt 0.420654 0.987793
vt 0.416748 0.982422
vt 0.416748 0.987793
vt 0.997559 0.331299
vt 0.996582 0.333008
vt 0.995117 0.331543
vt 0.995117 0.333008
vt 0.997559 0.308350
vt 0.995117 0.308105
vt 0.996582 0.306396
vt 0.995117 0.306396
vt 0.140137 0.997070
vt 0.138672 0.995605
vt 0.140137 0.993164
vt 0.974121 0.933838
vt 0.975342 0.939453
vt 0.966553 0.939453
vt 0.172119 0.022461
vt 0.176270 0.022949
vt 0.172119 0.043213
vt 0.177002 0.043701
vt 0.180908 0.023682
vt 0.180908 0.044434
vt 0.922852 0.986572
vt 0.922852 0.982422
vt 0.924805 0.982422
vt 0.924805 0.986328
vt 0.966553 0.599121
vt 0.967041 0.596924
vt 0.971191 0.599121
vt 0.971436 0.596924
vt 0.976318 0.599121
vt 0.981934 0.129883
vt 0.986328 0.129883
vt 0.982178 0.131836
vt 0.986084 0.132324
vt 0.990479 0.131592
vt 0.970459 0.967773
vt 0.966553 0.964600
vt 0.970459 0.965332
vt 0.975586 0.966553
vt 0.975342 0.964600
vt 0.985840 0.031494
vt 0.990723 0.031494
vt 0.985840 0.033691
vt 0.990723 0.033691
vt 0.981934 0.033691
vt 0.981934 0.251221
vt 0.982666 0.249268
vt 0.986328 0.251221
vt 0.986328 0.249268
vt 0.990479 0.249268
vt 0.990479 0.251221
vt 0.916504 0.986572
vt 0.917969 0.982422
vt 0.918701 0.986572
vt 0.127197 0.997070
vt 0.125488 0.997070
vt 0.125977 0.993164
vt 0.976562 0.494385
vt 0.966553 0.494385
vt 0.974365 0.488770
vt 0.033691 0.044434
vt 0.033691 0.023682
vt 0.037842 0.043701
vt 0.038330 0.022949
vt 0.042480 0.043213
vt 0.042480 0.022461
vt 0.997559 0.327148
vt 0.995117 0.326660
vt 0.996582 0.325195
vt 0.995117 0.325195
vt 0.997559 0.312500
vt 0.996582 0.314453
vt 0.995117 0.312744
vt 0.995117 0.314453
vt 0.375000 0.982910
vt 0.378906 0.982422
vt 0.375000 0.987793
vt 0.378906 0.987793
vt 0.997559 0.364746
vt 0.995117 0.364258
vt 0.997314 0.362549
vt 0.995361 0.362549
vt 0.997559 0.356201
vt 0.997314 0.358398
vt 0.995117 0.356934
vt 0.995361 0.358398
vt 0.383301 0.982910
vt 0.387451 0.982422
vt 0.383301 0.987793
vt 0.387451 0.987793
vt 0.187500 0.036865
vt 0.187500 0.021240
vt 0.190186 0.036865
vt 0.997803 0.235596
vt 0.996582 0.238281
vt 0.995117 0.235596
vt 0.995117 0.238037
vt 0.917725 0.996094
vt 0.917725 0.993164
vt 0.920410 0.995361
vt 0.119141 0.216064
vt 0.119141 0.201660
vt 0.121826 0.215820
vt 0.997803 0.242432
vt 0.996582 0.245117
vt 0.995117 0.242432
vt 0.995117 0.244873
vt 0.719238 0.993164
vt 0.721924 0.993896
vt 0.719238 0.996094
vt 0.464844 0.987793
vt 0.464844 0.982422
vt 0.466309 0.984863
vt 0.574463 0.932861
vt 0.566650 0.926758
vt 0.572998 0.928223
vt 0.568848 0.925293
vt 0.565186 0.923096
vt 0.574463 0.910400
vt 0.926025 0.831299
vt 0.924316 0.822998
vt 0.930908 0.826904
vt 0.930908 0.808105
vt 0.924316 0.808594
vt 0.400146 0.050049
vt 0.402100 0.048584
vt 0.402588 0.068359
vt 0.402588 0.048584
vt 0.845947 0.352539
vt 0.845947 0.397217
vt 0.843994 0.352783
vt 0.476807 0.987793
vt 0.476807 0.982422
vt 0.478516 0.984863
vt 0.976562 0.510010
vt 0.966553 0.510010
vt 0.971680 0.507080
vt 0.966553 0.507080
vt 0.666748 0.993164
vt 0.669434 0.993164
vt 0.667480 0.996094
vt 0.668945 0.996094
vt 0.662598 0.993164
vt 0.662598 0.996094
vt 0.659912 0.993896
vt 0.092285 0.792236
vt 0.089600 0.792480
vt 0.089600 0.777832
vt 0.673584 0.993164
vt 0.676270 0.993164
vt 0.674316 0.996094
vt 0.675781 0.996094
vt 0.828857 0.996094
vt 0.829590 0.993164
vt 0.831543 0.996094
vt 0.949463 0.219727
vt 0.946777 0.219727
vt 0.949463 0.204102
vt 0.400879 0.996582
vt 0.400879 0.993164
vt 0.402100 0.995850
vt 0.395508 0.996582
vt 0.395508 0.993164
vt 0.396729 0.995850
vt 0.916504 0.402100
vt 0.919922 0.388672
vt 0.919922 0.415527
vt 0.009277 0.724121
vt 0.008545 0.724121
vt 0.009277 0.723389
vt 0.009277 0.697998
vt 0.008545 0.617920
vt 0.014160 0.697998
vt 0.014160 0.723389
vt 0.014893 0.724121
vt 0.028564 0.783203
vt 0.028564 0.715820
vt 0.029541 0.719238
vt 0.029541 0.717041
vt 0.925537 0.731445
vt 0.920654 0.730225
vt 0.925537 0.707764
vt 0.223633 0.775879
vt 0.227783 0.767578
vt 0.227051 0.772461
vt 0.223633 0.699707
vt 0.229004 0.762695
vt 0.229004 0.699707
vt 0.887695 0.395264
vt 0.887695 0.368164
vt 0.892090 0.393799
vt 0.916260 0.763428
vt 0.915527 0.763428
vt 0.916260 0.738037
vt 0.916260 0.764648
vt 0.915527 0.737305
vt 0.921143 0.763428
vt 0.921143 0.764648
vt 0.916260 0.737305
vt 0.921143 0.738037
vt 0.921631 0.737305
vt 0.914551 0.815430
vt 0.917969 0.802490
vt 0.917969 0.829346
vt 0.413086 0.996582
vt 0.411865 0.995850
vt 0.413086 0.993164
vt 0.407471 0.996582
vt 0.406494 0.995850
vt 0.407471 0.993164
vt 0.885986 0.996094
vt 0.883301 0.996094
vt 0.883301 0.993164
vt 0.885986 0.993896
vt 0.976318 0.996094
vt 0.974121 0.996094
vt 0.973389 0.993164
vt 0.976318 0.993164
vt 0.732910 0.996094
vt 0.732910 0.993164
vt 0.734863 0.995605
vt 0.590820 0.996338
vt 0.589355 0.996338
vt 0.589844 0.993164
vt 0.966553 0.294922
vt 0.966553 0.289307
vt 0.976807 0.294922
vt 0.976807 0.289307
vt 0.990723 0.003174
vt 0.981934 0.003174
vt 0.982178 0.002197
vt 0.990234 0.002197
vt 0.723633 0.987061
vt 0.722656 0.986328
vt 0.723633 0.982422
vt 0.722656 0.982422
vt 0.109131 0.997314
vt 0.109131 0.993408
vt 0.110107 0.996582
vt 0.110107 0.993164
vt 0.997803 0.121338
vt 0.995117 0.121338
vt 0.995117 0.119385
vt 0.997803 0.119873
vt 0.968506 0.996094
vt 0.967285 0.996094
vt 0.966553 0.993164
vt 0.969238 0.993164
vt 0.816406 0.996094
vt 0.816406 0.993164
vt 0.817627 0.995850
vt 0.359131 0.994141
vt 0.360840 0.993164
vt 0.360840 0.996582
vt 0.733398 0.617432
vt 0.730469 0.631836
vt 0.730469 0.600342
vt 0.503418 0.733643
vt 0.506104 0.716553
vt 0.506104 0.748047
vt 0.681641 0.145996
vt 0.680664 0.145996
vt 0.680664 0.124756
vt 0.681641 0.124756
vt 0.676025 0.936523
vt 0.650635 0.936523
vt 0.650635 0.910400
vt 0.676025 0.910400
vt 0.151367 0.701416
vt 0.151367 0.706299
vt 0.128906 0.701416
vt 0.125488 0.697998
vt 0.125488 0.701416
vt 0.128906 0.707520
vt 0.125488 0.707520
vt 0.128906 0.706299
vt 0.128906 0.710938
vt 0.151367 0.710938
vt 0.151367 0.773926
vt 0.128906 0.773926
vt 0.035400 0.065674
vt 0.036865 0.085205
vt 0.035400 0.136719
vt 0.503174 0.943848
vt 0.506104 0.946777
vt 0.501221 0.946777
vt 0.498779 0.943359
vt 0.502686 0.948975
vt 0.497314 0.946777
vt 0.506104 0.950439
vt 0.494873 0.945312
vt 0.504150 0.954346
vt 0.495361 0.950439
vt 0.500244 0.953369
vt 0.492676 0.949463
vt 0.499756 0.956787
vt 0.493164 0.953857
vt 0.495850 0.956787
vt 0.496338 0.953369
vt 0.870117 0.240234
vt 0.864502 0.240234
vt 0.869873 0.217529
vt 0.865967 0.217529
vt 0.865234 0.214111
vt 0.865723 0.214111
vt 0.869873 0.207275
vt 0.867920 0.204590
vt 0.869873 0.204590
vt 0.868164 0.352783
vt 0.865479 0.352783
vt 0.868164 0.326904
vt 0.865479 0.326172
vt 0.868164 0.317139
vt 0.865479 0.317139
vt 0.638428 0.304688
vt 0.638428 0.256836
vt 0.639160 0.263672
vt 0.712891 0.907959
vt 0.712891 0.909424
vt 0.690430 0.907959
vt 0.687012 0.909424
vt 0.712891 0.934570
vt 0.687012 0.934570
vt 0.104248 0.249268
vt 0.104248 0.226807
vt 0.107666 0.226807
vt 0.108887 0.249268
vt 0.104492 0.223389
vt 0.108887 0.222656
vt 0.104492 0.216553
vt 0.653809 0.169922
vt 0.652832 0.169922
vt 0.653809 0.148438
vt 0.652832 0.148438
vt 0.783203 0.459473
vt 0.780518 0.476562
vt 0.780518 0.445068
vt 0.686279 0.762451
vt 0.688965 0.748047
vt 0.688965 0.779541
vt 0.849854 0.993652
vt 0.851074 0.993164
vt 0.851074 0.996094
vt 0.583252 0.996338
vt 0.583740 0.993164
vt 0.584961 0.996338
vt 0.966553 0.332275
vt 0.966553 0.327393
vt 0.976807 0.327393
vt 0.976807 0.332275
vt 0.995117 0.171631
vt 0.995117 0.170166
vt 0.997803 0.169678
vt 0.997803 0.171631
vt 0.995117 0.016846
vt 0.997803 0.016113
vt 0.997803 0.018799
vt 0.995117 0.018066
vt 0.247314 0.977051
vt 0.246582 0.976318
vt 0.249268 0.967529
vt 0.250244 0.967285
vt 0.247070 0.964844
vt 0.246582 0.965332
vt 0.752930 0.993164
vt 0.754883 0.993652
vt 0.752930 0.996094
vt 0.557129 0.996338
vt 0.557129 0.993164
vt 0.558594 0.995605
vt 0.931641 0.996094
vt 0.931641 0.993896
vt 0.934326 0.993164
vt 0.934326 0.996094
vt 0.995117 0.022949
vt 0.997803 0.022949
vt 0.997803 0.025879
vt 0.995117 0.025146
vt 0.487793 0.996338
vt 0.487793 0.993164
vt 0.489746 0.995361
vt 0.976807 0.391846
vt 0.966553 0.391846
vt 0.966553 0.387939
vt 0.976807 0.387939
vt 0.997803 0.251221
vt 0.995117 0.251221
vt 0.997314 0.249268
vt 0.976807 0.208252
vt 0.976807 0.211670
vt 0.966553 0.208984
vt 0.966553 0.213623
vt 0.976807 0.215088
vt 0.975830 0.824951
vt 0.966553 0.824951
vt 0.974854 0.822998
vt 0.966553 0.822998
vt 0.989502 0.695557
vt 0.981934 0.695557
vt 0.989502 0.694336
vt 0.981934 0.693604
vt 0.905273 0.986328
vt 0.902588 0.986572
vt 0.905273 0.982422
vt 0.902588 0.982422
vt 0.884521 0.986328
vt 0.884521 0.982422
vt 0.888428 0.982422
vt 0.888428 0.986572
vt 0.648438 0.982422
vt 0.648438 0.987061
vt 0.644287 0.987061
vt 0.644287 0.982422
vt 0.759033 0.982666
vt 0.762695 0.982422
vt 0.759033 0.986816
vt 0.762695 0.986572
vt 0.826660 0.986572
vt 0.826660 0.982666
vt 0.830078 0.982422
vt 0.830078 0.986084
vt 0.909424 0.986328
vt 0.909424 0.982422
vt 0.912354 0.986572
vt 0.912354 0.982422
vt 0.975830 0.816895
vt 0.974854 0.818604
vt 0.966553 0.816895
vt 0.966553 0.818604
vt 0.847900 0.964844
vt 0.847412 0.975830
vt 0.844482 0.964844
vt 0.842529 0.975830
vt 0.841064 0.964844
vt 0.715088 0.996094
vt 0.713379 0.995850
vt 0.715088 0.993164
vt 0.655518 0.996094
vt 0.653564 0.996094
vt 0.654297 0.993164
vt 0.895752 0.094238
vt 0.893311 0.078613
vt 0.895752 0.062500
vt 0.887939 0.328613
vt 0.892090 0.328369
vt 0.888428 0.343506
vt 0.892090 0.360107
vt 0.887695 0.360107
vt 0.395264 0.402588
vt 0.395264 0.432129
vt 0.392334 0.417236
vt 0.951172 0.368652
vt 0.949219 0.384277
vt 0.947266 0.368652
vt 0.997803 0.195801
vt 0.995117 0.197266
vt 0.995117 0.194824
vt 0.750000 0.905029
vt 0.747070 0.890869
vt 0.750000 0.874023
vt 0.384033 0.941895
vt 0.387939 0.940674
vt 0.387939 0.955078
vt 0.912598 0.558594
vt 0.912598 0.587402
vt 0.909668 0.571777
vt 0.461670 0.940674
vt 0.459717 0.955078
vt 0.457764 0.940674
vt 0.578857 0.994141
vt 0.576172 0.996094
vt 0.576172 0.993164
vt 0.398926 0.942139
vt 0.395020 0.941650
vt 0.398926 0.925537
vt 0.487549 0.230469
vt 0.484619 0.247559
vt 0.484619 0.229980
vt 0.899658 0.705566
vt 0.896729 0.705322
vt 0.899658 0.688232
vt 0.903320 0.363770
vt 0.900391 0.347168
vt 0.903320 0.332764
vt 0.484619 0.927734
vt 0.487549 0.927246
vt 0.487549 0.943848
vt 0.914307 0.070801
vt 0.914307 0.099854
vt 0.911377 0.086426
vt 0.819336 0.049805
vt 0.822021 0.032715
vt 0.822021 0.049805
vt 0.886719 0.750000
vt 0.884033 0.733643
vt 0.886719 0.718018
vt 0.885742 0.564697
vt 0.890381 0.564697
vt 0.886475 0.580566
vt 0.889893 0.596436
vt 0.885742 0.596680
vt 0.358398 0.404541
vt 0.358398 0.434082
vt 0.355469 0.419678
vt 0.949463 0.157227
vt 0.947266 0.173584
vt 0.945312 0.157227
vt 0.550293 0.993164
vt 0.552979 0.995361
vt 0.550293 0.996338
vt 0.064209 0.955078
vt 0.064209 0.940430
vt 0.068359 0.954590
vt 0.131104 0.818359
vt 0.126953 0.818359
vt 0.129150 0.803955
vt 0.604248 0.994141
vt 0.602051 0.996094
vt 0.602051 0.993164
vt 0.951172 0.197754
vt 0.947266 0.197754
vt 0.949463 0.181885
vt 0.777832 0.932861
vt 0.777832 0.906250
vt 0.781250 0.910889
vt 0.801758 0.906006
vt 0.796875 0.911621
vt 0.801758 0.911621
vt 0.781738 0.911621
vt 0.781250 0.927979
vt 0.801758 0.932861
vt 0.781738 0.926758
vt 0.796875 0.926514
vt 0.915771 0.214600
vt 0.916504 0.213867
vt 0.916504 0.241943
vt 0.915771 0.241211
vt 0.919922 0.213867
vt 0.919922 0.241943
vt 0.922607 0.692627
vt 0.922607 0.668701
vt 0.923584 0.692627
vt 0.923584 0.668701
vt 0.496826 0.273438
vt 0.495850 0.273438
vt 0.495850 0.253906
vt 0.496826 0.253906
vt 0.327148 0.725830
vt 0.327148 0.704834
vt 0.330566 0.704590
vt 0.330566 0.725586
vt 0.929199 0.419189
vt 0.925781 0.419189
vt 0.925781 0.395264
vt 0.929199 0.395264
vt 0.989746 0.207275
vt 0.990479 0.209717
vt 0.981934 0.209717
vt 0.990723 0.085693
vt 0.990479 0.088135
vt 0.982178 0.088379
vt 0.981934 0.085693
vt 0.913818 0.177002
vt 0.917236 0.177002
vt 0.917236 0.205078
vt 0.913818 0.205078
vt 0.917969 0.177734
vt 0.917969 0.204346
vt 0.791016 0.513428
vt 0.791016 0.492432
vt 0.794189 0.513184
vt 0.794189 0.492188
vt 0.919922 0.860840
vt 0.916504 0.860840
vt 0.919922 0.836914
vt 0.916504 0.836914
vt 0.607666 0.934570
vt 0.583740 0.934570
vt 0.583740 0.933838
vt 0.607666 0.933838
vt 0.588623 0.927734
vt 0.583740 0.927734
vt 0.604248 0.929199
vt 0.603516 0.927734
vt 0.603516 0.912842
vt 0.604248 0.912109
vt 0.607666 0.907471
vt 0.588623 0.912842
vt 0.583740 0.907471
vt 0.583740 0.912842
vt 0.218018 0.387939
vt 0.217041 0.387695
vt 0.218018 0.368164
vt 0.217041 0.367920
vt 0.976318 0.531006
vt 0.976074 0.535400
vt 0.966797 0.535645
vt 0.966553 0.531006
vt 0.976562 0.480225
vt 0.976318 0.484619
vt 0.967285 0.480469
vt 0.966553 0.484619
vt 0.948242 0.925537
vt 0.953125 0.917236
vt 0.953125 0.924805
vt 0.948242 0.917236
vt 0.948242 0.911133
vt 0.953125 0.911133
vt 0.879395 0.368408
vt 0.883057 0.352051
vt 0.883057 0.384277
vt 0.568848 0.264648
vt 0.565430 0.278809
vt 0.565430 0.247314
vt 0.556152 0.066895
vt 0.559570 0.049805
vt 0.559570 0.081299
vt 0.295654 0.887939
vt 0.292236 0.905029
vt 0.292236 0.873535
vt 0.896240 0.886230
vt 0.899658 0.871826
vt 0.899658 0.903320
vt 0.877686 0.583984
vt 0.881104 0.568115
vt 0.881104 0.600342
vt 0.926270 0.036621
vt 0.930908 0.035889
vt 0.926270 0.044678
vt 0.930908 0.044678
vt 0.926270 0.050781
vt 0.930908 0.050781
vt 0.930908 0.059082
vt 0.926270 0.058350
vt 0.788818 0.571045
vt 0.788818 0.602295
vt 0.785645 0.588135
vt 0.504883 0.289307
vt 0.509766 0.272461
vt 0.509766 0.290039
vt 0.857178 0.901367
vt 0.853760 0.884277
vt 0.855957 0.869873
vt 0.852295 0.901367
vt 0.138428 0.906982
vt 0.135498 0.889893
vt 0.138428 0.875732
vt 0.940674 0.766602
vt 0.945801 0.766602
vt 0.942139 0.783203
vt 0.901367 0.103271
vt 0.899658 0.134766
vt 0.897949 0.120361
vt 0.896729 0.103271
vt 0.642090 0.965332
vt 0.642090 0.975830
vt 0.641602 0.964844
vt 0.641602 0.976318
vt 0.573975 0.987305
vt 0.570068 0.987305
vt 0.570068 0.982422
vt 0.573975 0.982422
vt 0.746582 0.986572
vt 0.744629 0.987061
vt 0.744629 0.982422
vt 0.470215 0.951904
vt 0.472412 0.953369
vt 0.470215 0.956787
vt 0.473877 0.956787
vt 0.467285 0.953857
vt 0.477783 0.954834
vt 0.466797 0.949463
vt 0.476807 0.950928
vt 0.470215 0.947998
vt 0.480225 0.950439
vt 0.468750 0.945801
vt 0.480225 0.946777
vt 0.473877 0.946289
vt 0.476807 0.947266
vt 0.472900 0.943359
vt 0.477295 0.943848
vt 0.593994 0.987305
vt 0.590576 0.987305
vt 0.593994 0.982422
vt 0.590576 0.982422
vt 0.647217 0.964844
vt 0.647217 0.976318
vt 0.646484 0.975830
vt 0.646484 0.965332
vt 0.892090 0.781250
vt 0.889648 0.765869
vt 0.892090 0.749512
vt 0.376465 0.708984
vt 0.380615 0.708984
vt 0.377197 0.724121
vt 0.742676 0.881104
vt 0.742676 0.910645
vt 0.740234 0.895264
vt 0.419189 0.947998
vt 0.419434 0.933594
vt 0.423096 0.947510
vt 0.426514 0.949463
vt 0.427002 0.947021
vt 0.424316 0.933105
vt 0.432129 0.947266
vt 0.429199 0.933105
vt 0.561523 0.982422
vt 0.565674 0.982422
vt 0.561523 0.987061
vt 0.565674 0.987305
vt 0.034912 0.942871
vt 0.038818 0.942871
vt 0.035645 0.956787
vt 0.770752 0.976074
vt 0.768799 0.970459
vt 0.771240 0.972412
vt 0.771240 0.968506
vt 0.771240 0.964844
vt 0.083984 0.953613
vt 0.084229 0.940186
vt 0.087891 0.953125
vt 0.090332 0.955078
vt 0.091797 0.952393
vt 0.088623 0.939453
vt 0.095947 0.952148
vt 0.093506 0.939453
vt 0.775146 0.986816
vt 0.774658 0.982422
vt 0.777100 0.982422
vt 0.652832 0.987061
vt 0.652832 0.982910
vt 0.655273 0.987305
vt 0.655273 0.982422
vt 0.938232 0.222900
vt 0.942139 0.206787
vt 0.942139 0.223389
vt 0.971191 0.986328
vt 0.971191 0.982422
vt 0.972412 0.982422
vt 0.972412 0.986572
vt 0.700195 0.982910
vt 0.701660 0.982422
vt 0.701660 0.987061
vt 0.700195 0.987061
vt 0.967285 0.971924
vt 0.970947 0.972656
vt 0.970703 0.974365
vt 0.966553 0.973145
vt 0.975586 0.973389
vt 0.975098 0.971924
vt 0.975342 0.774658
vt 0.976074 0.776123
vt 0.971680 0.777100
vt 0.971436 0.775391
vt 0.966553 0.776123
vt 0.966553 0.774658
vt 0.686279 0.987061
vt 0.686279 0.982422
vt 0.687500 0.982422
vt 0.687500 0.987061
vt 0.982666 0.279541
vt 0.981934 0.278076
vt 0.986328 0.278076
vt 0.986328 0.279541
vt 0.990479 0.279541
vt 0.990479 0.278076
vt 0.809814 0.986328
vt 0.810059 0.982422
vt 0.811279 0.982422
vt 0.811279 0.986816
vt 0.428467 0.894043
vt 0.426025 0.877686
vt 0.428467 0.862061
vt 0.746094 0.839844
vt 0.750000 0.839111
vt 0.750000 0.855225
vt 0.059082 0.883057
vt 0.059082 0.912598
vt 0.056641 0.897949
vt 0.105225 0.942139
vt 0.108643 0.927490
vt 0.109131 0.942627
vt 0.108398 0.945801
vt 0.113525 0.943115
vt 0.113525 0.927979
vt 0.118164 0.944092
vt 0.118164 0.928955
vt 0.814697 0.192871
vt 0.812744 0.193848
vt 0.812744 0.188965
vt 0.810303 0.189697
vt 0.814697 0.138916
vt 0.812256 0.138672
vt 0.781250 0.986816
vt 0.781250 0.982422
vt 0.785400 0.982422
vt 0.785400 0.986572
vt 0.238037 0.953125
vt 0.238037 0.938477
vt 0.241943 0.952881
vt 0.197754 0.953613
vt 0.193848 0.953125
vt 0.197021 0.940430
vt 0.191406 0.955078
vt 0.189941 0.952393
vt 0.192627 0.939453
vt 0.185547 0.952148
vt 0.187988 0.939453
vt 0.947510 0.709961
vt 0.947510 0.725830
vt 0.943604 0.710205
vt 0.538818 0.023926
vt 0.539551 0.020264
vt 0.553223 0.023926
vt 0.537842 0.016602
vt 0.540283 0.016357
vt 0.553955 0.019287
vt 0.540283 0.010986
vt 0.554199 0.014404
vt 0.537109 0.003174
vt 0.097900 0.836914
vt 0.097412 0.837891
vt 0.084473 0.835938
vt 0.083984 0.836670
vt 0.097900 0.875488
vt 0.083984 0.838135
vt 0.074219 0.873535
vt 0.073730 0.837158
vt 0.532471 0.519043
vt 0.532471 0.503906
vt 0.546875 0.503906
vt 0.546875 0.519043
vt 0.129883 0.031006
vt 0.131104 0.031006
vt 0.131104 0.046143
vt 0.129883 0.046143
vt 0.286865 0.508057
vt 0.286865 0.495361
vt 0.288086 0.507812
vt 0.288086 0.494629
vt 0.284668 0.494873
vt 0.284180 0.494385
vt 0.288086 0.490479
vt 0.284180 0.490723
vt 0.935547 0.173584
vt 0.934326 0.173584
vt 0.935547 0.159180
vt 0.934326 0.158691
vt 0.937744 0.158691
vt 0.938477 0.157959
vt 0.934326 0.153809
vt 0.938477 0.153809
vt 0.857178 0.911621
vt 0.856445 0.911621
vt 0.857178 0.909424
vt 0.856445 0.909424
vt 0.857178 0.931396
vt 0.851562 0.911621
vt 0.851562 0.909424
vt 0.856445 0.931396
vt 0.857178 0.932861
vt 0.851562 0.931396
vt 0.856445 0.932861
vt 0.851562 0.932861
vt 0.025879 0.934570
vt 0.025146 0.936523
vt 0.018066 0.933838
vt 0.008545 0.935303
vt 0.025879 0.914795
vt 0.018066 0.914307
vt 0.025146 0.913330
vt 0.008545 0.912109
vt 0.011963 0.933594
vt 0.011963 0.913818
vt 0.012939 0.914551
vt 0.012939 0.932861
vt 0.924805 0.282715
vt 0.919922 0.282715
vt 0.924805 0.280518
vt 0.925537 0.281250
vt 0.919922 0.280518
vt 0.924805 0.304688
vt 0.919922 0.304688
vt 0.919922 0.306641
vt 0.924805 0.306641
vt 0.925537 0.306641
vt 0.633545 0.933350
vt 0.632568 0.934570
vt 0.632568 0.933350
vt 0.633545 0.911621
vt 0.625488 0.932861
vt 0.615723 0.933350
vt 0.632568 0.911621
vt 0.632568 0.909668
vt 0.625488 0.911133
vt 0.619385 0.932373
vt 0.615723 0.908203
vt 0.619385 0.910645
vt 0.620361 0.931641
vt 0.620361 0.911377
vt 0.400879 0.832275
vt 0.400879 0.870117
vt 0.387451 0.868652
vt 0.387451 0.867432
vt 0.377197 0.830078
vt 0.377197 0.866455
vt 0.116943 0.132812
vt 0.118164 0.132812
vt 0.116943 0.147705
vt 0.118164 0.147705
vt 0.060547 0.816406
vt 0.062012 0.803711
vt 0.062012 0.816406
vt 0.060547 0.803223
vt 0.063965 0.802979
vt 0.064697 0.802246
vt 0.060547 0.799072
vt 0.064697 0.798584
vt 0.400879 0.145996
vt 0.399414 0.145996
vt 0.399414 0.131592
vt 0.400879 0.130859
vt 0.397461 0.130859
vt 0.396729 0.130127
vt 0.400879 0.125977
vt 0.396729 0.125977
vt 0.570801 0.519043
vt 0.556396 0.519043
vt 0.556396 0.504150
vt 0.570801 0.504150
vt 0.916748 0.650146
vt 0.916748 0.636475
vt 0.917969 0.637207
vt 0.954102 0.040283
vt 0.955078 0.027100
vt 0.955078 0.040527
vt 0.966553 0.062744
vt 0.966553 0.060059
vt 0.977539 0.060059
vt 0.977539 0.062744
vt 0.576172 0.943115
vt 0.578125 0.943115
vt 0.578125 0.956787
vt 0.576172 0.956787
vt 0.936523 0.714844
vt 0.935791 0.714844
vt 0.936523 0.695801
vt 0.935791 0.695068
vt 0.931152 0.695068
vt 0.931152 0.714844
vt 0.899658 0.938477
vt 0.899658 0.919189
vt 0.900391 0.938477
vt 0.900391 0.918457
vt 0.905029 0.938232
vt 0.905029 0.918457
vt 0.722900 0.953125
vt 0.718994 0.951416
vt 0.723633 0.951172
vt 0.727783 0.952148
vt 0.720459 0.949951
vt 0.717041 0.947754
vt 0.727051 0.950439
vt 0.731445 0.948730
vt 0.729492 0.947754
vt 0.731445 0.943359
vt 0.730225 0.942871
vt 0.728516 0.939941
vt 0.725342 0.938477
vt 0.721924 0.939453
vt 0.718750 0.947021
vt 0.717529 0.942627
vt 0.718994 0.943359
vt 0.720703 0.938965
vt 0.078369 0.997314
vt 0.077393 0.996338
vt 0.078369 0.993164
vt 0.077393 0.993652
vt 0.989502 0.712402
vt 0.985107 0.713379
vt 0.988037 0.711670
vt 0.984863 0.712158
vt 0.982178 0.711670
vt 0.981934 0.712402
vt 0.938477 0.022217
vt 0.933594 0.022217
vt 0.933594 0.002441
vt 0.938477 0.002441
vt 0.346191 0.022217
vt 0.347168 0.002930
vt 0.347168 0.022217
vt 0.346191 0.002197
vt 0.931152 0.295654
vt 0.931152 0.276367
vt 0.931641 0.295654
vt 0.931641 0.275635
vt 0.936523 0.295654
vt 0.936523 0.275635
vt 0.952881 0.004883
vt 0.955078 0.004883
vt 0.952881 0.018555
vt 0.955078 0.018555
vt 0.966553 0.052979
vt 0.977539 0.052979
vt 0.977539 0.055664
vt 0.966553 0.055664
vt 0.966553 0.915771
vt 0.975586 0.915771
vt 0.966553 0.920410
vt 0.975586 0.920410
vt 0.367676 0.165283
vt 0.364258 0.180908
vt 0.364258 0.148926
vt 0.881348 0.180176
vt 0.884766 0.163574
vt 0.884766 0.195801
vt 0.899658 0.587891
vt 0.896240 0.602295
vt 0.896240 0.570801
vt 0.899902 0.161133
vt 0.903320 0.144043
vt 0.903320 0.175537
vt 0.580078 0.143555
vt 0.576660 0.160645
vt 0.576660 0.129150
vt 0.897949 0.771729
vt 0.901367 0.757324
vt 0.901367 0.788818
vt 0.315918 0.319824
vt 0.312500 0.336182
vt 0.312500 0.303955
vt 0.879395 0.692871
vt 0.883057 0.677246
vt 0.883057 0.709229
vt 0.966553 0.929443
vt 0.966553 0.924805
vt 0.975586 0.929443
vt 0.975586 0.924805
vt 0.012939 0.734375
vt 0.012939 0.790527
vt 0.008057 0.734375
vt 0.008057 0.790527
vt 0.631836 0.259033
vt 0.631836 0.315186
vt 0.629639 0.258301
vt 0.629639 0.315918
vt 0.708008 0.522949
vt 0.708008 0.570801
vt 0.706543 0.522949
vt 0.706543 0.570801
vt 0.709229 0.570801
vt 0.709229 0.522949
vt 0.465576 0.754883
vt 0.465576 0.810791
vt 0.461426 0.810791
vt 0.461426 0.754883
vt 0.102295 0.997070
vt 0.102295 0.993164
vt 0.104980 0.994385
vt 0.890381 0.681641
vt 0.887207 0.666016
vt 0.890381 0.649658
vt 0.398438 0.666504
vt 0.402588 0.666748
vt 0.398438 0.681641
vt 0.487549 0.189453
vt 0.487549 0.221680
vt 0.484863 0.205322
vt 0.539307 0.906982
vt 0.536621 0.892578
vt 0.539307 0.875732
vt 0.262207 0.955078
vt 0.258057 0.954346
vt 0.262207 0.940918
vt 0.785156 0.356445
vt 0.785156 0.387939
vt 0.782227 0.370850
vt 0.937988 0.381836
vt 0.942139 0.365479
vt 0.942139 0.382324
vt 0.874756 0.393555
vt 0.876465 0.376221
vt 0.879150 0.393555
vt 0.829346 0.108887
vt 0.827881 0.108887
vt 0.827881 0.061523
vt 0.829346 0.061523
vt 0.051758 0.567139
vt 0.051758 0.614990
vt 0.050293 0.567139
vt 0.050293 0.614990
vt 0.325195 0.293701
vt 0.322266 0.276611
vt 0.325195 0.262451
vt 0.939453 0.121826
vt 0.943848 0.122314
vt 0.939453 0.138428
vt 0.901367 0.481934
vt 0.901367 0.513428
vt 0.898682 0.499023
vt 0.945068 0.557861
vt 0.945068 0.541992
vt 0.949463 0.557373
vt 0.892090 0.136719
vt 0.889160 0.120361
vt 0.892090 0.104736
vt 0.945557 0.745117
vt 0.949463 0.745361
vt 0.945557 0.760986
vt 0.511719 0.026855
vt 0.511719 0.059082
vt 0.509033 0.043457
vt 0.332520 0.004395
vt 0.328125 0.018555
vt 0.328125 0.003662
vt 0.764160 0.949463
vt 0.764160 0.933350
vt 0.768311 0.948975
vt 0.808105 0.543701
vt 0.809082 0.543701
vt 0.809082 0.591064
vt 0.808105 0.591064
vt 0.178223 0.251221
vt 0.178223 0.211182
vt 0.179199 0.251221
vt 0.179199 0.211182
vt 0.781250 0.524658
vt 0.781250 0.585449
vt 0.779297 0.585449
vt 0.779297 0.524658
vt 0.990234 0.294189
vt 0.989746 0.296143
vt 0.981934 0.294189
vt 0.981934 0.295898
vt 0.988770 0.962158
vt 0.981934 0.962158
vt 0.988281 0.960205
vt 0.981934 0.960205
vt 0.677979 0.554199
vt 0.676514 0.554199
vt 0.676514 0.506348
vt 0.677979 0.506348
vt 0.675049 0.506348
vt 0.675049 0.554199
vt 0.744141 0.456299
vt 0.746338 0.456299
vt 0.746338 0.517090
vt 0.744141 0.517090
vt 0.990234 0.419922
vt 0.981934 0.419922
vt 0.989502 0.417969
vt 0.988770 0.899902
vt 0.988037 0.901855
vt 0.981934 0.899902
vt 0.981934 0.901855
vt 0.608643 0.214111
vt 0.608643 0.153564
vt 0.616211 0.193115
vt 0.614746 0.218994
vt 0.616211 0.181396
vt 0.616211 0.168457
vt 0.624268 0.218994
vt 0.621582 0.193115
vt 0.614746 0.258545
vt 0.624268 0.258545
vt 0.621582 0.181396
vt 0.621582 0.168457
vt 0.614746 0.151367
vt 0.616211 0.155518
vt 0.621582 0.155518
vt 0.624268 0.151367
vt 0.614746 0.133545
vt 0.623535 0.128174
vt 0.883057 0.458984
vt 0.879150 0.474609
vt 0.879150 0.442627
vt 0.381104 0.316895
vt 0.384277 0.300293
vt 0.384277 0.332520
vt 0.903320 0.458496
vt 0.899902 0.472900
vt 0.899902 0.441406
vt 0.897705 0.044922
vt 0.901367 0.027588
vt 0.901367 0.059082
vt 0.764648 0.887939
vt 0.761230 0.905029
vt 0.761230 0.873535
vt 0.895752 0.730957
vt 0.899658 0.716553
vt 0.899658 0.748047
vt 0.881104 0.827881
vt 0.877441 0.844238
vt 0.877441 0.812012
vt 0.423584 0.042725
vt 0.426758 0.026855
vt 0.426758 0.059082
vt 0.509766 0.591309
vt 0.503662 0.595947
vt 0.502197 0.570312
vt 0.509766 0.530762
vt 0.494141 0.595947
vt 0.503662 0.635498
vt 0.494141 0.635498
vt 0.496826 0.570312
vt 0.496826 0.558594
vt 0.502197 0.558594
vt 0.502197 0.545654
vt 0.496826 0.545654
vt 0.494141 0.528809
vt 0.496826 0.532959
vt 0.503662 0.528809
vt 0.502197 0.532959
vt 0.503662 0.511230
vt 0.494873 0.505615
vt 0.989990 0.488525
vt 0.981934 0.488525
vt 0.982422 0.486816
vt 0.897705 0.208740
vt 0.895264 0.193115
vt 0.897705 0.177002
vt 0.149658 0.542236
vt 0.145020 0.542969
vt 0.145020 0.527588
vt 0.387939 0.259766
vt 0.387939 0.291748
vt 0.385254 0.275391
vt 0.905029 0.402588
vt 0.902344 0.388428
vt 0.905029 0.371582
vt 0.953125 0.773926
vt 0.948730 0.773438
vt 0.953125 0.760010
vt 0.400879 0.711182
vt 0.400879 0.742676
vt 0.398193 0.725342
vt 0.942139 0.659424
vt 0.942139 0.676025
vt 0.937012 0.659912
vt 0.123779 0.801758
vt 0.118164 0.818359
vt 0.118164 0.800537
vt 0.949463 0.511719
vt 0.943604 0.510986
vt 0.949463 0.496094
vt 0.260498 0.434082
vt 0.257812 0.416992
vt 0.260498 0.402832
vt 0.936523 0.058105
vt 0.942139 0.057129
vt 0.942139 0.073975
vt 0.903320 0.208740
vt 0.903320 0.240234
vt 0.900635 0.225830
vt 0.376709 0.927490
vt 0.382324 0.912842
vt 0.382324 0.929199
vt 0.890381 0.892090
vt 0.887695 0.875732
vt 0.890381 0.860107
vt 0.077637 0.950439
vt 0.072510 0.951172
vt 0.072510 0.935303
vt 0.884766 0.791748
vt 0.884766 0.823730
vt 0.882080 0.808105
vt 0.937744 0.241943
vt 0.937744 0.227295
vt 0.942139 0.241455
vt 0.947510 0.630615
vt 0.947510 0.646484
vt 0.942871 0.630859
vt 0.739014 0.753662
vt 0.735596 0.754639
vt 0.734375 0.752930
vt 0.738281 0.751709
vt 0.743164 0.753418
vt 0.742188 0.755127
vt 0.744385 0.762939
vt 0.744385 0.757812
vt 0.742432 0.765625
vt 0.739014 0.766602
vt 0.735840 0.765381
vt 0.733643 0.757568
vt 0.733154 0.761230
vt 0.974365 0.960205
vt 0.970947 0.959717
vt 0.971436 0.957275
vt 0.975586 0.958008
vt 0.966553 0.958496
vt 0.967529 0.960205
vt 0.974854 0.693115
vt 0.976074 0.694824
vt 0.971680 0.695801
vt 0.971436 0.693604
vt 0.966797 0.694824
vt 0.966553 0.693115
vt 0.989502 0.302979
vt 0.985352 0.302246
vt 0.986084 0.300293
vt 0.990234 0.301025
vt 0.981934 0.301270
vt 0.982178 0.302979
vt 0.983154 0.203125
vt 0.981934 0.201660
vt 0.986328 0.201660
vt 0.982666 0.200439
vt 0.986084 0.203125
vt 0.986328 0.200439
vt 0.990479 0.201660
vt 0.989502 0.203125
vt 0.990479 0.200439
vt 0.965576 0.986572
vt 0.965576 0.982422
vt 0.966797 0.982422
vt 0.966797 0.986328
vt 0.705811 0.982422
vt 0.707275 0.982910
vt 0.705811 0.987061
vt 0.707275 0.987061
vt 0.990723 0.073730
vt 0.986572 0.074463
vt 0.989990 0.072266
vt 0.986328 0.072998
vt 0.981934 0.073730
vt 0.982178 0.072266
vt 0.966553 0.788574
vt 0.967285 0.787109
vt 0.971191 0.789795
vt 0.971191 0.787842
vt 0.976074 0.788574
vt 0.976074 0.787109
vt 0.981934 0.136475
vt 0.986572 0.136475
vt 0.981934 0.137939
vt 0.986572 0.137939
vt 0.990479 0.137939
vt 0.114258 0.993164
vt 0.115479 0.993408
vt 0.114258 0.997070
vt 0.881104 0.787842
vt 0.876953 0.803467
vt 0.876953 0.771240
vt 0.284668 0.126465
vt 0.288086 0.110107
vt 0.288086 0.142334
vt 0.554199 0.887207
vt 0.550049 0.901367
vt 0.550049 0.869873
vt 0.894043 0.379395
vt 0.897705 0.361816
vt 0.897705 0.393555
vt 0.217041 0.447754
vt 0.218018 0.448486
vt 0.218018 0.466797
vt 0.217041 0.467285
vt 0.988770 0.829834
vt 0.982666 0.829102
vt 0.988037 0.829102
vt 0.981934 0.829834
vt 0.988037 0.825195
vt 0.982666 0.825195
vt 0.988770 0.949707
vt 0.988037 0.950684
vt 0.981934 0.949707
vt 0.982666 0.950684
vt 0.636230 0.312744
vt 0.637207 0.313477
vt 0.636230 0.334229
vt 0.637207 0.333740
vt 0.988770 0.839111
vt 0.982666 0.838379
vt 0.988037 0.838379
vt 0.981934 0.839111
vt 0.988037 0.834229
vt 0.982666 0.834229
vt 0.988770 0.954834
vt 0.988037 0.955811
vt 0.981934 0.954834
vt 0.982666 0.955811
vt 0.251221 0.885986
vt 0.247070 0.903320
vt 0.247070 0.871826
vt 0.895996 0.662354
vt 0.899658 0.648193
vt 0.899658 0.679688
vt 0.881104 0.158936
vt 0.876953 0.175537
vt 0.876953 0.143311
vt 0.319824 0.170166
vt 0.323242 0.154297
vt 0.323242 0.186523
vt 0.892090 0.722168
vt 0.890137 0.706543
vt 0.892090 0.690430
vt 0.633057 0.503662
vt 0.637207 0.504150
vt 0.633057 0.519043
vt 0.886719 0.023193
vt 0.886719 0.055420
vt 0.884521 0.039062
vt 0.222900 0.955078
vt 0.222900 0.940918
vt 0.227295 0.954834
vt 0.903320 0.325195
vt 0.901123 0.310547
vt 0.903320 0.293701
vt 0.889160 0.790283
vt 0.895264 0.791016
vt 0.891357 0.804443
vt 0.895752 0.804932
vt 0.892822 0.822021
vt 0.889160 0.821533
vt 0.041992 0.618896
vt 0.041992 0.587158
vt 0.044434 0.604248
vt 0.015137 0.977783
vt 0.015869 0.964844
vt 0.021484 0.977783
vt 0.020752 0.964844
vt 0.278320 0.945801
vt 0.279053 0.929199
vt 0.282715 0.945801
vt 0.777588 0.095947
vt 0.773438 0.095947
vt 0.777588 0.077637
vt 0.773438 0.077637
vt 0.936523 0.796143
vt 0.931641 0.795654
vt 0.936523 0.777832
vt 0.931641 0.777344
vt 0.345703 0.987793
vt 0.341553 0.987793
vt 0.345703 0.982422
vt 0.341553 0.982422
vt 0.617676 0.941895
vt 0.620605 0.944824
vt 0.607666 0.952148
vt 0.610596 0.955078
vt 0.607178 0.947754
vt 0.613281 0.941406
vt 0.609619 0.943359
vt 0.614258 0.955078
vt 0.620605 0.948730
vt 0.618652 0.952637
vt 0.932861 0.687256
vt 0.928711 0.687256
vt 0.932861 0.666504
vt 0.928711 0.666504
vt 0.568848 0.023926
vt 0.564209 0.023682
vt 0.568848 0.003662
vt 0.564209 0.003418
vt 0.354004 0.987793
vt 0.349854 0.987793
vt 0.354004 0.982422
vt 0.349854 0.982422
vt 0.894043 0.035156
vt 0.891846 0.018799
vt 0.894043 0.003174
vt 0.945312 0.399658
vt 0.949463 0.400146
vt 0.945312 0.415527
vt 0.421143 0.856201
vt 0.421143 0.888428
vt 0.419189 0.872803
vt 0.734863 0.934082
vt 0.742676 0.921631
vt 0.738770 0.936279
vt 0.737793 0.940186
vt 0.742676 0.939453
vt 0.906982 0.105713
vt 0.906982 0.136719
vt 0.904785 0.119629
vt 0.390625 0.905029
vt 0.392578 0.890625
vt 0.396484 0.905029
vt 0.397217 0.890625
vt 0.394287 0.874023
vt 0.390625 0.874023
vt 0.943848 0.873779
vt 0.937744 0.879150
vt 0.937988 0.876221
vt 0.933594 0.878662
vt 0.938232 0.862305
vt 0.933594 0.864014
vt 0.905029 0.280762
vt 0.902588 0.266357
vt 0.905029 0.249268
vt 0.947021 0.079346
vt 0.947754 0.063477
vt 0.951172 0.079346
vt 0.705566 0.953125
vt 0.701172 0.953125
vt 0.704834 0.939209
vt 0.990234 0.329346
vt 0.981934 0.329346
vt 0.986328 0.327881
vt 0.950439 0.611328
vt 0.946289 0.611328
vt 0.951172 0.595703
vt 0.946289 0.595947
vt 0.782959 0.952881
vt 0.781982 0.937256
vt 0.786865 0.953125
vt 0.786865 0.937500
vt 0.850342 0.986572
vt 0.847656 0.986328
vt 0.850342 0.982422
vt 0.393555 0.678467
vt 0.393555 0.696289
vt 0.392822 0.677246
vt 0.392822 0.696289
vt 0.391357 0.677246
vt 0.391357 0.696289
vt 0.864502 0.051514
vt 0.864502 0.090576
vt 0.862305 0.090576
vt 0.862305 0.050781
vt 0.863770 0.050781
vt 0.976074 0.707275
vt 0.976074 0.709473
vt 0.966553 0.707275
vt 0.966553 0.709473
vt 0.990479 0.150635
vt 0.981934 0.150635
vt 0.981934 0.148438
vt 0.990234 0.148438
vt 0.792480 0.355225
vt 0.792480 0.372559
vt 0.791748 0.373047
vt 0.790283 0.355225
vt 0.790283 0.373047
vt 0.976074 0.719971
vt 0.976074 0.721924
vt 0.966553 0.719971
vt 0.966553 0.721924
vt 0.990479 0.156738
vt 0.981934 0.156738
vt 0.981934 0.154785
vt 0.990234 0.154785
vt 0.854736 0.800293
vt 0.854980 0.781006
vt 0.864502 0.800293
vt 0.864502 0.781006
vt 0.863037 0.806396
vt 0.864502 0.820068
vt 0.976074 0.752197
vt 0.966553 0.752197
vt 0.972656 0.750732
vt 0.966553 0.751221
vt 0.883057 0.060059
vt 0.878906 0.075684
vt 0.878906 0.043457
vt 0.133301 0.283447
vt 0.136719 0.267090
vt 0.136719 0.299316
vt 0.883057 0.018555
vt 0.878906 0.035156
vt 0.878906 0.002930
vt 0.330811 0.293945
vt 0.334229 0.278076
vt 0.334229 0.310303
vt 0.112793 0.690186
vt 0.112793 0.709229
vt 0.111328 0.709229
vt 0.111328 0.690186
vt 0.110596 0.709229
vt 0.110596 0.691406
vt 0.932861 0.088135
vt 0.924561 0.094238
vt 0.923340 0.088135
vt 0.932861 0.069092
vt 0.923340 0.069092
vt 0.862549 0.002686
vt 0.862549 0.042480
vt 0.860596 0.003418
vt 0.860596 0.042480
vt 0.861328 0.002686
vt 0.976074 0.726318
vt 0.976074 0.728271
vt 0.966553 0.728271
vt 0.966553 0.726318
vt 0.990479 0.163086
vt 0.981934 0.163086
vt 0.990234 0.161133
vt 0.981934 0.161133
vt 0.498779 0.809814
vt 0.498779 0.827637
vt 0.497314 0.827637
vt 0.496582 0.809814
vt 0.496582 0.826904
vt 0.976074 0.713623
vt 0.976074 0.715576
vt 0.966553 0.715576
vt 0.966553 0.713623
vt 0.990479 0.169434
vt 0.981934 0.169434
vt 0.990234 0.167236
vt 0.981934 0.167236
vt 0.127930 0.869629
vt 0.133057 0.869629
vt 0.131836 0.884766
vt 0.130371 0.901367
vt 0.436035 0.296631
vt 0.436035 0.328857
vt 0.433105 0.312500
vt 0.383301 0.144531
vt 0.387939 0.131104
vt 0.387939 0.145996
vt 0.108887 0.004150
vt 0.105469 0.020264
vt 0.104980 0.003418
vt 0.102783 0.019775
vt 0.098877 0.035156
vt 0.098877 0.002441
vt 0.377441 0.667969
vt 0.382324 0.667969
vt 0.378174 0.684326
vt 0.380859 0.684326
vt 0.389648 0.667969
vt 0.381592 0.699951
vt 0.386230 0.699951
vt 0.923584 0.255127
vt 0.919189 0.271729
vt 0.918213 0.253662
vt 0.915527 0.269287
vt 0.911133 0.280762
vt 0.911133 0.251709
vt 0.907959 0.599609
vt 0.912598 0.598633
vt 0.910645 0.616455
vt 0.913574 0.614502
vt 0.917969 0.626221
vt 0.917969 0.597656
vt 0.413818 0.430664
vt 0.408447 0.432129
vt 0.409424 0.414307
vt 0.405762 0.416504
vt 0.401123 0.405029
vt 0.401123 0.434082
vt 0.780518 0.884766
vt 0.783203 0.867676
vt 0.785156 0.885498
vt 0.786133 0.869629
vt 0.790527 0.858154
vt 0.790527 0.886719
vt 0.725830 0.631836
vt 0.721924 0.631836
vt 0.725342 0.615234
vt 0.722412 0.615234
vt 0.721191 0.599609
vt 0.715576 0.631836
vt 0.508789 0.672363
vt 0.508545 0.656006
vt 0.513428 0.640869
vt 0.508545 0.639893
vt 0.441406 0.019531
vt 0.441406 0.051758
vt 0.438721 0.035889
vt 0.549316 0.280762
vt 0.549805 0.264404
vt 0.553955 0.280762
vt 0.552734 0.264404
vt 0.561523 0.280762
vt 0.553223 0.248535
vt 0.558105 0.248535
vt 0.528320 0.940430
vt 0.525391 0.943848
vt 0.523682 0.941650
vt 0.523682 0.927246
vt 0.428223 0.976318
vt 0.428223 0.964844
vt 0.433594 0.964844
vt 0.433594 0.976318
vt 0.455811 0.964844
vt 0.460693 0.964844
vt 0.455811 0.976318
vt 0.460693 0.976318
vt 0.523438 0.987549
vt 0.523438 0.982666
vt 0.528320 0.982422
vt 0.528320 0.987061
vt 0.292969 0.987793
vt 0.288086 0.987793
vt 0.292969 0.982422
vt 0.288086 0.982422
vt 0.082031 0.977783
vt 0.082031 0.964844
vt 0.087646 0.964844
vt 0.087646 0.977783
vt 0.118896 0.964844
vt 0.123779 0.964844
vt 0.118896 0.977783
vt 0.123779 0.977783
vt 0.532471 0.987549
vt 0.532471 0.982666
vt 0.537109 0.982422
vt 0.537109 0.987061
vt 0.302002 0.987793
vt 0.297119 0.987793
vt 0.302002 0.982422
vt 0.297119 0.982422
vt 0.626221 0.517334
vt 0.621826 0.519043
vt 0.621826 0.503662
vt 0.032471 0.609619
vt 0.036865 0.595947
vt 0.036865 0.611328
vt 0.464844 0.964844
vt 0.469727 0.964844
vt 0.469727 0.976318
vt 0.464844 0.976318
vt 0.505615 0.987549
vt 0.505615 0.982666
vt 0.510254 0.987061
vt 0.510254 0.982422
vt 0.311035 0.987793
vt 0.306152 0.987793
vt 0.306152 0.982422
vt 0.311035 0.982422
vt 0.109863 0.964844
vt 0.114746 0.964844
vt 0.114746 0.977783
vt 0.109863 0.977783
vt 0.514648 0.987549
vt 0.514648 0.982666
vt 0.519287 0.987061
vt 0.519287 0.982422
vt 0.320068 0.987793
vt 0.315186 0.987793
vt 0.315186 0.982422
vt 0.320068 0.982422
vt 0.012939 0.566406
vt 0.008545 0.580078
vt 0.008545 0.564697
vt 0.612549 0.505371
vt 0.616943 0.503662
vt 0.616943 0.519043
vt 0.554443 0.976318
vt 0.549072 0.976318
vt 0.549072 0.964844
vt 0.554443 0.964844
vt 0.151855 0.977783
vt 0.146484 0.977783
vt 0.146484 0.964844
vt 0.151855 0.964844
vt 0.974854 0.115723
vt 0.977539 0.117920
vt 0.966553 0.117920
vt 0.953125 0.562988
vt 0.953125 0.578125
vt 0.951172 0.562988
vt 0.951172 0.578125
vt 0.949219 0.679443
vt 0.951172 0.679443
vt 0.949219 0.694580
vt 0.951172 0.694580
vt 0.480225 0.918457
vt 0.480225 0.923340
vt 0.474121 0.920654
vt 0.480225 0.937012
vt 0.474121 0.938477
vt 0.519531 0.638672
vt 0.522705 0.644775
vt 0.519531 0.653809
vt 0.792480 0.453369
vt 0.791260 0.467773
vt 0.789062 0.453125
vt 0.789062 0.470947
vt 0.079346 0.060059
vt 0.081299 0.062988
vt 0.079346 0.073975
vt 0.171875 0.910645
vt 0.171875 0.895996
vt 0.173584 0.907715
vt 0.988037 0.612061
vt 0.989502 0.615234
vt 0.981934 0.615234
vt 0.281982 0.432129
vt 0.281982 0.402832
vt 0.288086 0.402832
vt 0.288086 0.432129
vt 0.316895 0.886719
vt 0.321045 0.894287
vt 0.316895 0.916260
vt 0.321045 0.909424
vt 0.325195 0.887451
vt 0.325195 0.885986
vt 0.615967 0.987305
vt 0.614990 0.982422
vt 0.615967 0.982422
vt 0.981934 0.406006
vt 0.989746 0.406006
vt 0.986816 0.413574
vt 0.981934 0.466553
vt 0.989990 0.466553
vt 0.989990 0.468018
vt 0.582764 0.976562
vt 0.582764 0.964844
vt 0.583740 0.964844
vt 0.583740 0.976318
vt 0.703857 0.790527
vt 0.703857 0.809082
vt 0.699707 0.809082
vt 0.699707 0.790527
vt 0.644775 0.914062
vt 0.644775 0.934570
vt 0.640625 0.934570
vt 0.640625 0.914062
vt 0.273438 0.786865
vt 0.271484 0.774902
vt 0.273438 0.771729
vt 0.498779 0.776123
vt 0.498779 0.790527
vt 0.496826 0.787598
vt 0.910156 0.146240
vt 0.914307 0.138672
vt 0.914307 0.168213
vt 0.910156 0.161133
vt 0.953125 0.062744
vt 0.952148 0.062744
vt 0.952148 0.049316
vt 0.953125 0.049316
vt 0.989990 0.456055
vt 0.981934 0.456787
vt 0.981934 0.455322
vt 0.912598 0.799805
vt 0.906250 0.799805
vt 0.906250 0.770508
vt 0.912598 0.770508
vt 0.906250 0.769775
vt 0.282959 0.988037
vt 0.282959 0.982422
vt 0.283936 0.982666
vt 0.989990 0.461670
vt 0.981934 0.462402
vt 0.981934 0.460938
vt 0.816650 0.200439
vt 0.820068 0.200195
vt 0.817871 0.214600
vt 0.820068 0.218018
vt 0.988037 0.622559
vt 0.981934 0.619385
vt 0.989502 0.619385
vt 0.946045 0.801758
vt 0.946045 0.785889
vt 0.949463 0.795410
vt 0.538818 0.916748
vt 0.544922 0.918701
vt 0.538818 0.921387
vt 0.538818 0.935059
vt 0.544922 0.936523
vt 0.947266 0.670410
vt 0.947266 0.655518
vt 0.951172 0.655518
vt 0.951172 0.670410
vt 0.214355 0.909912
vt 0.214355 0.936523
vt 0.204590 0.927002
vt 0.188965 0.934570
vt 0.204590 0.918701
vt 0.188965 0.909912
vt 0.866211 0.462158
vt 0.865723 0.487061
vt 0.859619 0.462158
vt 0.859375 0.494141
vt 0.866211 0.499268
vt 0.861572 0.502441
vt 0.868164 0.548096
vt 0.862305 0.548584
vt 0.866455 0.523926
vt 0.859131 0.521240
vt 0.866455 0.511963
vt 0.860352 0.509277
vt 0.868164 0.509521
vt 0.663086 0.735107
vt 0.662109 0.735107
vt 0.662109 0.719971
vt 0.663086 0.719971
vt 0.031250 0.978027
vt 0.031250 0.964844
vt 0.032227 0.964844
vt 0.032227 0.978027
vt 0.352539 0.909912
vt 0.363037 0.918701
vt 0.363037 0.927002
vt 0.378662 0.909912
vt 0.352539 0.936523
vt 0.378662 0.934570
vt 0.805420 0.862549
vt 0.798584 0.862549
vt 0.804688 0.836670
vt 0.798584 0.830078
vt 0.805420 0.824219
vt 0.800537 0.820801
vt 0.916992 0.692139
vt 0.917969 0.715332
vt 0.911133 0.692139
vt 0.911133 0.720459
vt 0.796143 0.953125
vt 0.791992 0.953125
vt 0.791992 0.938232
vt 0.796143 0.938232
vt 0.002197 0.930908
vt 0.002197 0.915283
vt 0.003662 0.925049
vt 0.981934 0.764404
vt 0.989258 0.764404
vt 0.985596 0.765137
vt 0.279541 0.923828
vt 0.280273 0.906250
vt 0.284424 0.925537
vt 0.284424 0.899414
vt 0.780762 0.608643
vt 0.784912 0.608643
vt 0.797363 0.615479
vt 0.816406 0.608643
vt 0.816406 0.594238
vt 0.797363 0.625000
vt 0.809570 0.642822
vt 0.816406 0.642822
vt 0.784912 0.633301
vt 0.780762 0.634033
vt 0.806152 0.644287
vt 0.804199 0.646240
vt 0.771973 0.645020
vt 0.771240 0.629883
vt 0.804199 0.666260
vt 0.776123 0.654541
vt 0.784180 0.662109
vt 0.795166 0.666260
vt 0.804688 0.666748
vt 0.145996 0.850586
vt 0.145020 0.860840
vt 0.145020 0.846680
vt 0.949707 0.942871
vt 0.951172 0.938965
vt 0.951172 0.953125
vt 0.940186 0.563477
vt 0.934082 0.550781
vt 0.940186 0.546631
vt 0.840576 0.226318
vt 0.833008 0.241943
vt 0.833008 0.195557
vt 0.170898 0.705078
vt 0.171631 0.709961
vt 0.169434 0.711182
vt 0.173584 0.714600
vt 0.168945 0.711914
vt 0.172852 0.777588
vt 0.168945 0.777588
vt 0.997803 0.063477
vt 0.997803 0.064453
vt 0.995117 0.064453
vt 0.995117 0.063477
vt 0.184814 0.713867
vt 0.184814 0.779541
vt 0.181396 0.779541
vt 0.181396 0.713867
vt 0.463623 0.819580
vt 0.463623 0.862549
vt 0.446533 0.819580
vt 0.446533 0.862549
vt 0.283691 0.715820
vt 0.290527 0.750000
vt 0.283691 0.750000
vt 0.302734 0.732178
vt 0.302734 0.722656
vt 0.315186 0.715820
vt 0.319336 0.715820
vt 0.283691 0.701416
vt 0.315186 0.740479
vt 0.319336 0.741211
vt 0.293945 0.751465
vt 0.295898 0.753418
vt 0.328125 0.751953
vt 0.328857 0.737061
vt 0.295898 0.773193
vt 0.323975 0.761719
vt 0.315674 0.769287
vt 0.304932 0.773193
vt 0.295166 0.773926
vt 0.680176 0.966064
vt 0.672363 0.975830
vt 0.672363 0.964844
vt 0.906006 0.515381
vt 0.906006 0.501221
vt 0.906982 0.511475
vt 0.271484 0.817627
vt 0.278809 0.783936
vt 0.278809 0.833008
vt 0.397217 0.491211
vt 0.397217 0.508057
vt 0.390869 0.503906
vt 0.404541 0.955078
vt 0.402832 0.951172
vt 0.404541 0.940918
vt 0.413818 0.492432
vt 0.413818 0.508057
vt 0.412354 0.501953
vt 0.729736 0.767822
vt 0.724121 0.770264
vt 0.724121 0.753174
vt 0.989258 0.753174
vt 0.981934 0.753174
vt 0.985596 0.752441
vt 0.323242 0.020508
vt 0.322510 0.023926
vt 0.316895 0.018311
vt 0.323242 0.009277
vt 0.923584 0.430176
vt 0.919434 0.448975
vt 0.919434 0.423096
vt 0.383301 0.129395
vt 0.391846 0.118652
vt 0.395264 0.118652
vt 0.400146 0.108643
vt 0.397949 0.118408
vt 0.402588 0.108887
vt 0.402832 0.099609
vt 0.404541 0.099609
vt 0.402588 0.088623
vt 0.404297 0.087646
vt 0.399414 0.077393
vt 0.401123 0.076416
vt 0.395264 0.069580
vt 0.385010 0.048584
vt 0.383301 0.049561
vt 0.218018 0.045410
vt 0.220215 0.025879
vt 0.221436 0.052490
vt 0.221436 0.023926
vt 0.229004 0.023926
vt 0.229004 0.011475
vt 0.229004 0.290283
vt 0.221436 0.011475
vt 0.228760 0.002197
vt 0.221191 0.002197
vt 0.222168 0.290283
vt 0.222168 0.302979
vt 0.229004 0.302979
vt 0.221436 0.290039
vt 0.090576 0.140869
vt 0.083740 0.124512
vt 0.086914 0.125488
vt 0.087646 0.147705
vt 0.082520 0.111816
vt 0.081299 0.123291
vt 0.080322 0.111084
vt 0.082764 0.101562
vt 0.081055 0.101074
vt 0.085449 0.091064
vt 0.074951 0.100342
vt 0.074219 0.110352
vt 0.083984 0.089600
vt 0.090576 0.082031
vt 0.089111 0.080811
vt 0.451660 0.964844
vt 0.451660 0.976318
vt 0.446777 0.964844
vt 0.446777 0.976318
vt 0.096680 0.964844
vt 0.096680 0.977783
vt 0.091797 0.977783
vt 0.091797 0.964844
vt 0.442627 0.964844
vt 0.442627 0.976318
vt 0.437744 0.976318
vt 0.437744 0.964844
vt 0.105713 0.964844
vt 0.105713 0.977783
vt 0.100830 0.964844
vt 0.100830 0.977783
vt 0.283691 0.829102
vt 0.292969 0.837646
vt 0.283691 0.868164
vt 0.293945 0.867920
vt 0.297363 0.826660
vt 0.926270 0.134033
vt 0.927246 0.134033
vt 0.927246 0.156982
vt 0.926270 0.156982
vt 0.244385 0.773926
vt 0.242920 0.770508
vt 0.244873 0.766357
vt 0.241455 0.764404
vt 0.240967 0.763672
vt 0.245605 0.760986
vt 0.240967 0.697998
vt 0.206787 0.701660
vt 0.206787 0.709229
vt 0.199951 0.701660
vt 0.206787 0.714600
vt 0.199951 0.777588
vt 0.206787 0.777588
vt 0.197266 0.701660
vt 0.197266 0.777588
vt 0.976074 0.757812
vt 0.969238 0.757812
vt 0.974854 0.756592
vt 0.967285 0.756592
vt 0.966553 0.757812
vt 0.895020 0.217041
vt 0.895752 0.216309
vt 0.895752 0.241943
vt 0.895020 0.241943
vt 0.552246 0.198975
vt 0.552002 0.222168
vt 0.550293 0.198975
vt 0.550293 0.230957
vt 0.552246 0.230957
vt 0.976074 0.769043
vt 0.974854 0.770508
vt 0.969238 0.769043
vt 0.967285 0.770508
vt 0.966553 0.769043
vt 0.367920 0.822510
vt 0.366943 0.853271
vt 0.357666 0.822266
vt 0.357666 0.862061
vt 0.371338 0.864502
vt 0.772217 0.661621
vt 0.770752 0.674316
vt 0.770752 0.655762
vt 0.181396 0.569580
vt 0.190186 0.530762
vt 0.190186 0.580078
vt 0.158691 0.564453
vt 0.153564 0.571533
vt 0.092773 0.549316
vt 0.053955 0.540527
vt 0.416260 0.347900
vt 0.413574 0.343262
vt 0.437500 0.335693
vt 0.405273 0.335693
vt 0.404541 0.343262
vt 0.448486 0.345215
vt 0.446289 0.331543
vt 0.416260 0.363037
vt 0.452637 0.332275
vt 0.446289 0.305420
vt 0.449707 0.345215
vt 0.443604 0.354736
vt 0.452637 0.131592
vt 0.444336 0.285645
vt 0.444336 0.266602
vt 0.443604 0.265869
vt 0.443604 0.236328
vt 0.442871 0.354004
vt 0.432129 0.361572
vt 0.421143 0.364258
vt 0.406006 0.364990
vt 0.401855 0.363037
vt 0.381348 0.365723
vt 0.378662 0.363037
vt 0.319824 0.365723
vt 0.323242 0.363037
vt 0.297119 0.363037
vt 0.295898 0.364990
vt 0.285645 0.363037
vt 0.280762 0.364258
vt 0.269775 0.361572
vt 0.258789 0.354004
vt 0.253418 0.345215
vt 0.258057 0.354736
vt 0.251953 0.345215
vt 0.285645 0.347900
vt 0.249268 0.332275
vt 0.264404 0.335693
vt 0.288330 0.343262
vt 0.297119 0.335693
vt 0.297852 0.343262
vt 0.255371 0.331543
vt 0.255371 0.305420
vt 0.249268 0.131592
vt 0.257568 0.285645
vt 0.257568 0.266602
vt 0.258057 0.265869
vt 0.258057 0.236328
vt 0.929199 0.589355
vt 0.924316 0.589355
vt 0.929199 0.565918
vt 0.924316 0.565918
vt 0.423096 0.923584
vt 0.418213 0.923584
vt 0.423096 0.897461
vt 0.418213 0.897461
vt 0.975586 0.950684
vt 0.968262 0.953125
vt 0.966553 0.950684
vt 0.290771 0.354736
vt 0.328857 0.343018
vt 0.339844 0.351318
vt 0.322021 0.320801
vt 0.328857 0.315186
vt 0.302490 0.256104
vt 0.290771 0.218018
vt 0.172607 0.247559
vt 0.172607 0.093018
vt 0.173584 0.247314
vt 0.172607 0.063965
vt 0.738281 0.108887
vt 0.738281 0.003906
vt 0.738770 0.004639
vt 0.498779 0.869141
vt 0.496338 0.881104
vt 0.490234 0.879883
vt 0.492676 0.867920
vt 0.489502 0.878662
vt 0.491699 0.867920
vt 0.492676 0.858154
vt 0.491699 0.858154
vt 0.489502 0.848145
vt 0.010986 0.802002
vt 0.010986 0.812988
vt 0.003662 0.812988
vt 0.003418 0.802002
vt 0.003418 0.847900
vt 0.010986 0.847900
vt 0.425537 0.123779
vt 0.422852 0.113281
vt 0.426514 0.123779
vt 0.427002 0.134277
vt 0.427979 0.134277
vt 0.427246 0.149170
vt 0.428467 0.166016
vt 0.433838 0.134766
vt 0.434326 0.166504
vt 0.427734 0.173584
vt 0.430664 0.168945
vt 0.432617 0.166504
vt 0.432617 0.167725
vt 0.432617 0.169189
vt 0.435059 0.167969
vt 0.435059 0.169189
vt 0.430908 0.171631
vt 0.432617 0.171875
vt 0.435059 0.174072
vt 0.435059 0.172119
vt 0.435547 0.172607
vt 0.436035 0.235840
vt 0.428223 0.234619
vt 0.435303 0.235107
vt 0.435303 0.236328
vt 0.432861 0.236328
vt 0.431152 0.236084
vt 0.432861 0.239746
vt 0.431152 0.239502
vt 0.435303 0.239746
vt 0.435303 0.240479
vt 0.432861 0.240234
vt 0.432861 0.241699
vt 0.428711 0.241455
vt 0.427979 0.258301
vt 0.428467 0.273438
vt 0.427734 0.273438
vt 0.434570 0.273682
vt 0.434814 0.241699
vt 0.433350 0.284912
vt 0.427246 0.284424
vt 0.429688 0.297363
vt 0.426514 0.284668
vt 0.423828 0.296875
vt 0.422852 0.296387
vt 0.834717 0.156982
vt 0.834717 0.122070
vt 0.842285 0.156982
vt 0.842285 0.122070
vt 0.834717 0.111084
vt 0.842285 0.111084
vt 0.833496 0.269775
vt 0.831055 0.257812
vt 0.839600 0.268555
vt 0.837158 0.256836
vt 0.840576 0.267334
vt 0.838135 0.256592
vt 0.837158 0.246826
vt 0.838135 0.246826
vt 0.840576 0.236572
vt 0.197754 0.587646
vt 0.197754 0.692627
vt 0.197021 0.588379
vt 0.243896 0.002441
vt 0.243896 0.014404
vt 0.236328 0.002441
vt 0.236328 0.014404
vt 0.243896 0.042969
vt 0.236328 0.279297
vt 0.243164 0.279297
vt 0.243164 0.292725
vt 0.236328 0.292725
vt 0.243164 0.302979
vt 0.236328 0.302979
vt 0.135498 0.222412
vt 0.136719 0.232666
vt 0.134521 0.222412
vt 0.136475 0.043701
vt 0.136719 0.010010
vt 0.873535 0.725830
vt 0.866699 0.725830
vt 0.873779 0.715088
vt 0.866943 0.715088
vt 0.873779 0.701416
vt 0.866943 0.701416
vt 0.873535 0.691162
vt 0.866699 0.691162
vt 0.646484 0.952881
vt 0.644043 0.953125
vt 0.645508 0.946045
vt 0.643311 0.945801
vt 0.646484 0.940186
vt 0.644287 0.938965
vt 0.584473 0.952393
vt 0.585449 0.946533
vt 0.586670 0.953125
vt 0.587402 0.945801
vt 0.583252 0.940918
vt 0.585449 0.939697
vt 0.587402 0.938965
vt 0.295654 0.252686
vt 0.295654 0.303223
vt 0.294189 0.252686
vt 0.294189 0.303223
vt 0.295654 0.312256
vt 0.292725 0.312256
vt 0.292725 0.303223
vt 0.290039 0.312256
vt 0.290039 0.252686
vt 0.292725 0.252686
vt 0.544922 0.256836
vt 0.542236 0.256836
vt 0.542236 0.206543
vt 0.544922 0.206543
vt 0.544922 0.197754
vt 0.542236 0.197754
vt 0.826660 0.053467
vt 0.826660 0.002930
vt 0.829346 0.002930
vt 0.829346 0.053467
vt 0.997803 0.201416
vt 0.997803 0.202881
vt 0.995117 0.201416
vt 0.995117 0.202881
vt 0.929688 0.855469
vt 0.927979 0.857178
vt 0.929443 0.852051
vt 0.932861 0.852295
vt 0.927979 0.836914
vt 0.930664 0.836670
vt 0.094238 0.053467
vt 0.091553 0.053467
vt 0.091553 0.003418
vt 0.094238 0.003418
vt 0.452637 0.803467
vt 0.452637 0.744141
vt 0.455322 0.748291
vt 0.455322 0.803467
vt 0.455322 0.744141
vt 0.462158 0.744141
vt 0.463623 0.748047
vt 0.090576 0.184326
vt 0.090576 0.243896
vt 0.087158 0.234863
vt 0.087158 0.184326
vt 0.087158 0.243896
vt 0.086426 0.234863
vt 0.084229 0.243896
vt 0.084229 0.234863
vt 0.086426 0.184326
vt 0.084229 0.184326
vt 0.341797 0.326904
vt 0.338867 0.326904
vt 0.338867 0.271973
vt 0.341797 0.267822
vt 0.338867 0.267822
vt 0.332031 0.267822
vt 0.330811 0.271973
vt 0.821045 0.663086
vt 0.821045 0.612549
vt 0.823730 0.612549
vt 0.823730 0.663086
vt 0.997803 0.225830
vt 0.997803 0.226318
vt 0.995117 0.225830
vt 0.995117 0.226318
vt 0.084961 0.053467
vt 0.082275 0.053467
vt 0.082275 0.003418
vt 0.084961 0.003418
vt 0.997803 0.230713
vt 0.997803 0.231445
vt 0.995117 0.231445
vt 0.995850 0.230713
vt 0.231934 0.367676
vt 0.231934 0.317139
vt 0.234619 0.317139
vt 0.234619 0.367676
vt 0.231934 0.308105
vt 0.234619 0.308105
vt 0.997803 0.057617
vt 0.996094 0.059082
vt 0.995117 0.057617
vt 0.990479 0.174072
vt 0.989258 0.177002
vt 0.986084 0.173584
vt 0.985840 0.176514
vt 0.982178 0.174072
vt 0.981934 0.177002
vt 0.253174 0.699951
vt 0.251709 0.775879
vt 0.251709 0.699707
vt 0.895752 0.521484
vt 0.895752 0.522705
vt 0.893799 0.522705
vt 0.893799 0.520752
vt 0.886230 0.522461
vt 0.886230 0.520508
vt 0.894531 0.491211
vt 0.886230 0.490967
vt 0.542969 0.743652
vt 0.541016 0.744385
vt 0.541016 0.666992
vt 0.542969 0.668213
vt 0.697998 0.490723
vt 0.699951 0.489258
vt 0.699951 0.567139
vt 0.697998 0.566406
vt 0.975586 0.946289
vt 0.973389 0.946289
vt 0.975342 0.944824
vt 0.973145 0.943604
vt 0.966797 0.946289
vt 0.966553 0.943604
vt 0.752197 0.565430
vt 0.753662 0.565430
vt 0.752197 0.642822
vt 0.753662 0.642822
vt 0.607422 0.616211
vt 0.607422 0.539062
vt 0.609619 0.616943
vt 0.609619 0.539062
vt 0.675781 0.768311
vt 0.675781 0.691406
vt 0.677979 0.691406
vt 0.118164 0.126953
vt 0.115723 0.127441
vt 0.115723 0.057861
vt 0.997070 0.469482
vt 0.995117 0.470703
vt 0.995117 0.469482
vt 0.997070 0.470703
vt 0.414795 0.111328
vt 0.417480 0.111328
vt 0.414795 0.131104
vt 0.417480 0.131104
vt 0.218994 0.996826
vt 0.217285 0.996582
vt 0.218994 0.994141
vt 0.217285 0.993164
vt 0.975586 0.852783
vt 0.975586 0.855469
vt 0.973389 0.852783
vt 0.973389 0.856201
vt 0.966553 0.856201
vt 0.966553 0.852783
vt 0.973389 0.858887
vt 0.966553 0.858887
vt 0.452637 0.375000
vt 0.450439 0.355225
vt 0.452637 0.355225
vt 0.450439 0.375000
vt 0.059082 0.251221
vt 0.059082 0.126221
vt 0.061035 0.251221
vt 0.061035 0.126221
vt 0.610840 0.996094
vt 0.608398 0.995605
vt 0.610840 0.993164
vt 0.995117 0.268555
vt 0.997803 0.268555
vt 0.995117 0.270996
vt 0.770264 0.984619
vt 0.769775 0.986572
vt 0.767334 0.984131
vt 0.766846 0.986816
vt 0.766846 0.982422
vt 0.535645 0.736084
vt 0.534912 0.738770
vt 0.532715 0.735596
vt 0.531250 0.737061
vt 0.527344 0.715576
vt 0.524902 0.715820
vt 0.527588 0.688721
vt 0.529541 0.689453
vt 0.524658 0.688965
vt 0.522461 0.716064
vt 0.533691 0.666992
vt 0.535645 0.667725
vt 0.212402 0.034912
vt 0.212402 0.302002
vt 0.210938 0.034912
vt 0.208984 0.021973
vt 0.209717 0.314209
vt 0.210938 0.302002
vt 0.207520 0.021973
vt 0.202881 0.012451
vt 0.202148 0.013184
vt 0.191162 0.005615
vt 0.196777 0.024170
vt 0.192627 0.017090
vt 0.198730 0.034912
vt 0.185059 0.014404
vt 0.180176 0.002930
vt 0.172607 0.014404
vt 0.148193 0.002197
vt 0.162354 0.024170
vt 0.161133 0.034912
vt 0.148193 0.056885
vt 0.161133 0.041748
vt 0.163818 0.048584
vt 0.183594 0.056152
vt 0.178955 0.050049
vt 0.190430 0.048584
vt 0.197998 0.071289
vt 0.197998 0.041748
vt 0.197998 0.076660
vt 0.196045 0.070557
vt 0.203613 0.082275
vt 0.203613 0.235596
vt 0.203613 0.254639
vt 0.197266 0.295166
vt 0.191162 0.290283
vt 0.198730 0.302002
vt 0.186523 0.278076
vt 0.208984 0.313477
vt 0.178223 0.289551
vt 0.197266 0.314209
vt 0.179688 0.280762
vt 0.204102 0.322510
vt 0.193848 0.320557
vt 0.196045 0.330078
vt 0.169189 0.291016
vt 0.187012 0.324463
vt 0.150146 0.256836
vt 0.179688 0.256836
vt 0.163086 0.296387
vt 0.150146 0.334717
vt 0.161133 0.311523
vt 0.164551 0.320557
vt 0.172607 0.325195
vt 0.185059 0.334229
vt 0.196045 0.331299
vt 0.150146 0.336182
vt 0.185059 0.335449
vt 0.022217 0.768799
vt 0.019775 0.779785
vt 0.018799 0.779785
vt 0.019287 0.790283
vt 0.018311 0.790527
vt 0.022217 0.822021
vt 0.021240 0.822021
vt 0.509766 0.916748
vt 0.510254 0.916748
vt 0.509766 0.936523
vt 0.510254 0.936523
vt 0.517090 0.936523
vt 0.517090 0.916748
vt 0.989502 0.699951
vt 0.988770 0.701904
vt 0.988770 0.699951
vt 0.981934 0.699951
vt 0.981934 0.701904
vt 0.988770 0.889648
vt 0.988037 0.889648
vt 0.988525 0.886230
vt 0.987793 0.886230
vt 0.981934 0.886230
vt 0.982178 0.889648
vt 0.059082 0.940186
vt 0.058350 0.920410
vt 0.059082 0.920410
vt 0.058350 0.940186
vt 0.051514 0.920410
vt 0.051514 0.940186
vt 0.996094 0.540039
vt 0.995117 0.540039
vt 0.995605 0.539551
vt 0.847900 0.606934
vt 0.847900 0.620605
vt 0.845459 0.620605
vt 0.845459 0.606445
vt 0.076416 0.247559
vt 0.075439 0.243408
vt 0.078369 0.242920
vt 0.079102 0.247070
vt 0.076904 0.163574
vt 0.079346 0.164062
vt 0.075439 0.163330
vt 0.295654 0.074951
vt 0.295166 0.078857
vt 0.292480 0.078613
vt 0.292725 0.074463
vt 0.292969 0.156982
vt 0.295654 0.156982
vt 0.922363 0.362061
vt 0.925049 0.356201
vt 0.927246 0.357422
vt 0.927002 0.336426
vt 0.922363 0.337158
vt 0.805908 0.812744
vt 0.804932 0.812500
vt 0.809082 0.781006
vt 0.808105 0.781006
vt 0.808838 0.769775
vt 0.807861 0.769531
vt 0.805908 0.756836
vt 0.804932 0.757324
vt 0.995605 0.535400
vt 0.995117 0.534424
vt 0.996094 0.534424
vt 0.063965 0.337646
vt 0.029053 0.336182
vt 0.029053 0.334961
vt 0.018311 0.332031
vt 0.018311 0.330566
vt 0.063965 0.336426
vt 0.027344 0.327393
vt 0.019775 0.322998
vt 0.043701 0.329102
vt 0.010254 0.322754
vt 0.015869 0.313477
vt 0.005615 0.313965
vt 0.015381 0.302490
vt 0.052002 0.323730
vt 0.053711 0.301270
vt 0.003906 0.302246
vt 0.016846 0.296875
vt 0.010254 0.255127
vt 0.064941 0.258301
vt 0.047852 0.292236
vt 0.037598 0.257812
vt 0.036865 0.290527
vt 0.065430 0.336426
vt 0.067139 0.258301
vt 0.065430 0.337646
vt 0.068115 0.337891
vt 0.068115 0.335693
vt 0.071777 0.327637
vt 0.081299 0.327881
vt 0.130615 0.329590
vt 0.081543 0.312744
vt 0.144043 0.338135
vt 0.073242 0.259766
vt 0.068115 0.336426
vt 0.069580 0.336426
vt 0.069824 0.258301
vt 0.073242 0.258545
vt 0.123779 0.259521
vt 0.123291 0.313721
vt 0.124512 0.259521
vt 0.130127 0.319336
vt 0.132080 0.319336
vt 0.130127 0.321289
vt 0.132812 0.321289
vt 0.137695 0.321533
vt 0.140381 0.320068
vt 0.142334 0.261230
vt 0.143799 0.260010
vt 0.988770 0.865234
vt 0.981934 0.865234
vt 0.988525 0.861328
vt 0.982178 0.861328
vt 0.018066 0.012939
vt 0.018799 0.013672
vt 0.013184 0.022461
vt 0.011719 0.022217
vt 0.024170 0.024658
vt 0.028320 0.017822
vt 0.030029 0.006348
vt 0.021729 0.035645
vt 0.035889 0.015381
vt 0.041016 0.003662
vt 0.048340 0.015625
vt 0.073242 0.003662
vt 0.058350 0.025391
vt 0.059326 0.036377
vt 0.072021 0.058594
vt 0.057861 0.043213
vt 0.051025 0.049805
vt 0.041260 0.051025
vt 0.036377 0.057129
vt 0.029785 0.049316
vt 0.021729 0.071777
vt 0.022217 0.042480
vt 0.009521 0.035400
vt 0.008057 0.035156
vt 0.002441 0.302246
vt 0.020996 0.110840
vt 0.017578 0.110840
vt 0.014893 0.236084
vt 0.004883 0.314453
vt 0.017822 0.255127
vt 0.018311 0.236084
vt 0.387939 0.199463
vt 0.376953 0.316895
vt 0.385986 0.199463
vt 0.374512 0.320801
vt 0.375488 0.331787
vt 0.373535 0.331787
vt 0.378418 0.342529
vt 0.387939 0.356445
vt 0.382324 0.351074
vt 0.982910 0.125732
vt 0.981934 0.124268
vt 0.990723 0.124268
vt 0.541016 0.271729
vt 0.541016 0.264893
vt 0.542969 0.271729
vt 0.542969 0.265625
vt 0.542969 0.282715
vt 0.541016 0.282715
vt 0.923584 0.609375
vt 0.923584 0.621582
vt 0.921387 0.621582
vt 0.923584 0.627930
vt 0.921387 0.609375
vt 0.923584 0.602539
vt 0.921631 0.602539
vt 0.320801 0.936523
vt 0.319092 0.926514
vt 0.322998 0.936035
vt 0.321289 0.926025
vt 0.323242 0.926025
vt 0.323242 0.916504
vt 0.480225 0.644287
vt 0.481445 0.646484
vt 0.480225 0.665039
vt 0.481445 0.665039
vt 0.493164 0.646484
vt 0.493164 0.665039
vt 0.484375 0.644287
vt 0.493164 0.644043
vt 0.989746 0.562988
vt 0.989258 0.565186
vt 0.981934 0.562988
vt 0.982178 0.565186
vt 0.949463 0.823730
vt 0.947266 0.823730
vt 0.947266 0.816162
vt 0.949463 0.816406
vt 0.947266 0.809082
vt 0.949463 0.808838
vt 0.812744 0.834473
vt 0.811768 0.842285
vt 0.810791 0.833984
vt 0.809814 0.841797
vt 0.809814 0.827881
vt 0.487549 0.917969
vt 0.485352 0.917969
vt 0.487305 0.905273
vt 0.489258 0.905518
vt 0.487305 0.896973
vt 0.489502 0.896484
vt 0.485352 0.889893
vt 0.487061 0.889404
vt 0.919922 0.549561
vt 0.919922 0.561279
vt 0.917725 0.550293
vt 0.917725 0.561279
vt 0.917725 0.575684
vt 0.919922 0.576416
vt 0.644775 0.504639
vt 0.644775 0.519043
vt 0.642578 0.519043
vt 0.642578 0.504639
vt 0.406250 0.201172
vt 0.406494 0.208008
vt 0.398193 0.208008
vt 0.393311 0.201172
vt 0.393311 0.208008
vt 0.393311 0.317383
vt 0.398193 0.317383
vt 0.398193 0.345459
vt 0.393311 0.345459
vt 0.393311 0.351074
vt 0.398193 0.351074
vt 0.056396 0.103516
vt 0.066895 0.104736
vt 0.056152 0.111328
vt 0.065674 0.112549
vt 0.067627 0.105469
vt 0.066406 0.113037
vt 0.069824 0.098633
vt 0.065918 0.122070
vt 0.069092 0.098145
vt 0.067139 0.122314
vt 0.120850 0.022461
vt 0.066650 0.124512
vt 0.121582 0.022949
vt 0.134033 0.002930
vt 0.134766 0.003418
vt 0.067383 0.124268
vt 0.131592 0.254150
vt 0.130859 0.254639
vt 0.134766 0.259521
vt 0.134277 0.260498
vt 0.924561 0.661377
vt 0.922607 0.660889
vt 0.925293 0.648926
vt 0.927246 0.649414
vt 0.924316 0.637207
vt 0.922607 0.637695
vt 0.284180 0.328857
vt 0.282959 0.328613
vt 0.284424 0.293457
vt 0.280518 0.322510
vt 0.277344 0.292969
vt 0.272705 0.327881
vt 0.277344 0.287598
vt 0.272705 0.185547
vt 0.284424 0.288086
vt 0.284180 0.223633
vt 0.277100 0.223145
vt 0.277100 0.217773
vt 0.277100 0.185791
vt 0.284180 0.218262
vt 0.932861 0.389648
vt 0.924561 0.389648
vt 0.924561 0.365967
vt 0.932861 0.365967
vt 0.053467 0.814697
vt 0.051514 0.805420
vt 0.053467 0.805908
vt 0.055420 0.813965
vt 0.055420 0.797119
vt 0.053467 0.796631
vt 0.989502 0.689209
vt 0.982422 0.689209
vt 0.988770 0.687256
vt 0.981934 0.687256
vt 0.042236 0.758789
vt 0.044434 0.758789
vt 0.044434 0.773926
vt 0.042236 0.773926
vt 0.694580 0.812744
vt 0.692383 0.812744
vt 0.694580 0.801514
vt 0.692383 0.801758
vt 0.691162 0.801025
vt 0.692383 0.795654
vt 0.694580 0.794922
vt 0.989990 0.371826
vt 0.983154 0.367676
vt 0.989990 0.367676
vt 0.981934 0.371826
vt 0.197754 0.988525
vt 0.195801 0.988037
vt 0.197754 0.982422
vt 0.195801 0.984619
vt 0.434082 0.773193
vt 0.434082 0.823730
vt 0.432617 0.773193
vt 0.432617 0.823730
vt 0.845947 0.280762
vt 0.844971 0.325195
vt 0.844971 0.280762
vt 0.504150 0.829346
vt 0.504150 0.764404
vt 0.559570 0.828613
vt 0.559570 0.765137
vt 0.839600 0.569580
vt 0.840576 0.569580
vt 0.840576 0.614990
vt 0.002686 0.707520
vt 0.002686 0.646973
vt 0.003662 0.706299
vt 0.989502 0.717529
vt 0.988770 0.718994
vt 0.981934 0.717529
vt 0.278809 0.773926
vt 0.277100 0.764893
vt 0.278809 0.697266
vt 0.989990 0.475830
vt 0.982178 0.475830
vt 0.989258 0.473633
vt 0.981934 0.473633
vt 0.982666 0.472168
vt 0.803467 0.542236
vt 0.803467 0.593018
vt 0.802734 0.593018
vt 0.802734 0.542236
vt 0.989502 0.666260
vt 0.981934 0.666260
vt 0.988770 0.662842
vt 0.981934 0.663574
vt 0.989990 0.376221
vt 0.989990 0.380127
vt 0.983154 0.380127
vt 0.981934 0.376221
vt 0.740967 0.838623
vt 0.748047 0.869629
vt 0.740967 0.873779
vt 0.325195 0.086426
vt 0.325195 0.136963
vt 0.323730 0.087158
vt 0.323730 0.136963
vt 0.323730 0.145996
vt 0.325195 0.145996
vt 0.267090 0.434082
vt 0.267090 0.432129
vt 0.274658 0.432129
vt 0.274658 0.434082
vt 0.267090 0.404541
vt 0.275146 0.404541
vt 0.120117 0.768311
vt 0.112549 0.768311
vt 0.112549 0.745361
vt 0.120117 0.690918
vt 0.438965 0.822021
vt 0.438965 0.767090
vt 0.445068 0.811035
vt 0.442383 0.767334
vt 0.431396 0.100098
vt 0.433350 0.100098
vt 0.431396 0.120117
vt 0.434082 0.120117
vt 0.176025 0.988525
vt 0.176025 0.982422
vt 0.178223 0.988281
vt 0.178223 0.982422
vt 0.870117 0.938477
vt 0.863281 0.938232
vt 0.870117 0.918457
vt 0.863281 0.918457
vt 0.825439 0.201660
vt 0.825439 0.194580
vt 0.827393 0.195312
vt 0.827637 0.201416
vt 0.827393 0.212402
vt 0.825439 0.212402
vt 0.722168 0.930908
vt 0.722168 0.908447
vt 0.724121 0.930908
vt 0.724121 0.908936
vt 0.966553 0.265625
vt 0.967041 0.263672
vt 0.977051 0.263672
vt 0.969971 0.262939
vt 0.977051 0.265625
vt 0.315674 0.940918
vt 0.317627 0.941406
vt 0.317627 0.954590
vt 0.315674 0.955078
vt 0.966553 0.603271
vt 0.976318 0.603271
vt 0.975830 0.605225
vt 0.966553 0.605469
vt 0.976318 0.561768
vt 0.966553 0.561768
vt 0.976074 0.559570
vt 0.966797 0.559814
vt 0.966553 0.154297
vt 0.967041 0.152100
vt 0.977295 0.154297
vt 0.977051 0.152344
vt 0.696289 0.754639
vt 0.696289 0.764160
vt 0.694336 0.754639
vt 0.694336 0.764160
vt 0.694336 0.775146
vt 0.696289 0.775879
vt 0.945557 0.149658
vt 0.945557 0.133057
vt 0.947510 0.149658
vt 0.947510 0.133057
vt 0.099609 0.910889
vt 0.101562 0.911133
vt 0.098633 0.923096
vt 0.100586 0.923096
vt 0.099365 0.930908
vt 0.101562 0.930420
vt 0.871094 0.629883
vt 0.871094 0.597168
vt 0.879150 0.629883
vt 0.873291 0.596436
vt 0.875244 0.597656
vt 0.026855 0.978027
vt 0.025879 0.969482
vt 0.026855 0.964844
vt 0.506104 0.190430
vt 0.494873 0.194336
vt 0.492188 0.184082
vt 0.493896 0.194336
vt 0.486816 0.336182
vt 0.491211 0.184814
vt 0.487793 0.176025
vt 0.486816 0.176758
vt 0.329834 0.031738
vt 0.343018 0.038818
vt 0.329834 0.048584
vt 0.342773 0.047607
vt 0.338135 0.053955
vt 0.329834 0.087402
vt 0.342773 0.058105
vt 0.338135 0.145752
vt 0.329834 0.211670
vt 0.331299 0.230713
vt 0.329834 0.230713
vt 0.333984 0.215088
vt 0.342773 0.231201
vt 0.333984 0.230957
vt 0.342773 0.240234
vt 0.343506 0.058105
vt 0.343506 0.048340
vt 0.343506 0.231201
vt 0.343506 0.238770
vt 0.232666 0.805420
vt 0.230713 0.797119
vt 0.234619 0.804688
vt 0.233154 0.797119
vt 0.234619 0.787842
vt 0.232666 0.787354
vt 0.966553 0.448730
vt 0.976807 0.448730
vt 0.976807 0.450928
vt 0.966553 0.450928
vt 0.925293 0.002686
vt 0.927246 0.003174
vt 0.925293 0.009766
vt 0.927246 0.009766
vt 0.925293 0.020996
vt 0.927246 0.020996
vt 0.925293 0.027588
vt 0.927246 0.026855
vt 0.989502 0.706055
vt 0.989258 0.707275
vt 0.981934 0.706055
vt 0.981934 0.707275
vt 0.910645 0.807617
vt 0.909912 0.818359
vt 0.908691 0.807617
vt 0.907959 0.818359
vt 0.907959 0.806885
vt 0.908203 0.823730
vt 0.022217 0.193848
vt 0.020752 0.193848
vt 0.022217 0.153320
vt 0.609131 0.325195
vt 0.609375 0.266357
vt 0.611328 0.266357
vt 0.613281 0.325195
vt 0.700684 0.996094
vt 0.700684 0.993164
vt 0.702148 0.993652
vt 0.452881 0.987305
vt 0.449951 0.987793
vt 0.450195 0.985840
vt 0.453613 0.984619
vt 0.451172 0.983154
vt 0.449951 0.982910
vt 0.452148 0.982666
vt 0.450684 0.982422
vt 0.146240 0.993896
vt 0.146240 0.997070
vt 0.144287 0.995850
vt 0.144531 0.993164
vt 0.191650 0.983643
vt 0.191650 0.988525
vt 0.189453 0.986328
vt 0.189453 0.982422
vt 0.661621 0.986816
vt 0.659668 0.987061
vt 0.659424 0.984863
vt 0.661621 0.983887
vt 0.659668 0.982422
vt 0.003662 0.792480
vt 0.002930 0.732178
vt 0.003662 0.732178
vt 0.797363 0.596680
vt 0.787598 0.537109
vt 0.797852 0.537109
vt 0.430664 0.483887
vt 0.430664 0.424805
vt 0.432617 0.483643
vt 0.434082 0.424805
vt 0.681641 0.737549
vt 0.681641 0.786865
vt 0.680176 0.785645
vt 0.421143 0.850342
vt 0.423340 0.849365
vt 0.426758 0.853271
vt 0.426758 0.810547
vt 0.990723 0.039062
vt 0.988770 0.039062
vt 0.988770 0.037842
vt 0.981934 0.037842
vt 0.990723 0.037842
vt 0.981934 0.120117
vt 0.982422 0.118896
vt 0.990723 0.120117
vt 0.990234 0.118896
vt 0.857422 0.106445
vt 0.858887 0.106445
vt 0.858887 0.146973
vt 0.857422 0.147705
vt 0.498779 0.719971
vt 0.498779 0.770508
vt 0.491943 0.773926
vt 0.498047 0.709717
vt 0.494629 0.709717
vt 0.492676 0.707520
vt 0.491943 0.699951
vt 0.492676 0.703369
vt 0.494629 0.701416
vt 0.988770 0.906250
vt 0.983154 0.908691
vt 0.981934 0.906250
vt 0.982666 0.395508
vt 0.981934 0.392090
vt 0.989990 0.392090
vt 0.989990 0.394775
vt 0.501221 0.987549
vt 0.499268 0.986572
vt 0.501221 0.983887
vt 0.497314 0.984619
vt 0.500000 0.982422
vt 0.496826 0.982422
vt 0.989258 0.576172
vt 0.981934 0.573975
vt 0.989502 0.573975
vt 0.989502 0.571289
vt 0.981934 0.571289
vt 0.989258 0.569336
vt 0.208984 0.988281
vt 0.209473 0.984619
vt 0.212158 0.987305
vt 0.212158 0.984131
vt 0.209229 0.982910
vt 0.211914 0.982422
vt 0.974854 0.540039
vt 0.976318 0.542725
vt 0.974121 0.542725
vt 0.966797 0.540039
vt 0.974121 0.544678
vt 0.976318 0.544678
vt 0.974854 0.546875
vt 0.966797 0.546875
vt 0.966553 0.544678
vt 0.966553 0.541992
vt 0.989014 0.783447
vt 0.981934 0.783447
vt 0.988037 0.781006
vt 0.990234 0.353760
vt 0.981934 0.353760
vt 0.989746 0.350586
vt 0.982178 0.351074
vt 0.981934 0.273926
vt 0.981934 0.271729
vt 0.990234 0.271729
vt 0.989990 0.273926
vt 0.981934 0.269043
vt 0.989990 0.269043
vt 0.981934 0.267090
vt 0.989990 0.267090
vt 0.988770 0.920410
vt 0.986572 0.921387
vt 0.986084 0.918945
vt 0.983887 0.921387
vt 0.983887 0.918945
vt 0.981934 0.920410
vt 0.488037 0.987549
vt 0.488281 0.984375
vt 0.490234 0.984131
vt 0.490723 0.987549
vt 0.492676 0.985352
vt 0.489990 0.982422
vt 0.488037 0.982666
vt 0.981934 0.757324
vt 0.988770 0.757324
vt 0.981934 0.759766
vt 0.989258 0.760254
vt 0.838623 0.927246
vt 0.838623 0.945801
vt 0.827637 0.945801
vt 0.826172 0.927246
vt 0.826172 0.945801
vt 0.824219 0.927246
vt 0.877441 0.185059
vt 0.877441 0.197510
vt 0.871338 0.185059
vt 0.871338 0.197510
vt 0.872559 0.199463
vt 0.876709 0.199463
vt 0.812744 0.430420
vt 0.806641 0.430420
vt 0.812744 0.412109
vt 0.806641 0.412109
vt 0.206787 0.977295
vt 0.201416 0.976807
vt 0.206787 0.966309
vt 0.201416 0.966064
vt 0.202637 0.964844
vt 0.206055 0.965088
vt 0.266846 0.964844
vt 0.268555 0.976562
vt 0.266846 0.977051
vt 0.681641 0.929199
vt 0.680176 0.928467
vt 0.681641 0.915039
vt 0.211182 0.770264
vt 0.211182 0.768799
vt 0.218018 0.770020
vt 0.218018 0.746826
vt 0.211182 0.703369
vt 0.417236 0.996582
vt 0.417236 0.993164
vt 0.418457 0.994385
vt 0.910645 0.730713
vt 0.910156 0.732910
vt 0.907227 0.731201
vt 0.907471 0.733154
vt 0.910645 0.760986
vt 0.910645 0.742432
vt 0.837891 0.049805
vt 0.835693 0.049561
vt 0.835693 0.003662
vt 0.838623 0.003906
vt 0.275146 0.105225
vt 0.270508 0.105469
vt 0.270264 0.102051
vt 0.274902 0.101807
vt 0.268311 0.105713
vt 0.270264 0.113037
vt 0.269043 0.114502
vt 0.275146 0.123779
vt 0.640137 0.987061
vt 0.636719 0.986328
vt 0.640137 0.984863
vt 0.636719 0.984375
vt 0.638184 0.982422
vt 0.640137 0.982422
vt 0.050049 0.251221
vt 0.050049 0.120850
vt 0.053467 0.251221
vt 0.053467 0.120850
vt 0.343506 0.996094
vt 0.340576 0.996582
vt 0.342773 0.993408
vt 0.340576 0.993164
vt 0.206299 0.996826
vt 0.203369 0.996582
vt 0.206299 0.993164
vt 0.202881 0.993896
vt 0.731201 0.919189
vt 0.729980 0.905273
vt 0.732422 0.918213
vt 0.729980 0.929199
vt 0.735107 0.918213
vt 0.733887 0.903320
vt 0.731201 0.904053
vt 0.123291 0.031738
vt 0.120850 0.042236
vt 0.121338 0.031982
vt 0.129395 0.020020
vt 0.119385 0.042236
vt 0.121826 0.055176
vt 0.123779 0.055176
vt 0.124756 0.200928
vt 0.126953 0.200928
vt 0.126465 0.217285
vt 0.128906 0.200928
vt 0.125977 0.055176
vt 0.129395 0.218018
vt 0.372070 0.175781
vt 0.372070 0.018066
vt 0.374756 0.017334
vt 0.372070 0.003906
vt 0.374756 0.003662
vt 0.376709 0.003662
vt 0.376709 0.017334
vt 0.376709 0.186768
vt 0.374756 0.186768
vt 0.372070 0.187988
vt 0.374756 0.197754
vt 0.376709 0.197510
vt 0.372070 0.197510
vt 0.145020 0.875488
vt 0.137695 0.865479
vt 0.145996 0.866943
vt 0.135254 0.859131
vt 0.131348 0.858154
vt 0.133789 0.854736
vt 0.130371 0.851318
vt 0.136230 0.850342
vt 0.134766 0.845947
vt 0.141602 0.842041
vt 0.140137 0.840820
vt 0.145996 0.837891
vt 0.301758 0.964844
vt 0.301758 0.976807
vt 0.299316 0.964844
vt 0.299072 0.974121
vt 0.296875 0.965576
vt 0.982910 0.552490
vt 0.981934 0.549805
vt 0.989502 0.549805
vt 0.989502 0.552490
vt 0.982422 0.547852
vt 0.989502 0.547852
vt 0.972900 0.122070
vt 0.977295 0.123047
vt 0.974365 0.125488
vt 0.977051 0.126465
vt 0.966553 0.126465
vt 0.065430 0.964844
vt 0.068115 0.972412
vt 0.065430 0.978027
vt 0.807129 0.319092
vt 0.804443 0.319580
vt 0.803955 0.312256
vt 0.807129 0.312256
vt 0.807129 0.304932
vt 0.804199 0.304199
vt 0.805908 0.298340
vt 0.852539 0.951172
vt 0.852539 0.946533
vt 0.855225 0.949219
vt 0.855225 0.944336
vt 0.852539 0.936768
vt 0.204834 0.988281
vt 0.201904 0.982910
vt 0.204834 0.982422
vt 0.361816 0.196533
vt 0.362061 0.205078
vt 0.350342 0.204834
vt 0.350342 0.196289
vt 0.359131 0.193604
vt 0.350342 0.193604
vt 0.357178 0.187500
vt 0.353027 0.012695
vt 0.359619 0.171143
vt 0.362061 0.003174
vt 0.353027 0.003662
vt 0.529785 0.655518
vt 0.524658 0.662109
vt 0.523682 0.661133
vt 0.510498 0.692627
vt 0.532959 0.658936
vt 0.535889 0.658691
vt 0.530762 0.653564
vt 0.541260 0.660156
vt 0.526855 0.664551
vt 0.511963 0.692627
vt 0.514893 0.692871
vt 0.513672 0.717041
vt 0.515869 0.717041
vt 0.511963 0.717773
vt 0.525391 0.738770
vt 0.522949 0.740967
vt 0.521484 0.742432
vt 0.540039 0.753174
vt 0.541260 0.752197
vt 0.538330 0.755371
vt 0.288086 0.780273
vt 0.285889 0.788086
vt 0.287598 0.778076
vt 0.285156 0.777832
vt 0.285645 0.765381
vt 0.283936 0.787598
vt 0.288086 0.819336
vt 0.286377 0.820068
vt 0.262207 0.698975
vt 0.260742 0.703613
vt 0.260742 0.698486
vt 0.258057 0.703613
vt 0.260254 0.771729
vt 0.258301 0.771729
vt 0.258301 0.773926
vt 0.256836 0.772705
vt 0.260986 0.773926
vt 0.262207 0.772705
vt 0.791260 0.986572
vt 0.789551 0.985596
vt 0.791260 0.984619
vt 0.793701 0.984619
vt 0.793457 0.986572
vt 0.792969 0.982422
vt 0.790771 0.982422
vt 0.908691 0.319580
vt 0.908691 0.317383
vt 0.911621 0.317627
vt 0.908691 0.289551
vt 0.911621 0.319580
vt 0.912842 0.289551
vt 0.914307 0.317383
vt 0.914307 0.319580
vt 0.914307 0.289551
vt 0.471191 0.987793
vt 0.470703 0.985107
vt 0.472656 0.987061
vt 0.472168 0.985107
vt 0.471191 0.982422
vt 0.472656 0.982422
vt 0.975830 0.807129
vt 0.966553 0.805908
vt 0.975830 0.803223
vt 0.966553 0.803223
vt 0.805664 0.982422
vt 0.805664 0.986328
vt 0.803223 0.986572
vt 0.803223 0.982666
vt 0.337402 0.987305
vt 0.334717 0.982422
vt 0.336914 0.982422
vt 0.334473 0.987793
vt 0.332520 0.987061
vt 0.332764 0.982422
vt 0.932861 0.609131
vt 0.932861 0.618164
vt 0.930176 0.618164
vt 0.930176 0.629883
vt 0.930176 0.609131
vt 0.927979 0.609131
vt 0.927979 0.617432
vt 0.161377 0.228027
vt 0.161377 0.083252
vt 0.164062 0.228027
vt 0.161377 0.241211
vt 0.163574 0.083496
vt 0.163330 0.066406
vt 0.166260 0.228027
vt 0.166260 0.083252
vt 0.166260 0.066406
vt 0.164062 0.063477
vt 0.166260 0.241211
vt 0.164062 0.241211
vt 0.166260 0.250977
vt 0.161377 0.251221
vt 0.164307 0.251221
vt 0.265381 0.872070
vt 0.259521 0.873779
vt 0.262939 0.867920
vt 0.251221 0.868164
vt 0.275146 0.866699
vt 0.271484 0.859863
vt 0.278809 0.859863
vt 0.278809 0.852539
vt 0.271729 0.847900
vt 0.274170 0.841064
vt 0.263184 0.839600
vt 0.262207 0.835449
vt 0.251221 0.839355
vt 0.177734 0.890381
vt 0.165527 0.890381
vt 0.155762 0.859863
vt 0.184570 0.888672
vt 0.188477 0.882812
vt 0.188477 0.869873
vt 0.186523 0.861816
vt 0.181396 0.855957
vt 0.166260 0.854492
vt 0.157715 0.858398
vt 0.154053 0.866211
vt 0.155273 0.880615
vt 0.159912 0.887207
vt 0.962158 0.975342
vt 0.960693 0.975342
vt 0.961914 0.964844
vt 0.770996 0.385010
vt 0.772461 0.371338
vt 0.772461 0.385010
vt 0.772461 0.395264
vt 0.775879 0.395264
vt 0.775879 0.385010
vt 0.775879 0.371338
vt 0.775879 0.361816
vt 0.772461 0.361816
vt 0.775879 0.326416
vt 0.772217 0.326416
vt 0.775879 0.303467
vt 0.772461 0.303467
vt 0.981934 0.195068
vt 0.990479 0.195068
vt 0.988281 0.196045
vt 0.305420 0.938477
vt 0.306885 0.929932
vt 0.310303 0.937744
vt 0.310303 0.929932
vt 0.306885 0.918457
vt 0.310303 0.918457
vt 0.412598 0.868164
vt 0.407959 0.868164
vt 0.413818 0.860107
vt 0.409668 0.860107
vt 0.407959 0.829590
vt 0.412109 0.829834
vt 0.490723 0.964844
vt 0.491211 0.964844
vt 0.490723 0.976318
vt 0.492676 0.976318
vt 0.494873 0.964844
vt 0.494873 0.976318
vt 0.836670 0.986572
vt 0.834229 0.985840
vt 0.836670 0.985840
vt 0.834229 0.986328
vt 0.836670 0.982422
vt 0.834229 0.982422
vt 0.052734 0.988037
vt 0.050293 0.988770
vt 0.050293 0.982422
vt 0.835693 0.842285
vt 0.833496 0.842285
vt 0.840576 0.836182
vt 0.826660 0.842285
vt 0.826660 0.795654
vt 0.840576 0.795166
vt 0.833008 0.659424
vt 0.828369 0.659424
vt 0.833008 0.635742
vt 0.828125 0.635742
vt 0.828369 0.612305
vt 0.833008 0.612305
vt 0.048584 0.877441
vt 0.042236 0.875977
vt 0.059326 0.875977
vt 0.035400 0.869873
vt 0.034180 0.860352
vt 0.035400 0.849365
vt 0.042236 0.841797
vt 0.048584 0.841064
vt 0.059326 0.842529
vt 0.065674 0.847168
vt 0.068359 0.866455
vt 0.068359 0.854248
vt 0.325439 0.877441
vt 0.303711 0.874512
vt 0.327637 0.875488
vt 0.300049 0.870117
vt 0.300049 0.849609
vt 0.336182 0.861572
vt 0.334229 0.871826
vt 0.330566 0.842773
vt 0.314209 0.840332
vt 0.325928 0.840332
vt 0.305908 0.843750
vt 0.975830 0.812500
vt 0.966553 0.812500
vt 0.970215 0.811523
vt 0.366211 0.020508
vt 0.367676 0.004150
vt 0.367676 0.023926
vt 0.966553 0.740723
vt 0.966553 0.738770
vt 0.976074 0.740723
vt 0.976074 0.738770
vt 0.682861 0.995605
vt 0.680420 0.995361
vt 0.682861 0.993408
vt 0.680420 0.993164
vt 0.682373 0.996094
vt 0.989502 0.730957
vt 0.981934 0.729980
vt 0.989258 0.729980
vt 0.981934 0.730957
vt 0.997803 0.002686
vt 0.995117 0.002686
vt 0.997070 0.002197
vt 0.997803 0.004883
vt 0.995117 0.004883
vt 0.976074 0.761963
vt 0.966553 0.764893
vt 0.966553 0.761963
vt 0.976074 0.764893
vt 0.270752 0.932861
vt 0.270752 0.913818
vt 0.273438 0.932617
vt 0.273193 0.916260
vt 0.982178 0.449707
vt 0.990234 0.451172
vt 0.981934 0.451172
vt 0.469238 0.021240
vt 0.467773 0.022217
vt 0.467773 0.002930
vt 0.966553 0.643066
vt 0.976318 0.643066
vt 0.975586 0.643799
vt 0.989990 0.505127
vt 0.981934 0.505127
vt 0.984863 0.504639
vt 0.262939 0.328125
vt 0.262939 0.311035
vt 0.265137 0.311035
vt 0.265869 0.328857
vt 0.267822 0.328125
vt 0.267822 0.311035
vt 0.265137 0.165527
vt 0.262939 0.165527
vt 0.267090 0.165527
vt 0.134521 0.997070
vt 0.132324 0.995361
vt 0.134521 0.993408
vt 0.131348 0.993164
vt 0.750732 0.982422
vt 0.754639 0.982422
vt 0.754883 0.984375
vt 0.750977 0.985107
vt 0.753418 0.986816
vt 0.845947 0.950195
vt 0.843262 0.951172
vt 0.843262 0.936279
vt 0.997559 0.302246
vt 0.995117 0.302246
vt 0.996338 0.300049
vt 0.622559 0.323242
vt 0.620361 0.322510
vt 0.622559 0.264404
vt 0.271484 0.764648
vt 0.267334 0.764648
vt 0.268066 0.762695
vt 0.271484 0.762695
vt 0.271484 0.703125
vt 0.267334 0.703125
vt 0.267578 0.062744
vt 0.269775 0.003174
vt 0.269775 0.062744
vt 0.997803 0.089844
vt 0.995117 0.089844
vt 0.997803 0.087891
vt 0.995117 0.087891
vt 0.966553 0.679932
vt 0.973877 0.679932
vt 0.966553 0.682617
vt 0.973877 0.682617
vt 0.976318 0.680420
vt 0.976318 0.682617
vt 0.976318 0.688721
vt 0.966553 0.688721
vt 0.976074 0.686768
vt 0.966553 0.686768
vt 0.417725 0.416016
vt 0.417480 0.404785
vt 0.420898 0.404785
vt 0.421143 0.416016
vt 0.417480 0.426758
vt 0.420898 0.426758
vt 0.605225 0.976318
vt 0.601807 0.976318
vt 0.605225 0.964844
vt 0.601807 0.964844
vt 0.324707 0.965088
vt 0.327881 0.964844
vt 0.324707 0.976807
vt 0.327881 0.976318
vt 0.996094 0.208008
vt 0.995117 0.207031
vt 0.997803 0.207031
vt 0.997070 0.381592
vt 0.995117 0.379395
vt 0.997314 0.379395
vt 0.494141 0.993164
vt 0.495850 0.994141
vt 0.494141 0.996338
vt 0.121826 0.860840
vt 0.121826 0.843750
vt 0.123779 0.860840
vt 0.104248 0.773926
vt 0.101318 0.773438
vt 0.103027 0.767578
vt 0.105225 0.767822
vt 0.103760 0.687012
vt 0.101318 0.687500
vt 0.105225 0.687012
vt 0.107178 0.768555
vt 0.262939 0.988281
vt 0.260742 0.982422
vt 0.263184 0.982422
vt 0.697998 0.712158
vt 0.699951 0.712646
vt 0.697510 0.719482
vt 0.699951 0.719238
vt 0.699951 0.726807
vt 0.697510 0.727539
vt 0.699707 0.733398
vt 0.048096 0.098145
vt 0.047363 0.104248
vt 0.043213 0.105225
vt 0.044434 0.120361
vt 0.041748 0.118896
vt 0.024414 0.287598
vt 0.027100 0.287842
vt 0.026367 0.295410
vt 0.023193 0.298584
vt 0.027832 0.299805
vt 0.027344 0.304443
vt 0.032471 0.301514
vt 0.034180 0.305908
vt 0.041992 0.304688
vt 0.041748 0.306641
vt 0.048096 0.305176
vt 0.035889 0.494141
vt 0.033447 0.495361
vt 0.032959 0.492432
vt 0.029785 0.495850
vt 0.030762 0.498779
vt 0.023926 0.502441
vt 0.037109 0.491211
vt 0.043213 0.494629
vt 0.043457 0.491699
vt 0.181152 0.499512
vt 0.180908 0.502441
vt 0.193848 0.501221
vt 0.345459 0.508057
vt 0.343262 0.507812
vt 0.345459 0.491455
vt 0.343506 0.490723
vt 0.341309 0.507812
vt 0.340576 0.490723
vt 0.233643 0.748047
vt 0.233643 0.699219
vt 0.236328 0.700439
vt 0.008301 0.853516
vt 0.009277 0.853516
vt 0.008301 0.868164
vt 0.041504 0.240234
vt 0.041504 0.189941
vt 0.044434 0.189941
vt 0.699463 0.964844
vt 0.702148 0.964844
vt 0.700684 0.967041
vt 0.702881 0.968018
vt 0.703613 0.966064
vt 0.699463 0.976074
vt 0.082520 0.997314
vt 0.082520 0.993164
vt 0.084717 0.996826
vt 0.084473 0.993408
vt 0.867676 0.683350
vt 0.864990 0.671387
vt 0.870117 0.683350
vt 0.867432 0.671387
vt 0.866699 0.656738
vt 0.868896 0.657715
vt 0.870117 0.648193
vt 0.811768 0.508789
vt 0.808594 0.516357
vt 0.801758 0.524658
vt 0.804443 0.501221
vt 0.814697 0.511475
vt 0.805420 0.484619
vt 0.801758 0.488770
vt 0.804932 0.475342
vt 0.811768 0.469971
vt 0.813232 0.517334
vt 0.820068 0.518311
vt 0.821777 0.513916
vt 0.820312 0.520508
vt 0.812256 0.518555
vt 0.823486 0.519043
vt 0.823730 0.514404
vt 0.927246 0.775146
vt 0.927246 0.799805
vt 0.918701 0.789795
vt 0.919678 0.775146
vt 0.975586 0.842285
vt 0.967041 0.835938
vt 0.973877 0.838623
vt 0.966553 0.842285
vt 0.810791 0.902344
vt 0.812744 0.916016
vt 0.810791 0.925537
vt 0.812744 0.925293
vt 0.549561 0.097900
vt 0.549805 0.083984
vt 0.550537 0.083984
vt 0.544922 0.071045
vt 0.550537 0.074219
vt 0.547607 0.061768
vt 0.544434 0.060303
vt 0.549072 0.048096
vt 0.550537 0.048340
vt 0.981934 0.106445
vt 0.990723 0.106445
vt 0.989258 0.107910
vt 0.210938 0.964844
vt 0.213135 0.965820
vt 0.210938 0.976318
vt 0.213135 0.977295
vt 0.549561 0.987549
vt 0.549072 0.985596
vt 0.551514 0.986328
vt 0.550537 0.983643
vt 0.551514 0.984131
vt 0.550049 0.982422
vt 0.773926 0.955078
vt 0.773926 0.941406
vt 0.775879 0.954834
vt 0.775879 0.941162
vt 0.503174 0.964844
vt 0.503174 0.976318
vt 0.502441 0.964844
vt 0.500977 0.976318
vt 0.499023 0.964844
vt 0.499023 0.976318
vt 0.049805 0.549072
vt 0.031250 0.561523
vt 0.049805 0.546875
vt 0.029297 0.559326
vt 0.048584 0.545166
vt 0.026855 0.556396
vt 0.014160 0.580811
vt 0.017334 0.582031
vt 0.019531 0.582031
vt 0.009766 0.605469
vt 0.013428 0.605957
vt 0.015625 0.605957
vt 0.024170 0.635498
vt 0.022705 0.637451
vt 0.030273 0.641602
vt 0.019775 0.639648
vt 0.030518 0.642822
vt 0.038086 0.641602
vt 0.025635 0.647949
vt 0.031250 0.649902
vt 0.028809 0.661377
vt 0.038818 0.644043
vt 0.048828 0.644775
vt 0.049805 0.643066
vt 0.177246 0.527344
vt 0.179199 0.527100
vt 0.179199 0.548584
vt 0.256836 0.004150
vt 0.255859 0.009521
vt 0.252686 0.003418
vt 0.252197 0.009521
vt 0.253418 0.056396
vt 0.251465 0.055908
vt 0.255615 0.055908
vt 0.256836 0.056885
vt 0.253662 0.058594
vt 0.256348 0.059082
vt 0.252686 0.068115
vt 0.252686 0.086914
vt 0.841309 0.430908
vt 0.842285 0.435791
vt 0.840332 0.435303
vt 0.840332 0.476562
vt 0.966553 0.732422
vt 0.976074 0.732422
vt 0.966553 0.734619
vt 0.976074 0.734619
vt 0.695557 0.987061
vt 0.692383 0.987061
vt 0.696045 0.985107
vt 0.691895 0.984131
vt 0.693115 0.982422
vt 0.009277 0.457275
vt 0.010986 0.378174
vt 0.010986 0.458008
vt 0.113281 0.988525
vt 0.110352 0.988770
vt 0.110352 0.982422
vt 0.070312 0.994629
vt 0.072998 0.993164
vt 0.072754 0.996582
vt 0.070312 0.997314
vt 0.977783 0.986328
vt 0.976807 0.984619
vt 0.978760 0.984619
vt 0.978760 0.982422
vt 0.976807 0.982422
vt 0.162354 0.699219
vt 0.164307 0.699219
vt 0.162354 0.775879
vt 0.681641 0.986816
vt 0.679199 0.987061
vt 0.681885 0.984863
vt 0.679199 0.984375
vt 0.681152 0.982422
vt 0.988770 0.934082
vt 0.981934 0.934326
vt 0.982178 0.931396
vt 0.988770 0.931641
vt 0.158936 0.929199
vt 0.155518 0.947510
vt 0.156738 0.929199
vt 0.144531 0.929199
vt 0.144531 0.947510
vt 0.942139 0.342773
vt 0.934570 0.352051
vt 0.935059 0.339600
vt 0.942139 0.358398
vt 0.184814 0.508789
vt 0.184814 0.510742
vt 0.038818 0.508789
vt 0.038818 0.510742
vt 0.038818 0.512939
vt 0.184814 0.512939
vt 0.022461 0.511475
vt 0.021729 0.508789
vt 0.021729 0.513428
vt 0.923584 0.493408
vt 0.923340 0.505127
vt 0.920898 0.494385
vt 0.920654 0.503906
vt 0.914551 0.511719
vt 0.914551 0.486328
vt 0.916260 0.484375
vt 0.966553 0.323242
vt 0.968750 0.321289
vt 0.977051 0.323242
vt 0.372070 0.976807
vt 0.369629 0.965820
vt 0.372070 0.964844
vt 0.976318 0.574463
vt 0.975342 0.576904
vt 0.966553 0.574463
vt 0.866455 0.964844
vt 0.866455 0.975830
vt 0.864746 0.966553
vt 0.680908 0.953125
vt 0.681885 0.950684
vt 0.692627 0.953125
vt 0.691895 0.950928
vt 0.692139 0.939941
vt 0.683594 0.939453
vt 0.989746 0.013672
vt 0.990723 0.014648
vt 0.981934 0.014648
vt 0.072021 0.084961
vt 0.070068 0.084961
vt 0.071289 0.065186
vt 0.067871 0.084961
vt 0.067871 0.065186
vt 0.358154 0.982422
vt 0.362305 0.982422
vt 0.358154 0.987793
vt 0.362305 0.987793
vt 0.366455 0.982422
vt 0.370605 0.982422
vt 0.370605 0.987793
vt 0.366455 0.987793
vt 0.367676 0.118652
vt 0.367676 0.138428
vt 0.365479 0.118652
vt 0.364746 0.138428
vt 0.737061 0.518799
vt 0.713623 0.518799
vt 0.713135 0.489258
vt 0.737061 0.489258
vt 0.737061 0.520752
vt 0.713623 0.593994
vt 0.737061 0.594727
vt 0.179199 0.103760
vt 0.179199 0.173096
vt 0.178223 0.076904
vt 0.179199 0.176270
vt 0.178223 0.177490
vt 0.179199 0.177979
vt 0.178223 0.203125
vt 0.982666 0.384521
vt 0.989990 0.385010
vt 0.989990 0.387939
vt 0.981934 0.387939
vt 0.990234 0.342773
vt 0.989746 0.346191
vt 0.981934 0.342773
vt 0.982178 0.345703
vt 0.845947 0.892334
vt 0.845947 0.894287
vt 0.822754 0.894287
vt 0.822754 0.892334
vt 0.822021 0.921631
vt 0.845947 0.921631
vt 0.875977 0.938232
vt 0.875977 0.929199
vt 0.888184 0.930420
vt 0.888428 0.938232
vt 0.875977 0.947510
vt 0.888184 0.946045
vt 0.890137 0.945312
vt 0.890381 0.937988
vt 0.356689 0.954834
vt 0.356934 0.942627
vt 0.365723 0.955078
vt 0.364746 0.942627
vt 0.364746 0.940674
vt 0.356689 0.940430
vt 0.943848 0.927246
vt 0.943848 0.936035
vt 0.931641 0.928711
vt 0.931641 0.936035
vt 0.929443 0.928711
vt 0.929443 0.936035
vt 0.929443 0.944336
vt 0.931641 0.944336
vt 0.943848 0.945801
vt 0.177246 0.949463
vt 0.165039 0.948242
vt 0.165039 0.939697
vt 0.162842 0.947510
vt 0.177246 0.939453
vt 0.162842 0.939697
vt 0.165039 0.932617
vt 0.177246 0.931152
vt 0.162842 0.932617
vt 0.997559 0.369141
vt 0.997559 0.370117
vt 0.995117 0.369629
vt 0.895264 0.264893
vt 0.895752 0.262451
vt 0.895752 0.265381
vt 0.895752 0.282715
vt 0.443359 0.002197
vt 0.431396 0.015625
vt 0.430176 0.015625
vt 0.443359 0.158936
vt 0.889404 0.095947
vt 0.887207 0.091797
vt 0.888184 0.091309
vt 0.890381 0.095459
vt 0.885742 0.084961
vt 0.886963 0.084961
vt 0.886963 0.070557
vt 0.888184 0.069824
vt 0.890381 0.063965
vt 0.981934 0.530762
vt 0.982178 0.529785
vt 0.989746 0.530762
vt 0.026123 0.346924
vt 0.207520 0.346924
vt 0.203369 0.348877
vt 0.208252 0.349609
vt 0.027588 0.348877
vt 0.209717 0.347412
vt 0.018555 0.349609
vt 0.216553 0.354248
vt 0.018066 0.347412
vt 0.217773 0.352295
vt 0.015869 0.349609
vt 0.222656 0.358398
vt 0.016602 0.350830
vt 0.221191 0.360596
vt 0.004883 0.362549
vt 0.225342 0.365234
vt 0.002930 0.361084
vt 0.223877 0.367432
vt 0.002930 0.504883
vt 0.225342 0.474854
vt 0.004883 0.504150
vt 0.223877 0.474854
vt 0.008301 0.513916
vt 0.223877 0.502930
vt 0.018555 0.520752
vt 0.225342 0.502930
vt 0.016602 0.520752
vt 0.224609 0.508301
vt 0.026123 0.522705
vt 0.221191 0.509033
vt 0.221191 0.513916
vt 0.208252 0.521973
vt 0.027588 0.520752
vt 0.203369 0.520752
vt 0.200684 0.522705
vt 0.184326 0.257080
vt 0.184570 0.081543
vt 0.186523 0.081543
vt 0.186523 0.076904
vt 0.186279 0.257080
vt 0.184326 0.265869
vt 0.186279 0.265869
vt 0.184570 0.076904
vt 0.186279 0.068359
vt 0.184326 0.068359
vt 0.910889 0.919678
vt 0.913086 0.919678
vt 0.910889 0.922119
vt 0.912842 0.922119
vt 0.910889 0.938477
vt 0.912842 0.938232
vt 0.914307 0.937500
vt 0.248779 0.111572
vt 0.250000 0.103760
vt 0.251709 0.104004
vt 0.250488 0.111572
vt 0.253174 0.104980
vt 0.253906 0.097412
vt 0.252441 0.112305
vt 0.255859 0.097900
vt 0.250977 0.120850
vt 0.304688 0.022949
vt 0.253174 0.120605
vt 0.306396 0.024170
vt 0.319580 0.004639
vt 0.317871 0.003662
vt 0.252441 0.124756
vt 0.254150 0.124023
vt 0.316406 0.250000
vt 0.314697 0.250732
vt 0.319580 0.255371
vt 0.318115 0.256836
vt 0.465576 0.185791
vt 0.465576 0.192627
vt 0.463379 0.192627
vt 0.463379 0.185791
vt 0.463379 0.300049
vt 0.465576 0.300049
vt 0.463379 0.328125
vt 0.465576 0.328125
vt 0.463379 0.334229
vt 0.465576 0.334229
vt 0.114502 0.203125
vt 0.112793 0.203125
vt 0.108643 0.062988
vt 0.106934 0.062988
vt 0.114502 0.044678
vt 0.112793 0.044678
vt 0.753906 0.448975
vt 0.753906 0.430664
vt 0.755371 0.448730
vt 0.755371 0.430420
vt 0.155273 0.251221
vt 0.153076 0.251221
vt 0.155273 0.242432
vt 0.153076 0.242432
vt 0.155273 0.067871
vt 0.153076 0.067871
vt 0.153076 0.062988
vt 0.155273 0.062988
vt 0.151611 0.063721
vt 0.151611 0.067871
vt 0.506104 0.132080
vt 0.506104 0.153320
vt 0.495117 0.132080
vt 0.495117 0.153320
vt 0.966553 0.080811
vt 0.977539 0.080811
vt 0.966553 0.083740
vt 0.977539 0.083740
vt 0.709229 0.740723
vt 0.706543 0.740723
vt 0.706543 0.719727
vt 0.709229 0.719727
vt 0.956543 0.975830
vt 0.954102 0.975586
vt 0.954102 0.964844
vt 0.956543 0.964844
vt 0.605957 0.503906
vt 0.605957 0.519043
vt 0.594971 0.503906
vt 0.594971 0.519043
vt 0.966553 0.087891
vt 0.977539 0.087891
vt 0.966553 0.090576
vt 0.977539 0.090576
vt 0.313965 0.070312
vt 0.311279 0.070068
vt 0.311279 0.055176
vt 0.313965 0.055176
vt 0.977539 0.002197
vt 0.977539 0.004639
vt 0.966553 0.004639
vt 0.966797 0.002197
vt 0.044434 0.917725
vt 0.044434 0.938477
vt 0.033447 0.917725
vt 0.033447 0.938477
vt 0.966553 0.073975
vt 0.977539 0.073975
vt 0.966553 0.076660
vt 0.977539 0.076660
vt 0.934570 0.145996
vt 0.931885 0.145996
vt 0.931885 0.125488
vt 0.934570 0.125488
vt 0.977539 0.008789
vt 0.977539 0.011230
vt 0.966553 0.011230
vt 0.966797 0.008789
vt 0.736084 0.480225
vt 0.736084 0.458984
vt 0.738770 0.480225
vt 0.738770 0.458984
vt 0.266846 0.953125
vt 0.266846 0.937988
vt 0.269775 0.953125
vt 0.269775 0.937988
vt 0.928223 0.917969
vt 0.928223 0.897461
vt 0.930908 0.917969
vt 0.930908 0.897461
vt 0.522705 0.132080
vt 0.522705 0.153320
vt 0.511719 0.153320
vt 0.511719 0.132080
vt 0.966553 0.066895
vt 0.977539 0.066895
vt 0.977539 0.069580
vt 0.966553 0.069580
vt 0.513428 0.757324
vt 0.510742 0.757324
vt 0.513428 0.736328
vt 0.510742 0.736328
vt 0.977539 0.015381
vt 0.977539 0.017822
vt 0.966797 0.015381
vt 0.966553 0.017822
vt 0.589355 0.503906
vt 0.589355 0.519043
vt 0.578369 0.519043
vt 0.578369 0.503906
vt 0.966553 0.094727
vt 0.977539 0.094727
vt 0.977539 0.097656
vt 0.966553 0.097656
vt 0.116455 0.253174
vt 0.113525 0.253174
vt 0.116455 0.238037
vt 0.113525 0.238037
vt 0.949951 0.975830
vt 0.947510 0.975586
vt 0.949951 0.964844
vt 0.947510 0.964844
vt 0.759277 0.916016
vt 0.759277 0.936523
vt 0.748291 0.936523
vt 0.748291 0.916016
vt 0.966553 0.101807
vt 0.977539 0.101807
vt 0.977539 0.104492
vt 0.966553 0.104492
vt 0.932861 0.223389
vt 0.930176 0.223389
vt 0.932861 0.203125
vt 0.930176 0.203125
vt 0.977539 0.021973
vt 0.977539 0.024414
vt 0.966797 0.021973
vt 0.966553 0.024414
vt 0.704834 0.511719
vt 0.704834 0.490479
vt 0.707520 0.490479
vt 0.707520 0.511719
vt 0.948486 0.482178
vt 0.948486 0.467041
vt 0.951172 0.467041
vt 0.951172 0.482178
vt 0.930176 0.116455
vt 0.930176 0.095947
vt 0.932861 0.095947
vt 0.932861 0.116455
vt 0.244385 0.370850
vt 0.245117 0.372070
vt 0.242188 0.372070
vt 0.243652 0.373535
vt 0.231934 0.383789
vt 0.280029 0.376221
vt 0.253174 0.371338
vt 0.301025 0.375977
vt 0.321777 0.375977
vt 0.301270 0.386963
vt 0.336670 0.375977
vt 0.321777 0.386963
vt 0.370361 0.375732
vt 0.429199 0.370850
vt 0.336670 0.386963
vt 0.390869 0.375732
vt 0.433350 0.371582
vt 0.440674 0.375488
vt 0.370361 0.386719
vt 0.390869 0.386719
vt 0.445557 0.381104
vt 0.448242 0.388428
vt 0.371826 0.397705
vt 0.385498 0.397705
vt 0.385498 0.414062
vt 0.371826 0.414062
vt 0.427979 0.397461
vt 0.427734 0.392090
vt 0.439453 0.391357
vt 0.316895 0.397949
vt 0.439453 0.401611
vt 0.302490 0.397949
vt 0.302734 0.414307
vt 0.317139 0.414307
vt 0.280029 0.387207
vt 0.252686 0.398193
vt 0.252686 0.392090
vt 0.241699 0.392090
vt 0.241699 0.403076
vt 0.232666 0.525635
vt 0.241699 0.416016
vt 0.252686 0.402832
vt 0.252686 0.416016
vt 0.241943 0.496094
vt 0.252930 0.496094
vt 0.252930 0.509033
vt 0.242188 0.509033
vt 0.242188 0.520020
vt 0.253174 0.519287
vt 0.280518 0.524658
vt 0.253174 0.513916
vt 0.302979 0.513672
vt 0.280518 0.535645
vt 0.245605 0.540527
vt 0.301758 0.524658
vt 0.253906 0.540527
vt 0.301758 0.535645
vt 0.322266 0.535400
vt 0.322266 0.524414
vt 0.337402 0.535400
vt 0.317383 0.513672
vt 0.302979 0.497314
vt 0.317383 0.497070
vt 0.337402 0.524414
vt 0.370850 0.535400
vt 0.429688 0.539795
vt 0.391357 0.535156
vt 0.370850 0.524414
vt 0.391357 0.524170
vt 0.372070 0.513428
vt 0.433838 0.541260
vt 0.385742 0.513428
vt 0.385742 0.496826
vt 0.372070 0.497070
vt 0.428223 0.513184
vt 0.446045 0.529541
vt 0.428223 0.518555
vt 0.448975 0.523438
vt 0.439941 0.518555
vt 0.439941 0.508301
vt 0.439941 0.495361
vt 0.432373 0.496094
vt 0.432373 0.508301
vt 0.448730 0.495361
vt 0.439697 0.465820
vt 0.439697 0.444580
vt 0.439453 0.415283
vt 0.432129 0.415283
vt 0.431885 0.401611
vt 0.319580 0.045166
vt 0.321289 0.045166
vt 0.312744 0.184814
vt 0.314697 0.185059
vt 0.319824 0.203125
vt 0.321289 0.201904
vt 0.926270 0.171143
vt 0.927246 0.177490
vt 0.924316 0.171875
vt 0.925537 0.178223
vt 0.926270 0.195801
vt 0.924316 0.195312
vt 0.044434 0.358398
vt 0.044922 0.356445
vt 0.051758 0.358398
vt 0.051514 0.356445
vt 0.195801 0.358398
vt 0.195801 0.356445
vt 0.803223 0.975830
vt 0.803223 0.964844
vt 0.807129 0.972168
vt 0.810059 0.964844
vt 0.811279 0.975586
vt 0.810059 0.972168
vt 0.811279 0.964844
vt 0.616699 0.976074
vt 0.609619 0.975586
vt 0.616699 0.965332
vt 0.609619 0.964844
vt 0.989990 0.307129
vt 0.989990 0.313232
vt 0.983154 0.313232
vt 0.983154 0.307129
vt 0.981934 0.309814
vt 0.981934 0.307129
vt 0.966553 0.184814
vt 0.976807 0.184814
vt 0.976807 0.193115
vt 0.966553 0.193115
vt 0.376221 0.964844
vt 0.380371 0.968262
vt 0.376221 0.976318
vt 0.383057 0.976318
vt 0.384521 0.964844
vt 0.383057 0.968262
vt 0.384521 0.976318
vt 0.989014 0.740967
vt 0.983154 0.741211
vt 0.983154 0.735107
vt 0.989014 0.735596
vt 0.981934 0.738281
vt 0.981934 0.741211
vt 0.497314 0.077637
vt 0.497314 0.027832
vt 0.504395 0.027588
vt 0.504395 0.077637
vt 0.947510 0.269775
vt 0.947510 0.286377
vt 0.942139 0.286377
vt 0.940674 0.269775
vt 0.815186 0.823730
vt 0.815186 0.769287
vt 0.822021 0.769287
vt 0.822021 0.823730
vt 0.297363 0.018555
vt 0.291260 0.002197
vt 0.296143 0.002197
vt 0.291260 0.018555
vt 0.816406 0.933105
vt 0.816406 0.949463
vt 0.811035 0.949463
vt 0.809570 0.933105
vt 0.852051 0.253174
vt 0.852051 0.210693
vt 0.858887 0.210693
vt 0.858887 0.252930
vt 0.408203 0.506104
vt 0.402100 0.489990
vt 0.406982 0.489990
vt 0.402100 0.506104
vt 0.129395 0.943115
vt 0.129395 0.956787
vt 0.126465 0.943115
vt 0.126465 0.956787
vt 0.989990 0.244873
vt 0.987305 0.244873
vt 0.987305 0.238770
vt 0.989990 0.237549
vt 0.981934 0.237549
vt 0.981934 0.238770
vt 0.852295 0.964844
vt 0.854980 0.966797
vt 0.852295 0.975586
vt 0.854980 0.975586
vt 0.860352 0.964844
vt 0.860352 0.966797
vt 0.142090 0.977783
vt 0.139893 0.977539
vt 0.139893 0.964844
vt 0.142090 0.964844
vt 0.373291 0.956787
vt 0.373291 0.942383
vt 0.378662 0.942383
vt 0.378662 0.956787
vt 0.628174 0.956787
vt 0.628174 0.943115
vt 0.633545 0.943115
vt 0.633545 0.956787
vt 0.977539 0.111572
vt 0.966553 0.111572
vt 0.975586 0.108887
vt 0.966553 0.108887
vt 0.598633 0.539551
vt 0.602295 0.539795
vt 0.598633 0.618896
vt 0.602295 0.618896
vt 0.989990 0.214111
vt 0.989990 0.221436
vt 0.987305 0.220215
vt 0.987305 0.214111
vt 0.981934 0.221436
vt 0.981934 0.220215
vt 0.535645 0.204346
vt 0.535645 0.233887
vt 0.527344 0.233887
vt 0.527344 0.204346
vt 0.535645 0.255127
vt 0.527344 0.255127
vt 0.527344 0.284424
vt 0.535645 0.284424
vt 0.977539 0.130615
vt 0.975342 0.133301
vt 0.966553 0.130615
vt 0.966553 0.133301
vt 0.135498 0.977783
vt 0.133057 0.977539
vt 0.135498 0.964844
vt 0.133057 0.964844
vt 0.989990 0.255615
vt 0.989990 0.262939
vt 0.987305 0.256836
vt 0.987305 0.262939
vt 0.981934 0.255615
vt 0.981934 0.256836
vt 0.262451 0.964844
vt 0.262451 0.977051
vt 0.259766 0.977051
vt 0.259766 0.964844
vt 0.940674 0.533936
vt 0.940674 0.517334
vt 0.946289 0.533936
vt 0.947510 0.517334
vt 0.029541 0.956787
vt 0.024170 0.956787
vt 0.024170 0.942627
vt 0.029541 0.942627
vt 0.942139 0.825684
vt 0.937256 0.825439
vt 0.942139 0.809326
vt 0.936035 0.808838
vt 0.942627 0.441406
vt 0.942627 0.425049
vt 0.947998 0.441406
vt 0.949463 0.425049
vt 0.956787 0.870117
vt 0.951416 0.870117
vt 0.951416 0.856445
vt 0.956787 0.856445
vt 0.943848 0.321289
vt 0.939209 0.321045
vt 0.943848 0.305176
vt 0.937988 0.304688
vt 0.815430 0.975586
vt 0.815674 0.964844
vt 0.818359 0.973633
vt 0.818359 0.964844
vt 0.823730 0.975586
vt 0.823730 0.973633
vt 0.628174 0.976074
vt 0.621094 0.975586
vt 0.628174 0.965332
vt 0.621094 0.964844
vt 0.989990 0.225830
vt 0.989990 0.233154
vt 0.987305 0.231934
vt 0.987305 0.225830
vt 0.981934 0.233154
vt 0.981934 0.231934
vt 0.966553 0.172363
vt 0.976807 0.172363
vt 0.976807 0.180664
vt 0.966553 0.180664
vt 0.988770 0.797363
vt 0.988770 0.802734
vt 0.981934 0.797363
vt 0.981934 0.802734
vt 0.164307 0.834961
vt 0.157471 0.834961
vt 0.157471 0.785400
vt 0.164307 0.785400
vt 0.829346 0.186523
vt 0.822510 0.186523
vt 0.822510 0.132324
vt 0.829346 0.132324
vt 0.858887 0.354736
vt 0.852051 0.354736
vt 0.852051 0.312500
vt 0.858887 0.312500
vt 0.014404 0.988770
vt 0.014404 0.982666
vt 0.019775 0.988281
vt 0.019775 0.982422
vt 0.890869 0.975586
vt 0.890869 0.964844
vt 0.895020 0.968262
vt 0.897705 0.975586
vt 0.898926 0.964844
vt 0.897705 0.968262
vt 0.312256 0.965088
vt 0.316406 0.973145
vt 0.312256 0.976562
vt 0.319092 0.965088
vt 0.320557 0.976562
vt 0.319092 0.973145
vt 0.320557 0.964844
vt 0.319092 0.964844
vt 0.757324 0.941406
vt 0.757324 0.955078
vt 0.751221 0.941406
vt 0.751221 0.955078
vt 0.214355 0.527588
vt 0.214355 0.541260
vt 0.208740 0.541260
vt 0.208740 0.527588
vt 0.010986 0.964844
vt 0.010986 0.977783
vt 0.002197 0.977783
vt 0.002197 0.964844
vt 0.731445 0.476562
vt 0.726562 0.476318
vt 0.731445 0.463623
vt 0.731445 0.384277
vt 0.726562 0.371094
vt 0.731445 0.371338
vt 0.962402 0.108887
vt 0.962402 0.121826
vt 0.953369 0.108887
vt 0.953369 0.121826
vt 0.055176 0.964844
vt 0.061279 0.965332
vt 0.055176 0.977783
vt 0.061279 0.977783
vt 0.077881 0.964844
vt 0.077881 0.977783
vt 0.072510 0.964844
vt 0.072510 0.977783
vt 0.981934 0.556885
vt 0.989746 0.556885
vt 0.981934 0.558838
vt 0.989746 0.498535
vt 0.989258 0.500488
vt 0.981934 0.498535
vt 0.982422 0.050781
vt 0.981934 0.049072
vt 0.990723 0.049072
vt 0.981934 0.142334
vt 0.990479 0.142334
vt 0.981934 0.144287
vt 0.674805 0.982422
vt 0.674805 0.987061
vt 0.672119 0.982422
vt 0.672119 0.987061
vt 0.981934 0.595703
vt 0.989502 0.595703
vt 0.981934 0.600586
vt 0.989502 0.601807
vt 0.989990 0.283691
vt 0.989990 0.288574
vt 0.981934 0.283691
vt 0.981934 0.290039
vt 0.586426 0.987305
vt 0.583984 0.987061
vt 0.586426 0.982422
vt 0.583984 0.982422
vt 0.989990 0.482666
vt 0.981934 0.482666
vt 0.989014 0.479980
vt 0.981934 0.183838
vt 0.982666 0.181152
vt 0.990479 0.183838
vt 0.460449 0.982422
vt 0.460449 0.987793
vt 0.457764 0.987793
vt 0.457764 0.982422
vt 0.982422 0.439941
vt 0.989990 0.439941
vt 0.989502 0.445312
vt 0.981934 0.445312
vt 0.989746 0.522949
vt 0.988770 0.525635
vt 0.981934 0.522949
vt 0.989990 0.359375
vt 0.989990 0.363525
vt 0.981934 0.363525
vt 0.981934 0.358154
vt 0.990723 0.081543
vt 0.981934 0.081543
vt 0.989746 0.078857
vt 0.843262 0.986572
vt 0.840820 0.986328
vt 0.840820 0.982422
vt 0.843262 0.982422
vt 0.948486 0.847412
vt 0.950195 0.840576
vt 0.949463 0.847900
vt 0.951172 0.840576
vt 0.948486 0.833252
vt 0.949463 0.832764
vt 0.249023 0.940186
vt 0.243652 0.935303
vt 0.248535 0.921875
vt 0.242676 0.935791
vt 0.242676 0.927734
vt 0.255859 0.921631
vt 0.256592 0.939941
vt 0.261475 0.926514
vt 0.261963 0.934814
vt 0.256348 0.920166
vt 0.262207 0.926025
vt 0.248047 0.920898
vt 0.981934 0.581055
vt 0.981934 0.580322
vt 0.989746 0.580322
vt 0.420166 0.491211
vt 0.421143 0.490479
vt 0.423096 0.498535
vt 0.422119 0.498535
vt 0.421143 0.506104
vt 0.420166 0.505371
vt 0.114502 0.005859
vt 0.112793 0.013672
vt 0.113770 0.005371
vt 0.111816 0.013672
vt 0.114502 0.020264
vt 0.297852 0.423340
vt 0.312012 0.423340
vt 0.297852 0.439941
vt 0.312012 0.439941
vt 0.247803 0.443359
vt 0.247803 0.439941
vt 0.423096 0.443359
vt 0.366943 0.439941
vt 0.380615 0.439941
vt 0.423096 0.439941
vt 0.380615 0.423340
vt 0.366943 0.423340
vt 0.297852 0.469238
vt 0.297852 0.452637
vt 0.312012 0.469238
vt 0.312012 0.452637
vt 0.247803 0.449219
vt 0.247803 0.452637
vt 0.423096 0.449219
vt 0.366943 0.452637
vt 0.380615 0.452637
vt 0.423096 0.452637
vt 0.380615 0.469238
vt 0.366943 0.469238
vt 0.981934 0.591553
vt 0.981934 0.586670
vt 0.989502 0.591553
vt 0.989502 0.585449
vt 0.981934 0.323730
vt 0.989990 0.318848
vt 0.989990 0.323730
vt 0.981934 0.317627
vt 0.989990 0.429443
vt 0.982422 0.429443
vt 0.989502 0.426025
vt 0.981934 0.424072
vt 0.366455 0.993164
vt 0.366455 0.996582
vt 0.364990 0.996582
vt 0.966553 0.867188
vt 0.967285 0.863770
vt 0.974854 0.867188
vt 0.975586 0.863037
vt 0.180908 0.997070
vt 0.180908 0.993164
vt 0.182129 0.993652
vt 0.982178 0.769531
vt 0.989258 0.770752
vt 0.981934 0.770752
vt 0.969727 0.456787
vt 0.966553 0.455078
vt 0.976807 0.455078
vt 0.749268 0.975830
vt 0.738281 0.975830
vt 0.747314 0.972900
vt 0.738281 0.972900
vt 0.749268 0.964844
vt 0.747314 0.964844
vt 0.342285 0.964844
vt 0.342285 0.976318
vt 0.339600 0.973633
vt 0.339600 0.964844
vt 0.332031 0.976318
vt 0.332031 0.973633
vt 0.722168 0.114502
vt 0.713379 0.114502
vt 0.713379 0.002930
vt 0.722168 0.003174
vt 0.438965 0.760986
vt 0.438965 0.662842
vt 0.447021 0.760498
vt 0.447021 0.662354
vt 0.141602 0.240234
vt 0.141602 0.064941
vt 0.143555 0.223633
vt 0.143555 0.240234
vt 0.143555 0.215576
vt 0.143555 0.204590
vt 0.146973 0.212158
vt 0.147705 0.207275
vt 0.143555 0.197754
vt 0.143555 0.187500
vt 0.146973 0.194336
vt 0.147705 0.190186
vt 0.143555 0.179932
vt 0.143555 0.169678
vt 0.146973 0.177246
vt 0.147705 0.172363
vt 0.143555 0.162842
vt 0.143555 0.064941
vt 0.143555 0.072998
vt 0.143555 0.097168
vt 0.146973 0.099121
vt 0.146973 0.103271
vt 0.143555 0.106689
vt 0.143555 0.113525
vt 0.146973 0.116211
vt 0.146973 0.121094
vt 0.143555 0.124512
vt 0.143555 0.130615
vt 0.146973 0.133301
vt 0.146973 0.136719
vt 0.143555 0.152588
vt 0.146973 0.159424
vt 0.147705 0.156006
vt 0.447998 0.125488
vt 0.445801 0.125488
vt 0.445801 0.013916
vt 0.447998 0.013916
vt 0.447998 0.011963
vt 0.450684 0.013916
vt 0.450684 0.005127
vt 0.447998 0.005127
vt 0.661377 0.373047
vt 0.652344 0.373047
vt 0.652344 0.259521
vt 0.661377 0.259521
vt 0.034912 0.757324
vt 0.034912 0.657471
vt 0.036865 0.757080
vt 0.036865 0.657227
vt 0.644775 0.524658
vt 0.644775 0.532227
vt 0.634277 0.526123
vt 0.531006 0.524658
vt 0.532471 0.526123
vt 0.644775 0.575439
vt 0.634277 0.576660
vt 0.618652 0.576660
vt 0.618652 0.532227
vt 0.606934 0.532227
vt 0.585205 0.532227
vt 0.569336 0.532227
vt 0.585205 0.576660
vt 0.559814 0.532227
vt 0.569336 0.576660
vt 0.532471 0.576660
vt 0.585205 0.596436
vt 0.559814 0.576660
vt 0.559814 0.596436
vt 0.532471 0.596436
vt 0.559814 0.639648
vt 0.532471 0.645020
vt 0.569336 0.596436
vt 0.585205 0.639648
vt 0.569336 0.639648
vt 0.634277 0.645020
vt 0.531006 0.646484
vt 0.606934 0.639648
vt 0.644775 0.646484
vt 0.644043 0.597168
vt 0.618652 0.639648
vt 0.634277 0.597168
vt 0.618652 0.596436
vt 0.720459 0.356445
vt 0.714355 0.356445
vt 0.714355 0.245117
vt 0.720459 0.245117
vt 0.486328 0.964844
vt 0.486328 0.975098
vt 0.482422 0.968750
vt 0.482422 0.973633
vt 0.486328 0.976318
vt 0.064697 0.766357
vt 0.058838 0.766602
vt 0.064697 0.675781
vt 0.058838 0.674316
vt 0.064697 0.674072
vt 0.681641 0.683350
vt 0.674805 0.683350
vt 0.674805 0.569824
vt 0.681641 0.569824
vt 0.213135 0.694580
vt 0.213135 0.580811
vt 0.218018 0.580811
vt 0.218018 0.694580
vt 0.764648 0.522705
vt 0.760010 0.522705
vt 0.764648 0.430176
vt 0.760010 0.430420
vt 0.520996 0.291748
vt 0.514160 0.291748
vt 0.514160 0.178223
vt 0.520996 0.178223
vt 0.686035 0.238281
vt 0.686035 0.124756
vt 0.690918 0.124756
vt 0.690918 0.238281
vt 0.073975 0.766357
vt 0.069092 0.766602
vt 0.073975 0.674072
vt 0.069092 0.674316
vt 0.097900 0.672363
vt 0.090332 0.672363
vt 0.090332 0.558838
vt 0.097900 0.558838
vt 0.157715 0.694580
vt 0.157715 0.580811
vt 0.162598 0.580811
vt 0.162598 0.694580
vt 0.434082 0.764648
vt 0.429688 0.764648
vt 0.434082 0.672363
vt 0.429688 0.672119
vt 0.110840 0.679688
vt 0.104004 0.679688
vt 0.104004 0.566162
vt 0.110840 0.566162
vt 0.686035 0.596680
vt 0.686035 0.482910
vt 0.690918 0.482910
vt 0.690918 0.596680
vt 0.768311 0.095947
vt 0.763672 0.095947
vt 0.768311 0.003662
vt 0.763672 0.003662
vt 0.389648 0.661133
vt 0.373779 0.661377
vt 0.389648 0.547607
vt 0.377441 0.547607
vt 0.670654 0.238281
vt 0.670654 0.124756
vt 0.676025 0.124756
vt 0.676025 0.238281
vt 0.284424 0.690918
vt 0.278320 0.690918
vt 0.278320 0.577393
vt 0.284424 0.577393
vt 0.289307 0.694580
vt 0.289307 0.580811
vt 0.293701 0.580811
vt 0.293701 0.694580
vt 0.762939 0.659180
vt 0.758057 0.659424
vt 0.762939 0.566895
vt 0.758057 0.567139
vt 0.123779 0.683350
vt 0.116943 0.683350
vt 0.116943 0.569824
vt 0.123779 0.569824
vt 0.298584 0.694580
vt 0.298584 0.580811
vt 0.302979 0.580811
vt 0.302979 0.694580
vt 0.766602 0.419189
vt 0.761719 0.419189
vt 0.766602 0.326904
vt 0.761719 0.326904
vt 0.369385 0.661377
vt 0.345459 0.661133
vt 0.369385 0.547852
vt 0.345459 0.547607
vt 0.337402 0.547607
vt 0.337402 0.661133
vt 0.402344 0.326904
vt 0.402344 0.213379
vt 0.406494 0.213379
vt 0.406494 0.326904
vt 0.182861 0.698242
vt 0.177979 0.698242
vt 0.177979 0.584717
vt 0.182861 0.584717
vt 0.705566 0.116455
vt 0.701416 0.116455
vt 0.701416 0.002930
vt 0.705566 0.002930
vt 0.192139 0.701904
vt 0.187256 0.701904
vt 0.187256 0.588379
vt 0.192139 0.588379
vt 0.709229 0.482178
vt 0.705811 0.482178
vt 0.705811 0.368652
vt 0.709229 0.368652
vt 0.709229 0.711182
vt 0.705811 0.711182
vt 0.705811 0.597656
vt 0.709229 0.597656
vt 0.424805 0.764648
vt 0.419922 0.672607
vt 0.424805 0.672119
vt 0.701904 0.238281
vt 0.697021 0.238281
vt 0.697021 0.124756
vt 0.701904 0.124756
vt 0.707520 0.360107
vt 0.703369 0.360107
vt 0.703369 0.246582
vt 0.707520 0.246582
vt 0.699951 0.701904
vt 0.695312 0.701904
vt 0.695312 0.588379
vt 0.699951 0.588379
vt 0.851562 0.151367
vt 0.850098 0.151367
vt 0.850098 0.137695
vt 0.851562 0.108398
vt 0.848877 0.108398
vt 0.848877 0.137695
vt 0.727783 0.229004
vt 0.725830 0.229004
vt 0.727783 0.123047
vt 0.725098 0.219482
vt 0.720947 0.224854
vt 0.720947 0.221436
vt 0.725098 0.213867
vt 0.720947 0.209961
vt 0.720947 0.207031
vt 0.725098 0.203613
vt 0.725098 0.197510
vt 0.720947 0.194092
vt 0.720947 0.189941
vt 0.725098 0.187256
vt 0.725098 0.181152
vt 0.725098 0.170898
vt 0.720947 0.178467
vt 0.720947 0.173584
vt 0.725098 0.164795
vt 0.725098 0.154541
vt 0.720947 0.161865
vt 0.720947 0.157959
vt 0.725098 0.148193
vt 0.725098 0.138672
vt 0.720947 0.145508
vt 0.720947 0.142090
vt 0.725098 0.133301
vt 0.725830 0.123535
vt 0.725830 0.123047
vt 0.720947 0.126953
vt 0.720947 0.130371
vt 0.631836 0.249268
vt 0.631836 0.137695
vt 0.633789 0.249268
vt 0.633789 0.137695
vt 0.639160 0.249268
vt 0.639160 0.135742
vt 0.633789 0.135742
vt 0.631836 0.135742
vt 0.629883 0.137695
vt 0.629883 0.128906
vt 0.631836 0.128906
vt 0.753906 0.103516
vt 0.753906 0.003418
vt 0.757324 0.103271
vt 0.757324 0.003174
vt 0.167725 0.694580
vt 0.167725 0.580811
vt 0.171875 0.694580
vt 0.171875 0.580811
vt 0.622559 0.753662
vt 0.622559 0.653564
vt 0.627930 0.753174
vt 0.627930 0.653320
vt 0.128418 0.683350
vt 0.128418 0.569824
vt 0.133057 0.683350
vt 0.133057 0.569824
vt 0.416504 0.103516
vt 0.416504 0.003418
vt 0.419189 0.103271
vt 0.419189 0.003174
vt 0.667236 0.482178
vt 0.667236 0.368408
vt 0.672363 0.482178
vt 0.672363 0.368408
vt 0.588623 0.751709
vt 0.588623 0.651855
vt 0.594727 0.751221
vt 0.594727 0.651367
vt 0.222656 0.690918
vt 0.222656 0.577148
vt 0.227295 0.690918
vt 0.227295 0.577148
vt 0.749512 0.212402
vt 0.749512 0.112549
vt 0.753662 0.212158
vt 0.753662 0.112061
vt 0.678711 0.116455
vt 0.678711 0.002686
vt 0.683350 0.116455
vt 0.683350 0.002686
vt 0.610840 0.751709
vt 0.610840 0.651855
vt 0.616943 0.751221
vt 0.616943 0.651367
vt 0.555908 0.925537
vt 0.553223 0.925293
vt 0.555908 0.915283
vt 0.552002 0.924805
vt 0.553955 0.915283
vt 0.555908 0.899414
vt 0.472412 0.775146
vt 0.472412 0.753906
vt 0.473633 0.775879
vt 0.473633 0.753906
vt 0.472412 0.752441
vt 0.475098 0.753174
vt 0.473633 0.724365
vt 0.472412 0.724365
vt 0.473633 0.711426
vt 0.475098 0.703857
vt 0.472412 0.711426
vt 0.472412 0.701172
vt 0.483887 0.703369
vt 0.976807 0.470459
vt 0.975830 0.471680
vt 0.976318 0.468994
vt 0.966553 0.468994
vt 0.231934 0.690918
vt 0.231934 0.577148
vt 0.236328 0.690918
vt 0.236328 0.577148
vt 0.632568 0.753662
vt 0.632568 0.653564
vt 0.637207 0.753174
vt 0.637207 0.653320
vt 0.678711 0.356445
vt 0.678711 0.242920
vt 0.683350 0.356445
vt 0.683350 0.242920
vt 0.599854 0.753662
vt 0.599854 0.653564
vt 0.605957 0.753174
vt 0.605957 0.653320
vt 0.250488 0.690918
vt 0.250488 0.577148
vt 0.254883 0.690918
vt 0.254883 0.577148
vt 0.749512 0.755371
vt 0.749512 0.655518
vt 0.753662 0.755127
vt 0.753662 0.655273
vt 0.667236 0.116455
vt 0.667236 0.002686
vt 0.672363 0.116455
vt 0.672363 0.002686
vt 0.577637 0.753662
vt 0.577637 0.653564
vt 0.583740 0.753174
vt 0.583740 0.653320
vt 0.241211 0.690918
vt 0.241211 0.577148
vt 0.245605 0.690918
vt 0.245605 0.577148
vt 0.096436 0.169922
vt 0.096436 0.070068
vt 0.099854 0.169678
vt 0.099854 0.069824
vt 0.667236 0.360107
vt 0.667236 0.246582
vt 0.672363 0.360107
vt 0.672363 0.246582
vt 0.652100 0.751709
vt 0.652100 0.651855
vt 0.657471 0.751465
vt 0.657471 0.651367
vt 0.259766 0.690918
vt 0.259766 0.577148
vt 0.264160 0.690918
vt 0.264160 0.577148
vt 0.752197 0.557861
vt 0.752197 0.457764
vt 0.755371 0.557617
vt 0.755371 0.457520
vt 0.079346 0.668701
vt 0.079346 0.554932
vt 0.084961 0.668701
vt 0.084961 0.555176
vt 0.051025 0.751709
vt 0.051025 0.651855
vt 0.051758 0.751709
vt 0.051758 0.653564
vt 0.051758 0.651855
vt 0.734131 0.975830
vt 0.731934 0.975830
vt 0.731934 0.968262
vt 0.734131 0.964844
vt 0.723145 0.967529
vt 0.648193 0.253174
vt 0.645996 0.253174
vt 0.645996 0.141602
vt 0.648193 0.141602
vt 0.648193 0.139648
vt 0.645996 0.139648
vt 0.650146 0.141602
vt 0.650146 0.132812
vt 0.648193 0.132812
vt 0.755371 0.319580
vt 0.755371 0.221436
vt 0.762939 0.319092
vt 0.762939 0.220947
vt 0.478027 0.968750
vt 0.478027 0.973633
vt 0.473877 0.975098
vt 0.474609 0.976318
vt 0.473877 0.964844
vt 0.356445 0.762939
vt 0.350830 0.762207
vt 0.350830 0.670166
vt 0.356445 0.668945
vt 0.350830 0.668457
vt 0.678711 0.478516
vt 0.678711 0.364746
vt 0.683350 0.364746
vt 0.683350 0.478516
vt 0.742432 0.625244
vt 0.742432 0.525146
vt 0.746338 0.626221
vt 0.746338 0.526123
vt 0.465576 0.031982
vt 0.465576 0.036865
vt 0.461426 0.039551
vt 0.461426 0.028564
vt 0.459229 0.003906
vt 0.461426 0.003906
vt 0.461426 0.046387
vt 0.461426 0.056641
vt 0.465576 0.049805
vt 0.465576 0.053955
vt 0.461426 0.064209
vt 0.461426 0.074463
vt 0.465576 0.066895
vt 0.465576 0.071777
vt 0.461426 0.081299
vt 0.461426 0.091553
vt 0.465576 0.084717
vt 0.465576 0.088135
vt 0.461426 0.103760
vt 0.461426 0.113525
vt 0.465576 0.107422
vt 0.465576 0.110840
vt 0.459229 0.179199
vt 0.461426 0.119629
vt 0.461426 0.130615
vt 0.465576 0.123047
vt 0.465576 0.127930
vt 0.461426 0.137451
vt 0.461426 0.146973
vt 0.465576 0.140869
vt 0.465576 0.145020
vt 0.461426 0.155273
vt 0.461426 0.164795
vt 0.465576 0.159424
vt 0.465576 0.162109
vt 0.461426 0.173096
vt 0.464111 0.175049
vt 0.464111 0.179199
vt 0.084961 0.768066
vt 0.079590 0.768311
vt 0.079590 0.676758
vt 0.084961 0.676514
vt 0.137451 0.687256
vt 0.137451 0.573486
vt 0.142334 0.687256
vt 0.142334 0.573486
vt 0.743652 0.102539
vt 0.743652 0.002441
vt 0.748047 0.103516
vt 0.748047 0.003418
vt 0.773926 0.620361
vt 0.768555 0.620605
vt 0.768555 0.529053
vt 0.773926 0.528809
vt 0.326660 0.694580
vt 0.326660 0.580811
vt 0.330566 0.694580
vt 0.330566 0.580811
vt 0.558838 0.752686
vt 0.558838 0.652588
vt 0.563477 0.753662
vt 0.563477 0.653564
vt 0.273438 0.694580
vt 0.269287 0.694580
vt 0.269287 0.580811
vt 0.273438 0.580811
vt 0.146729 0.690918
vt 0.146729 0.577148
vt 0.151367 0.690918
vt 0.151367 0.577148
vt 0.743652 0.447754
vt 0.743652 0.347900
vt 0.748047 0.448975
vt 0.748047 0.348877
vt 0.095947 0.773682
vt 0.090820 0.773926
vt 0.090820 0.682373
vt 0.095947 0.682129
vt 0.691162 0.116455
vt 0.691162 0.002686
vt 0.694580 0.116455
vt 0.694580 0.002686
vt 0.739746 0.216553
vt 0.739746 0.116699
vt 0.744385 0.218018
vt 0.744385 0.117920
vt 0.772217 0.195557
vt 0.766846 0.195801
vt 0.766846 0.104248
vt 0.772217 0.104004
vt 0.691162 0.358398
vt 0.691162 0.244629
vt 0.694580 0.358398
vt 0.694580 0.244629
vt 0.745361 0.325928
vt 0.745361 0.226074
vt 0.750000 0.326904
vt 0.750000 0.227051
vt 0.772217 0.773682
vt 0.766846 0.773926
vt 0.766846 0.682373
vt 0.772217 0.682129
vt 0.202148 0.690918
vt 0.202148 0.577148
vt 0.206787 0.690918
vt 0.206787 0.577148
vt 0.549561 0.750732
vt 0.549561 0.650879
vt 0.554199 0.751709
vt 0.554199 0.651855
vt 0.775879 0.295166
vt 0.770508 0.295654
vt 0.770508 0.204102
vt 0.775879 0.203613
vt 0.317383 0.694580
vt 0.317383 0.580811
vt 0.321289 0.694580
vt 0.321289 0.580811
vt 0.568359 0.751221
vt 0.568359 0.651123
vt 0.572510 0.751709
vt 0.572510 0.651855
vt 0.371338 0.764648
vt 0.365479 0.764160
vt 0.365479 0.670166
vt 0.371338 0.670898
vt 0.697266 0.480225
vt 0.697266 0.366699
vt 0.699951 0.480225
vt 0.699951 0.366699
vt 0.041748 0.749023
vt 0.041748 0.648926
vt 0.046143 0.750000
vt 0.046143 0.649902
vt 0.369385 0.325195
vt 0.366699 0.325195
vt 0.366699 0.211426
vt 0.369385 0.211426
vt 0.308105 0.694580
vt 0.308105 0.580811
vt 0.312256 0.694580
vt 0.312256 0.580811
vt 0.641846 0.751709
vt 0.641846 0.651855
vt 0.646484 0.751465
vt 0.646484 0.651367
vt 0.650635 0.642822
vt 0.650635 0.529297
vt 0.657471 0.642822
vt 0.657471 0.529297
vt 0.646484 0.123779
vt 0.644531 0.123779
vt 0.644531 0.012207
vt 0.646484 0.012207
vt 0.646484 0.010254
vt 0.644531 0.010254
vt 0.641602 0.012207
vt 0.641602 0.003174
vt 0.644531 0.003174
vt 0.662598 0.616943
vt 0.662598 0.505371
vt 0.668701 0.616943
vt 0.668701 0.505371
vt 0.668701 0.503418
vt 0.662598 0.503418
vt 0.654541 0.495117
vt 0.654541 0.381348
vt 0.661377 0.495117
vt 0.661377 0.381348
vt 0.653809 0.116455
vt 0.653809 0.002686
vt 0.661377 0.116455
vt 0.661377 0.002686
vt 0.658203 0.238281
vt 0.658203 0.124756
vt 0.665039 0.238281
vt 0.665039 0.124756
vt 0.395996 0.661377
vt 0.395996 0.547607
vt 0.408203 0.661377
vt 0.408203 0.547607
vt 0.067871 0.665039
vt 0.067871 0.551270
vt 0.073975 0.665039
vt 0.073975 0.551270
vt 0.055908 0.665039
vt 0.055908 0.551270
vt 0.062744 0.665039
vt 0.062744 0.551270
vt 0.426025 0.661377
vt 0.426025 0.547607
vt 0.434082 0.661377
vt 0.434082 0.547607
vt 0.413086 0.661377
vt 0.413086 0.547607
vt 0.421143 0.661377
vt 0.421143 0.547607
vt 0.707764 0.236328
vt 0.707764 0.124756
vt 0.716797 0.236328
vt 0.716797 0.124756
vt 0.450684 0.653809
vt 0.441895 0.653809
vt 0.441895 0.540283
vt 0.450684 0.540283
vt 0.504395 0.671875
vt 0.504395 0.693848
vt 0.494629 0.674072
vt 0.494629 0.693848
vt 0.479004 0.674072
vt 0.479004 0.693848
vt 0.467285 0.674072
vt 0.467285 0.693848
vt 0.467285 0.629639
vt 0.456299 0.629639
vt 0.456299 0.674072
vt 0.456299 0.693848
vt 0.452148 0.674072
vt 0.452148 0.693848
vt 0.467285 0.737061
vt 0.456299 0.737061
vt 0.767822 0.927246
vt 0.766357 0.927246
vt 0.766357 0.917725
vt 0.768311 0.917725
vt 0.766357 0.901855
vt 0.929199 0.983643
vt 0.931885 0.986328
vt 0.929199 0.986572
vt 0.931885 0.982422
vt 0.732178 0.229004
vt 0.732178 0.126465
vt 0.735107 0.229004
vt 0.735107 0.126465
vt 0.738770 0.450684
vt 0.736084 0.450684
vt 0.738770 0.348145
vt 0.736084 0.348145
vt 0.740723 0.339844
vt 0.738037 0.237305
vt 0.740723 0.237305
vt 0.738037 0.339844
vt 0.338135 0.764648
vt 0.336670 0.764648
vt 0.338135 0.668213
vt 0.336670 0.668213
vt 0.689453 0.472900
vt 0.689453 0.376465
vt 0.690918 0.376465
vt 0.690918 0.472900
vt 0.689941 0.375732
vt 0.690918 0.375732
vt 0.690918 0.366699
vt 0.689941 0.366699
vt 0.502197 0.278809
vt 0.501221 0.278809
vt 0.503418 0.200439
vt 0.502441 0.200439
vt 0.502930 0.199707
vt 0.501465 0.199951
vt 0.503662 0.198975
vt 0.504395 0.199951
vt 0.501953 0.199219
vt 0.501221 0.198730
vt 0.760986 0.208740
vt 0.759766 0.208740
vt 0.760986 0.112305
vt 0.759766 0.112305
vt 0.772705 0.489502
vt 0.772705 0.404541
vt 0.773926 0.404541
vt 0.772705 0.404053
vt 0.773926 0.489502
vt 0.070312 0.247559
vt 0.068848 0.247559
vt 0.070312 0.150879
vt 0.068848 0.151123
vt 0.067627 0.247559
vt 0.067627 0.151123
vt 0.068359 0.150391
vt 0.069580 0.150391
vt 0.069580 0.141357
vt 0.068359 0.141357
vt 0.760986 0.762939
vt 0.759521 0.762939
vt 0.760986 0.666504
vt 0.759521 0.666504
vt 0.728271 0.108887
vt 0.727783 0.012451
vt 0.729004 0.012451
vt 0.729736 0.108887
vt 0.728027 0.011719
vt 0.729736 0.011719
vt 0.729492 0.002930
vt 0.728027 0.002930
vt 0.343994 0.757324
vt 0.343994 0.672363
vt 0.345459 0.672363
vt 0.344727 0.671875
vt 0.345459 0.757324
vt 0.023926 0.759277
vt 0.022705 0.759277
vt 0.023926 0.662598
vt 0.022705 0.662598
vt 0.755127 0.423096
vt 0.755127 0.326416
vt 0.755859 0.326416
vt 0.755859 0.423096
vt 0.757324 0.326416
vt 0.757324 0.423096
vt 0.593018 0.620605
vt 0.592041 0.620605
vt 0.593018 0.541016
vt 0.592041 0.540771
vt 0.995117 0.481934
vt 0.995117 0.481201
vt 0.997070 0.481934
vt 0.997070 0.480469
vt 0.989990 0.986328
vt 0.988525 0.986572
vt 0.989990 0.982422
vt 0.988525 0.982422
vt 0.959229 0.986328
vt 0.959229 0.982422
vt 0.961182 0.982422
vt 0.961182 0.986572
vt 0.995117 0.475098
vt 0.997070 0.475098
vt 0.995117 0.475586
vt 0.997070 0.476318
vt 0.221436 0.349121
vt 0.221436 0.311768
vt 0.227295 0.349121
vt 0.227295 0.311768
vt 0.528076 0.976318
vt 0.523926 0.972412
vt 0.523926 0.968750
vt 0.528076 0.964844
vt 0.532227 0.976318
vt 0.536377 0.968994
vt 0.536377 0.972412
vt 0.532227 0.964844
vt 0.864258 0.871826
vt 0.864258 0.835693
vt 0.870117 0.871826
vt 0.870117 0.835693
vt 0.519775 0.976318
vt 0.515625 0.972412
vt 0.515625 0.968750
vt 0.519775 0.964844
vt 0.540527 0.976318
vt 0.544678 0.968994
vt 0.544678 0.972412
vt 0.540527 0.964844
vt 0.847900 0.003662
vt 0.847900 0.048096
vt 0.844482 0.003662
vt 0.844482 0.048096
vt 0.849609 0.782471
vt 0.849609 0.825684
vt 0.846191 0.782471
vt 0.846191 0.825684
vt 0.862549 0.363770
vt 0.862549 0.404541
vt 0.856934 0.363525
vt 0.856934 0.404541
vt 0.655762 0.826660
vt 0.655762 0.866211
vt 0.649902 0.826660
vt 0.649902 0.866211
vt 0.854736 0.986572
vt 0.854736 0.982422
vt 0.858643 0.982422
vt 0.858643 0.986328
vt 0.055420 0.993164
vt 0.056152 0.993164
vt 0.055420 0.997314
vt 0.056152 0.997314
vt 0.186279 0.996826
vt 0.186279 0.993408
vt 0.187012 0.996826
vt 0.187012 0.993164
vt 0.036377 0.997314
vt 0.035645 0.997314
vt 0.036377 0.993164
vt 0.035645 0.993164
vt 0.019043 0.993164
vt 0.020264 0.993164
vt 0.020264 0.997314
vt 0.019043 0.997314
vt 0.175293 0.997070
vt 0.175293 0.993408
vt 0.176758 0.993164
vt 0.176758 0.996826
vt 0.984375 0.986328
vt 0.982910 0.986572
vt 0.982910 0.982422
vt 0.984375 0.982422
vt 0.863037 0.986572
vt 0.863037 0.982422
vt 0.867188 0.982422
vt 0.867188 0.986328
vt 0.061035 0.993164
vt 0.061035 0.997314
vt 0.060303 0.993164
vt 0.060303 0.997314
vt 0.003418 0.993164
vt 0.003418 0.997314
vt 0.002197 0.997314
vt 0.002197 0.993164
vt 0.862793 0.308105
vt 0.862793 0.270996
vt 0.868164 0.308594
vt 0.868164 0.271240
vt 0.935059 0.975830
vt 0.930908 0.972412
vt 0.930908 0.968750
vt 0.935059 0.964844
vt 0.977539 0.032715
vt 0.970703 0.028564
vt 0.974121 0.028564
vt 0.966553 0.032715
vt 0.343750 0.871582
vt 0.343750 0.835449
vt 0.349121 0.871826
vt 0.349121 0.835693
vt 0.943359 0.975830
vt 0.939209 0.972412
vt 0.939209 0.968750
vt 0.943359 0.964844
vt 0.977539 0.041016
vt 0.970703 0.037109
vt 0.974121 0.037109
vt 0.966553 0.041016
vt 0.845947 0.166016
vt 0.845947 0.210693
vt 0.842529 0.166016
vt 0.842529 0.210693
vt 0.851562 0.405762
vt 0.851562 0.448975
vt 0.848145 0.405762
vt 0.848145 0.448975
vt 0.988770 0.925781
vt 0.988770 0.927246
vt 0.981934 0.925781
vt 0.981934 0.927246
vt 0.023926 0.874268
vt 0.023926 0.894043
vt 0.022705 0.894043
vt 0.022705 0.874756
vt 0.020508 0.889160
vt 0.020508 0.878906
vt 0.015869 0.889160
vt 0.015869 0.878906
vt 0.988770 0.877930
vt 0.988770 0.882080
vt 0.981934 0.882080
vt 0.981934 0.877930
vt 0.988770 0.816162
vt 0.988770 0.820801
vt 0.981934 0.820801
vt 0.981934 0.816162
vt 0.966553 0.219238
vt 0.976807 0.219238
vt 0.976807 0.226074
vt 0.966553 0.226074
vt 0.988770 0.807129
vt 0.988770 0.811768
vt 0.981934 0.807129
vt 0.981934 0.811768
vt 0.988770 0.847900
vt 0.981934 0.847900
vt 0.988770 0.843262
vt 0.981934 0.843262
vt 0.988770 0.939941
vt 0.981934 0.939941
vt 0.988770 0.938477
vt 0.981934 0.938477
vt 0.864502 0.413574
vt 0.864502 0.454346
vt 0.858643 0.413574
vt 0.858643 0.454346
vt 0.864502 0.604980
vt 0.864502 0.644775
vt 0.858643 0.604980
vt 0.858643 0.644531
vt 0.932861 0.330566
vt 0.931396 0.330078
vt 0.931396 0.310791
vt 0.932861 0.310791
vt 0.929443 0.315674
vt 0.929443 0.325928
vt 0.924561 0.315674
vt 0.924561 0.325928
vt 0.602295 0.987061
vt 0.598389 0.987061
vt 0.598389 0.982422
vt 0.602295 0.982422
vt 0.050537 0.993164
vt 0.051270 0.993164
vt 0.050537 0.997314
vt 0.051270 0.997314
vt 0.897461 0.986572
vt 0.897461 0.982422
vt 0.898193 0.986572
vt 0.898193 0.982422
vt 0.735596 0.987061
vt 0.734863 0.987061
vt 0.735596 0.982422
vt 0.734863 0.982422
vt 0.024658 0.993164
vt 0.025879 0.993164
vt 0.025879 0.997314
vt 0.024658 0.997314
vt 0.815430 0.986572
vt 0.815430 0.982422
vt 0.816895 0.982422
vt 0.816895 0.986572
vt 0.712646 0.987061
vt 0.711426 0.987061
vt 0.711426 0.982422
vt 0.712646 0.982422
vt 0.620117 0.987061
vt 0.620117 0.982422
vt 0.624268 0.982422
vt 0.624268 0.987061
vt 0.471191 0.869629
vt 0.471191 0.832520
vt 0.476562 0.870117
vt 0.476562 0.832764
vt 0.976074 0.609863
vt 0.972656 0.613770
vt 0.966553 0.609863
vt 0.969971 0.613770
vt 0.976074 0.630615
vt 0.969971 0.626465
vt 0.972656 0.626465
vt 0.966553 0.630615
vt 0.539551 0.869629
vt 0.539551 0.833496
vt 0.544922 0.870117
vt 0.544922 0.833984
vt 0.976074 0.618164
vt 0.972656 0.622070
vt 0.969971 0.622070
vt 0.966553 0.618164
vt 0.976074 0.638916
vt 0.966553 0.638916
vt 0.972656 0.634766
vt 0.969971 0.634766
vt 0.041260 0.993164
vt 0.041260 0.997314
vt 0.040771 0.993164
vt 0.040771 0.997314
vt 0.014648 0.993164
vt 0.014648 0.997314
vt 0.013428 0.997314
vt 0.013428 0.993164
vt 0.847900 0.219727
vt 0.847900 0.264160
vt 0.845215 0.219727
vt 0.845215 0.264160
vt 0.855225 0.003174
vt 0.855225 0.046143
vt 0.852539 0.003174
vt 0.852539 0.046143
vt 0.864502 0.154785
vt 0.864502 0.195557
vt 0.859131 0.155029
vt 0.859131 0.195801
vt 0.306641 0.287109
vt 0.306641 0.326904
vt 0.301270 0.287354
vt 0.301270 0.326904
vt 0.610840 0.987061
vt 0.606689 0.987061
vt 0.606689 0.982422
vt 0.610840 0.982422
vt 0.065186 0.993164
vt 0.065918 0.993164
vt 0.065186 0.997314
vt 0.065918 0.997314
vt 0.892578 0.986572
vt 0.892578 0.982422
vt 0.893311 0.986572
vt 0.893311 0.982422
vt 0.740479 0.987061
vt 0.739746 0.987061
vt 0.740479 0.982422
vt 0.739746 0.982422
vt 0.030029 0.993164
vt 0.031494 0.993164
vt 0.031494 0.997314
vt 0.030029 0.997314
vt 0.821045 0.986572
vt 0.821045 0.982422
vt 0.822510 0.982422
vt 0.822510 0.986572
vt 0.718262 0.987061
vt 0.717041 0.987061
vt 0.717041 0.982422
vt 0.718262 0.982422
vt 0.628418 0.987061
vt 0.628418 0.982422
vt 0.632568 0.982422
vt 0.632568 0.987061
vt 0.995117 0.524414
vt 0.996582 0.524414
vt 0.996094 0.525146
vt 0.996582 0.520264
vt 0.995117 0.520264
vt 0.996338 0.519287
vt 0.811279 0.995605
vt 0.810791 0.994385
vt 0.811768 0.994629
vt 0.812012 0.996094
vt 0.811279 0.993164
vt 0.812012 0.993652
vt 0.996094 0.530273
vt 0.995117 0.530273
vt 0.995361 0.529541
vt 0.996338 0.529541
vt 0.997070 0.497803
vt 0.996094 0.498291
vt 0.996094 0.497314
vt 0.995117 0.497314
vt 0.995117 0.498291
vt 0.046387 0.993164
vt 0.046387 0.997314
vt 0.045654 0.993164
vt 0.045654 0.997314
vt 0.990723 0.060547
vt 0.990723 0.062012
vt 0.981934 0.060547
vt 0.981934 0.062012
vt 0.990723 0.019043
vt 0.990723 0.020264
vt 0.981934 0.019043
vt 0.981934 0.020264
vt 0.990723 0.020996
vt 0.981934 0.020996
vt 0.989746 0.494141
vt 0.981934 0.494141
vt 0.982178 0.492676
vt 0.989990 0.492676
vt 0.990723 0.043457
vt 0.990723 0.044922
vt 0.981934 0.043457
vt 0.981934 0.044922
vt 0.990723 0.054932
vt 0.990723 0.056396
vt 0.981934 0.054932
vt 0.981934 0.056396
vt 0.990723 0.009521
vt 0.981934 0.009521
vt 0.981934 0.008545
vt 0.990723 0.008545
vt 0.981934 0.007324
vt 0.990723 0.007324
vt 0.009033 0.993164
vt 0.009033 0.997314
vt 0.007812 0.997314
vt 0.007812 0.993164
vt 0.938721 0.983643
vt 0.936035 0.986328
vt 0.936035 0.982422
vt 0.938721 0.986328
vt 0.790039 0.975830
vt 0.790039 0.964844
vt 0.798828 0.964844
vt 0.798828 0.975586
vt 0.718994 0.964844
vt 0.716797 0.967529
vt 0.708008 0.964844
vt 0.708008 0.967529
vt 0.718994 0.975830
vt 0.716797 0.975830
vt 0.578613 0.976074
vt 0.570801 0.975586
vt 0.578613 0.965332
vt 0.570801 0.964844
vt 0.727783 0.987061
vt 0.728516 0.982422
vt 0.730713 0.987061
vt 0.010010 0.989014
vt 0.008057 0.988281
vt 0.010010 0.982422
vt 0.764404 0.964844
vt 0.762451 0.972168
vt 0.762451 0.964844
vt 0.764404 0.975830
vt 0.753418 0.975830
vt 0.753418 0.972900
vt 0.566406 0.976074
vt 0.558594 0.975586
vt 0.566406 0.965332
vt 0.558594 0.964844
vt 0.836914 0.975586
vt 0.827881 0.975586
vt 0.836914 0.964844
vt 0.827881 0.964844
vt 0.997070 0.508301
vt 0.996826 0.509277
vt 0.995117 0.508301
vt 0.003662 0.520020
vt 0.003662 0.570557
vt 0.002441 0.570557
vt 0.002441 0.520020
vt 0.002441 0.590576
vt 0.003662 0.590576
vt 0.003662 0.639160
vt 0.002441 0.639160
vt 0.524658 0.507812
vt 0.524658 0.558594
vt 0.516357 0.557129
vt 0.516357 0.503662
vt 0.523193 0.503662
vt 0.516357 0.578369
vt 0.524658 0.578369
vt 0.524658 0.626953
vt 0.516357 0.631836
vt 0.523193 0.631836
vt 0.953613 0.986572
vt 0.953613 0.982422
vt 0.954834 0.984619
vt 0.996826 0.375244
vt 0.995117 0.374268
vt 0.997314 0.374268
vt 0.579834 0.987305
vt 0.578369 0.985596
vt 0.579834 0.982422
vt 0.976807 0.237305
vt 0.966553 0.237305
vt 0.966553 0.230469
vt 0.976807 0.230469
vt 0.966553 0.341309
vt 0.966553 0.338379
vt 0.975586 0.338379
vt 0.966553 0.336426
vt 0.976807 0.341309
vt 0.074463 0.988770
vt 0.074463 0.982666
vt 0.079102 0.988281
vt 0.079102 0.982422
vt 0.191895 0.075928
vt 0.193848 0.082275
vt 0.191895 0.251221
vt 0.473389 0.177246
vt 0.473389 0.002441
vt 0.480225 0.002441
vt 0.480225 0.177246
vt 0.967041 0.846436
vt 0.975830 0.848389
vt 0.966553 0.848389
vt 0.507324 0.964844
vt 0.511475 0.968750
vt 0.507324 0.976318
vt 0.511475 0.973633
vt 0.922607 0.964844
vt 0.926025 0.968262
vt 0.922607 0.975830
vt 0.926758 0.972900
vt 0.966553 0.358643
vt 0.969971 0.355225
vt 0.976807 0.358643
vt 0.974121 0.354492
vt 0.966553 0.375244
vt 0.969238 0.371826
vt 0.976807 0.375244
vt 0.974121 0.371094
vt 0.966553 0.383545
vt 0.969971 0.380127
vt 0.976807 0.383545
vt 0.973389 0.379395
vt 0.966553 0.667969
vt 0.969971 0.664551
vt 0.976074 0.667969
vt 0.973389 0.664551
vt 0.966553 0.048828
vt 0.969971 0.045410
vt 0.977539 0.048828
vt 0.974854 0.045410
vt 0.966553 0.675537
vt 0.969971 0.672119
vt 0.976074 0.675537
vt 0.974121 0.672119
vt 0.670410 0.627197
vt 0.670410 0.733398
vt 0.668457 0.627197
vt 0.668457 0.733398
vt 0.667725 0.636719
vt 0.663574 0.631348
vt 0.663574 0.634766
vt 0.667725 0.642334
vt 0.667725 0.652588
vt 0.663574 0.646484
vt 0.663574 0.649170
vt 0.667725 0.658691
vt 0.663574 0.666260
vt 0.663574 0.662109
vt 0.667725 0.668945
vt 0.667725 0.675049
vt 0.663574 0.682617
vt 0.663574 0.677979
vt 0.667725 0.685303
vt 0.667725 0.691650
vt 0.663574 0.698486
vt 0.663574 0.694336
vt 0.667725 0.701904
vt 0.667725 0.708008
vt 0.667725 0.717529
vt 0.667725 0.723145
vt 0.663574 0.710693
vt 0.663574 0.714111
vt 0.733398 0.343506
vt 0.727295 0.343018
vt 0.733398 0.238525
vt 0.727295 0.238037
vt 0.966553 0.588135
vt 0.972412 0.592773
vt 0.968994 0.592529
vt 0.976318 0.588135
vt 0.976807 0.476074
vt 0.966553 0.476074
vt 0.967285 0.475830
vt 0.414795 0.151611
vt 0.418213 0.159180
vt 0.414795 0.156494
vt 0.418945 0.147461
vt 0.418213 0.194092
vt 0.421143 0.141357
vt 0.419189 0.141357
vt 0.418213 0.201660
vt 0.417969 0.211914
vt 0.414062 0.204346
vt 0.413818 0.208984
vt 0.417969 0.218750
vt 0.417725 0.229004
vt 0.413818 0.222168
vt 0.413574 0.225586
vt 0.417480 0.241211
vt 0.417480 0.250977
vt 0.413330 0.244629
vt 0.413330 0.248047
vt 0.417236 0.257080
vt 0.417236 0.268066
vt 0.413086 0.260498
vt 0.413086 0.265137
vt 0.416992 0.274902
vt 0.416748 0.284424
vt 0.412842 0.278320
vt 0.412842 0.282227
vt 0.416748 0.292725
vt 0.416504 0.302246
vt 0.412598 0.296631
vt 0.412598 0.299316
vt 0.418457 0.316650
vt 0.416504 0.310547
vt 0.413574 0.312500
vt 0.413574 0.316650
vt 0.417480 0.325439
vt 0.421143 0.316650
vt 0.420898 0.326904
vt 0.914307 0.968262
vt 0.918213 0.964844
vt 0.918213 0.975830
vt 0.914307 0.972900
vt 0.969971 0.366943
vt 0.966553 0.362793
vt 0.976807 0.362793
vt 0.974121 0.366943
vt 0.868164 0.552490
vt 0.868164 0.587402
vt 0.867676 0.559326
vt 0.421143 0.477051
vt 0.421143 0.483887
vt 0.247314 0.477051
vt 0.247314 0.483887
vt 0.144043 0.988525
vt 0.144043 0.982666
vt 0.146973 0.988281
vt 0.146973 0.982422
vt 0.976807 0.299072
vt 0.976807 0.305908
vt 0.966553 0.299072
vt 0.966553 0.305908
vt 0.997070 0.451172
vt 0.997070 0.452637
vt 0.995117 0.451172
vt 0.996338 0.450439
vt 0.995850 0.452637
vt 0.995117 0.452637
vt 0.995117 0.385742
vt 0.996582 0.385742
vt 0.996094 0.387695
vt 0.997314 0.386963
vt 0.995117 0.387451
vt 0.981934 0.626709
vt 0.989502 0.626709
vt 0.989502 0.632080
vt 0.981934 0.632080
vt 0.395752 0.982422
vt 0.395752 0.987793
vt 0.392334 0.982422
vt 0.392334 0.987793
vt 0.391602 0.982422
vt 0.391602 0.987793
vt 0.989258 0.670410
vt 0.989258 0.673828
vt 0.981934 0.670410
vt 0.981934 0.673828
vt 0.989258 0.674561
vt 0.981934 0.674561
vt 0.270996 0.988037
vt 0.267822 0.987793
vt 0.270996 0.982666
vt 0.267822 0.982422
vt 0.267334 0.987793
vt 0.267334 0.982422
vt 0.989502 0.650146
vt 0.981934 0.650146
vt 0.981934 0.646729
vt 0.989502 0.646729
vt 0.981934 0.645996
vt 0.989502 0.645996
vt 0.981934 0.636475
vt 0.989502 0.636475
vt 0.981934 0.641846
vt 0.989502 0.641846
vt 0.404053 0.982422
vt 0.404053 0.987793
vt 0.400635 0.987793
vt 0.400635 0.982422
vt 0.399902 0.987793
vt 0.399902 0.982422
vt 0.989258 0.678711
vt 0.989258 0.682129
vt 0.981934 0.678711
vt 0.981934 0.682129
vt 0.989258 0.682861
vt 0.981934 0.682861
vt 0.278809 0.988037
vt 0.275879 0.987793
vt 0.278809 0.982666
vt 0.275879 0.982422
vt 0.275146 0.987793
vt 0.275146 0.982422
vt 0.989502 0.658447
vt 0.981934 0.658447
vt 0.981934 0.655029
vt 0.989502 0.655029
vt 0.981934 0.654541
vt 0.989502 0.654541
vt 0.015869 0.359619
vt 0.026855 0.359619
vt 0.019287 0.363037
vt 0.026855 0.362305
vt 0.026855 0.363037
vt 0.015869 0.370605
vt 0.019287 0.368652
vt 0.018066 0.370605
vt 0.026855 0.368652
vt 0.202148 0.364502
vt 0.026855 0.478760
vt 0.018066 0.476807
vt 0.019287 0.478760
vt 0.015869 0.476807
vt 0.019287 0.484131
vt 0.015869 0.487549
vt 0.026855 0.487549
vt 0.026855 0.484863
vt 0.026855 0.484131
vt 0.202148 0.484863
vt 0.212402 0.487549
vt 0.202148 0.487549
vt 0.212402 0.434326
vt 0.212402 0.413086
vt 0.212402 0.359619
vt 0.202148 0.359619
s 1
usemtl tripo_mat_ea5cd826-4307-412d-94cb-28d8866c89fc
f 2707/1 2791/2 2706/3
f 2791/2 2707/1 2661/4
f 2707/1 2706/3 2522/5
f 2707/1 2522/5 2661/4
f 2791/2 2661/4 2820/6
f 2661/4 2522/5 2507/7
f 2706/3 2791/2 2819/8
f 2706/3 2819/8 2660/9
f 2706/3 2660/9 2522/5
f 2522/5 2660/9 2506/10
f 2507/7 2522/5 2432/11
f 2507/7 2432/11 2302/12
f 2507/7 2302/12 2325/13
f 2302/12 2432/11 2314/14
f 2314/14 2432/11 2522/5
f 2314/14 2522/5 2506/10
f 2314/14 2506/10 2337/15
f 2314/14 2337/15 2284/16
f 2853/17 2791/2 2820/6
f 2853/17 2820/6 2967/18
f 2967/18 2820/6 2957/19
f 2791/2 2853/17 2959/20
f 2959/20 2853/17 2967/18
f 2791/2 2959/20 2819/8
f 2959/20 2967/18 2985/21
f 2819/8 2959/20 2939/22
f 2939/22 2959/20 2985/21
f 2708/23 2792/24 2709/25
f 2709/25 2792/24 2663/26
f 2708/23 2709/25 2523/27
f 2523/27 2709/25 2663/26
f 2663/26 2792/24 2822/28
f 2523/27 2663/26 2509/29
f 2792/24 2708/23 2821/30
f 2821/30 2708/23 2662/31
f 2662/31 2708/23 2523/27
f 2662/31 2523/27 2508/32
f 2508/32 2523/27 2315/33
f 2315/33 2523/27 2433/34
f 2433/34 2523/27 2509/29
f 2315/33 2433/34 2303/35
f 2303/35 2433/34 2509/29
f 2303/35 2509/29 2326/36
f 2960/37 2792/24 2821/30
f 2960/37 2821/30 2940/38
f 2960/37 2940/38 2986/39
f 2960/37 2986/39 2968/40
f 2792/24 2960/37 2854/41
f 2854/41 2960/37 2968/40
f 2792/24 2854/41 2822/28
f 2822/28 2854/41 2968/40
f 2822/28 2968/40 2958/42
f 1040/43 928/44 1039/45
f 928/44 1040/43 1036/46
f 1040/43 1039/45 1127/47
f 928/44 1036/46 866/48
f 1127/47 1039/45 1035/49
f 1035/49 1039/45 928/44
f 1127/47 1035/49 1169/50
f 1127/47 1169/50 1245/51
f 1245/51 1169/50 1243/52
f 1127/47 1245/51 1223/53
f 1035/49 928/44 865/54
f 1035/49 865/54 1033/55
f 865/54 928/44 764/56
f 865/54 764/56 762/57
f 764/56 928/44 801/58
f 801/58 928/44 866/48
f 764/56 801/58 734/59
f 734/59 801/58 866/48
f 764/56 734/59 690/60
f 734/59 866/48 746/61
f 1040/62 1127/63 1036/64
f 1127/65 1223/66 1171/67
f 1127/68 1171/69 1036/70
f 1041/71 929/72 1042/73
f 1042/73 929/72 1038/74
f 1041/71 1042/73 1128/75
f 1128/75 1042/73 1038/74
f 1038/74 929/72 868/76
f 1128/75 1038/74 1172/77
f 868/76 929/72 802/78
f 868/76 802/78 735/79
f 868/76 735/79 747/80
f 735/79 802/78 765/81
f 765/81 802/78 929/72
f 735/79 765/81 691/82
f 765/81 929/72 867/83
f 765/81 867/83 763/84
f 867/83 929/72 1037/85
f 1037/85 929/72 1041/71
f 867/83 1037/85 1034/86
f 1037/85 1041/71 1128/75
f 1037/85 1128/75 1170/87
f 1170/87 1128/75 1246/88
f 1170/87 1246/88 1244/89
f 1246/88 1128/75 1224/90
f 1246/88 1224/90 1262/91
f 1224/90 1128/75 1172/77
f 1224/90 1172/77 1262/91
f 1262/91 1172/77 1256/92
f 2661/93 2507/94 2703/95
f 2661/93 2703/95 2820/96
f 2703/95 2507/94 2348/97
f 2348/97 2507/94 2325/98
f 2348/97 2325/98 2280/99
f 2348/97 2280/99 2228/100
f 2820/96 2703/95 2928/101
f 2820/96 2928/101 2957/102
f 2957/102 2928/101 2992/103
f 2992/103 2928/101 3028/104
f 2348/97 2228/100 2430/105
f 2348/97 2430/105 2703/95
f 2928/101 2703/95 2698/106
f 2698/106 2703/95 2430/105
f 3028/104 2928/101 2837/107
f 2837/107 2928/101 2698/106
f 2698/106 2430/105 2695/108
f 2698/106 2695/108 2837/107
f 2695/108 2430/105 2503/109
f 2837/107 2695/108 2816/110
f 2503/109 2430/105 2345/111
f 2837/107 2816/110 2935/112
f 2345/111 2430/105 2298/113
f 2298/113 2430/105 2228/100
f 2345/111 2298/113 2310/114
f 2837/107 2935/112 2963/115
f 2837/107 2963/115 3028/104
f 2963/115 2935/112 2950/116
f 3028/104 2963/115 3090/117
f 2963/115 2950/116 2971/118
f 2963/115 2971/118 3090/117
f 2971/118 2950/116 2906/119
f 3090/117 2971/118 3086/120
f 2296/121 2310/114 2298/113
f 2310/114 2296/121 2407/122
f 2121/123 2298/113 2228/100
f 2298/113 2121/123 2296/121
f 2121/123 2228/100 2195/124
f 2121/123 2195/124 2103/125
f 2296/121 2121/123 2153/126
f 2112/127 2149/128 2153/126
f 2153/126 2149/128 2267/129
f 2153/126 2267/129 2296/121
f 2341/130 2407/122 2296/121
f 2341/130 2296/121 2267/129
f 2407/122 2341/130 2583/131
f 2341/130 2267/129 2395/132
f 2395/132 2267/129 2282/133
f 2395/132 2282/133 2317/134
f 2583/131 2341/130 2564/135
f 2564/135 2341/130 2395/132
f 2583/131 2564/135 2750/136
f 2564/135 2395/132 2654/137
f 2654/137 2395/132 2416/138
f 2654/137 2416/138 2593/139
f 2564/135 2654/137 2758/140
f 2564/135 2758/140 2750/136
f 2758/140 2654/137 2903/141
f 2903/141 2654/137 2845/142
f 2750/136 2758/140 2931/143
f 2931/143 2758/140 2903/141
f 2750/136 2931/143 2906/119
f 2903/141 2845/142 2937/144
f 2903/141 2937/144 2983/145
f 2906/119 2931/143 2971/118
f 2903/141 2983/145 3000/146
f 2903/141 3000/146 2931/143
f 2931/143 3000/146 2971/118
f 2971/118 3000/146 3086/120
f 3086/120 3000/146 3082/147
f 2660/148 2819/149 2702/150
f 2660/148 2702/150 2506/151
f 2662/152 2508/153 2704/154
f 2662/152 2704/154 2821/155
f 2704/154 2508/153 2349/156
f 2821/155 2704/154 2929/157
f 2821/155 2929/157 2940/158
f 2940/158 2929/157 2990/159
f 2990/159 2929/157 3027/160
f 2929/157 2704/154 2701/161
f 2701/161 2704/154 2349/156
f 3027/160 2929/157 2840/162
f 2840/162 2929/157 2701/161
f 3027/160 2840/162 2966/163
f 3027/160 2966/163 3023/164
f 3027/160 3023/164 3064/165
f 2966/163 2840/162 2925/166
f 2925/166 2840/162 2817/167
f 2817/167 2840/162 2701/161
f 2966/163 2925/166 2955/168
f 2817/167 2701/161 2696/169
f 2696/169 2701/161 2504/170
f 2978/171 3023/164 2966/163
f 2978/171 2966/163 2955/168
f 3023/164 2978/171 3064/165
f 3064/165 2978/171 3089/172
f 2978/171 2955/168 2918/173
f 3089/172 2978/171 3077/174
f 2978/171 2918/173 2962/175
f 2978/171 2962/175 3077/174
f 2962/175 2918/173 2783/176
f 3077/174 2962/175 3019/177
f 3016/178 3054/179 3019/177
f 3016/178 3019/177 2916/180
f 2916/180 3019/177 2962/175
f 3016/178 2916/180 2976/181
f 2976/181 2916/180 2948/182
f 2948/182 2916/180 2848/183
f 2848/183 2916/180 2738/184
f 2916/180 2962/175 2802/185
f 2802/185 2962/175 2783/176
f 2738/184 2916/180 2382/186
f 2382/186 2916/180 2802/185
f 2738/184 2382/186 2563/187
f 2802/185 2783/176 2487/188
f 2802/185 2487/188 2382/186
f 2487/188 2783/176 2531/189
f 2563/187 2382/186 2419/190
f 2419/190 2382/186 2320/191
f 2320/191 2382/186 2295/192
f 2295/192 2382/186 2266/193
f 2487/188 2531/189 2309/194
f 2487/188 2309/194 2382/186
f 2309/194 2531/189 2384/195
f 2266/193 2382/186 2270/196
f 2270/196 2382/186 2309/194
f 2266/193 2270/196 2203/197
f 2203/197 2270/196 2152/198
f 2152/198 2270/196 2168/199
f 2168/199 2270/196 2309/194
f 2152/198 2168/199 2113/200
f 2113/200 2168/199 2099/201
f 2099/201 2168/199 2094/202
f 2289/203 2309/194 2384/195
f 2309/194 2289/203 2168/199
f 2289/203 2384/195 2313/204
f 2094/202 2168/199 2156/205
f 2156/205 2168/199 2289/203
f 2094/202 2156/205 2096/206
f 2096/206 2156/205 2194/207
f 2194/207 2156/205 2289/203
f 2096/206 2194/207 2118/208
f 2118/208 2194/207 2206/209
f 2194/207 2289/203 2301/210
f 2301/210 2289/203 2313/204
f 2194/207 2301/210 2227/211
f 2301/210 2313/204 2387/212
f 2301/210 2387/212 2471/213
f 2301/210 2471/213 2227/211
f 2471/213 2387/212 2504/170
f 2471/213 2504/170 2701/161
f 2471/213 2701/161 2349/156
f 2471/213 2349/156 2227/211
f 2227/211 2349/156 2279/214
f 2663/215 2822/216 2705/217
f 2663/215 2705/217 2509/218
f 1036/219 1171/220 1031/221
f 1036/219 1031/221 866/222
f 1031/221 1171/220 1241/223
f 866/222 1031/221 772/224
f 866/222 772/224 746/225
f 746/225 772/224 647/226
f 647/226 772/224 542/227
f 772/224 1031/221 1025/228
f 1025/228 1031/221 1241/223
f 542/227 772/224 832/229
f 832/229 772/224 1025/228
f 1025/228 1241/223 1177/230
f 832/229 1025/228 1023/231
f 1023/231 1025/228 1177/230
f 832/229 1023/231 862/232
f 832/229 862/232 769/233
f 1023/231 1177/230 1166/234
f 1166/234 1177/230 1230/235
f 832/229 769/233 729/236
f 832/229 729/236 542/227
f 729/236 769/233 757/237
f 542/227 729/236 516/238
f 729/236 757/237 727/239
f 729/236 727/239 516/238
f 727/239 757/237 815/240
f 516/238 727/239 514/241
f 727/239 815/240 795/242
f 795/242 815/240 984/243
f 514/241 727/239 655/244
f 655/244 727/239 795/242
f 472/245 431/246 514/241
f 472/245 514/241 655/244
f 472/245 655/244 527/247
f 795/242 984/243 978/248
f 978/248 984/243 1073/249
f 655/244 795/242 847/250
f 847/250 795/242 978/248
f 718/251 609/252 655/244
f 718/251 655/244 847/250
f 718/251 847/250 741/253
f 741/253 847/250 813/254
f 813/254 847/250 922/255
f 922/255 847/250 1005/256
f 1005/256 847/250 978/248
f 922/255 1005/256 1119/257
f 1005/256 978/248 1071/258
f 1071/258 978/248 1073/249
f 1119/257 1005/256 1183/259
f 1183/259 1005/256 1071/258
f 1119/257 1183/259 1191/260
f 1191/260 1183/259 1248/261
f 1248/261 1183/259 1268/262
f 1268/262 1183/259 1293/263
f 1071/258 1073/249 1219/264
f 1071/258 1219/264 1183/259
f 1183/259 1219/264 1293/263
f 1219/264 1073/249 1193/265
f 1219/264 1193/265 1263/266
f 1219/264 1263/266 1293/263
f 1263/266 1193/265 1252/267
f 1293/263 1263/266 1371/268
f 1293/263 1371/268 1368/269
f 1368/269 1371/268 1388/270
f 1371/268 1263/266 1375/271
f 1371/268 1375/271 1403/272
f 1403/272 1375/271 1398/273
f 1398/273 1375/271 1361/274
f 1263/266 1252/267 1257/275
f 1263/266 1257/275 1375/271
f 1257/275 1252/267 1230/235
f 1257/275 1230/235 1177/230
f 1375/271 1257/275 1318/276
f 1318/276 1257/275 1177/230
f 1375/271 1318/276 1361/274
f 1318/276 1177/230 1241/223
f 1361/274 1318/276 1303/277
f 1303/277 1318/276 1241/223
f 1303/277 1241/223 1255/278
f 1035/279 1033/280 1169/281
f 1169/281 1033/280 1029/282
f 1169/281 1029/282 1221/283
f 1169/281 1221/283 1243/284
f 1243/284 1221/283 1273/285
f 1273/285 1221/283 1313/286
f 2819/287 2939/288 2927/289
f 2927/289 2939/288 2989/290
f 2819/287 2927/289 2702/291
f 2927/289 2989/290 3026/292
f 3026/292 2989/290 3066/293
f 2702/291 2927/289 2700/294
f 2506/295 2702/291 2347/296
f 2347/296 2702/291 2700/294
f 3026/292 3066/293 3062/297
f 3062/297 3066/293 3097/298
f 3062/297 3097/298 3143/299
f 3026/292 3062/297 3021/300
f 3062/297 3143/299 3088/301
f 3088/301 3143/299 3141/302
f 3021/300 3062/297 2977/303
f 2977/303 3062/297 3088/301
f 3088/301 3141/302 3076/304
f 3088/301 3076/304 2977/303
f 3076/304 3141/302 3127/305
f 3076/304 3127/305 3105/306
f 3076/304 3105/306 3084/307
f 2965/308 3026/292 3021/300
f 2965/308 3021/300 2977/303
f 3026/292 2965/308 2839/309
f 3026/292 2839/309 2927/289
f 2965/308 2977/303 2953/310
f 2965/308 2953/310 2923/311
f 2965/308 2923/311 2839/309
f 2953/310 2977/303 2917/312
f 2839/309 2923/311 2815/313
f 2927/289 2839/309 2700/294
f 2700/294 2839/309 2815/313
f 2700/294 2815/313 2694/314
f 2700/294 2694/314 2502/315
f 2917/312 2977/303 2961/316
f 2961/316 2977/303 3076/304
f 2917/312 2961/316 2781/317
f 2700/294 2502/315 2470/318
f 2700/294 2470/318 2347/296
f 2470/318 2502/315 2385/319
f 2347/296 2470/318 2226/320
f 2470/318 2385/319 2300/321
f 2470/318 2300/321 2226/320
f 2300/321 2385/319 2312/322
f 2226/320 2300/321 2193/323
f 2300/321 2312/322 2288/324
f 2300/321 2288/324 2193/323
f 2288/324 2312/322 2383/325
f 2193/323 2288/324 2155/326
f 2095/327 2155/326 2093/328
f 2093/328 2155/326 2167/329
f 2167/329 2155/326 2288/324
f 2288/324 2383/325 2308/330
f 2288/324 2308/330 2167/329
f 2308/330 2383/325 2529/331
f 2167/329 2308/330 2269/332
f 2308/330 2529/331 2486/333
f 2486/333 2529/331 2781/317
f 2269/332 2308/330 2381/334
f 2381/334 2308/330 2486/333
f 2269/332 2381/334 2265/335
f 2265/335 2381/334 2294/336
f 2294/336 2381/334 2319/337
f 2319/337 2381/334 2418/338
f 2418/338 2381/334 2562/339
f 2562/339 2381/334 2737/340
f 2801/341 2486/333 2781/317
f 2486/333 2801/341 2381/334
f 2801/341 2781/317 2961/316
f 2737/340 2381/334 2915/342
f 2915/342 2381/334 2801/341
f 2915/342 2801/341 2961/316
f 2737/340 2915/342 2847/343
f 2847/343 2915/342 2947/344
f 2947/344 2915/342 2975/345
f 2975/345 2915/342 3014/346
f 2915/342 2961/316 3018/347
f 2915/342 3018/347 3014/346
f 3018/347 2961/316 3076/304
f 3014/346 3018/347 3052/348
f 3018/347 3076/304 3084/307
f 3018/347 3084/307 3052/348
f 2506/349 2347/350 2337/351
f 2337/351 2347/350 2278/352
f 2337/351 2278/352 2284/353
f 2278/352 2347/350 2226/354
f 2278/352 2226/354 2205/355
f 2205/355 2226/354 2193/356
f 2205/355 2193/356 2117/357
f 2117/357 2193/356 2095/358
f 2095/358 2193/356 2155/359
f 2508/360 2315/361 2338/362
f 2508/360 2338/362 2349/363
f 2349/363 2338/362 2279/364
f 2338/362 2315/361 2285/365
f 2338/362 2285/365 2279/364
f 2285/365 2315/361 2303/366
f 2285/365 2303/366 2281/367
f 2281/367 2303/366 2326/368
f 2285/365 2281/367 2170/369
f 2285/365 2170/369 2279/364
f 2170/369 2281/367 2196/370
f 2279/364 2170/369 2206/371
f 2279/364 2206/371 2227/372
f 2227/372 2206/371 2194/373
f 1037/374 1170/375 1034/376
f 2822/377 2958/378 2930/379
f 2930/379 2958/378 2993/380
f 2822/377 2930/379 2705/381
f 2930/379 2993/380 3029/382
f 3029/382 2993/380 3071/383
f 3029/382 3071/383 3091/384
f 3091/384 3071/383 3113/385
f 3091/384 3113/385 3132/386
f 3091/384 3132/386 3087/387
f 2705/381 2930/379 2699/388
f 2930/379 3029/382 2838/389
f 2930/379 2838/389 2699/388
f 3029/382 3091/384 2964/390
f 3029/382 2964/390 2838/389
f 2964/390 3091/384 2972/391
f 2972/391 3091/384 3087/387
f 2838/389 2964/390 2936/392
f 2936/392 2964/390 2952/393
f 2952/393 2964/390 2972/391
f 2838/389 2936/392 2818/394
f 2838/389 2818/394 2697/395
f 2838/389 2697/395 2699/388
f 2952/393 2972/391 2908/396
f 2699/388 2697/395 2431/397
f 2699/388 2431/397 2705/381
f 2431/397 2697/395 2505/398
f 2509/399 2705/381 2350/400
f 2350/400 2705/381 2431/397
f 2431/397 2505/398 2346/401
f 2350/400 2431/397 2229/402
f 2431/397 2346/401 2299/403
f 2431/397 2299/403 2229/402
f 2299/403 2346/401 2311/404
f 2229/402 2299/403 2122/405
f 2299/403 2311/404 2297/406
f 2299/403 2297/406 2122/405
f 2297/406 2311/404 2409/407
f 2122/405 2297/406 2154/408
f 2150/409 2114/410 2154/408
f 2150/409 2154/408 2268/411
f 2268/411 2154/408 2297/406
f 2297/406 2409/407 2342/412
f 2297/406 2342/412 2268/411
f 2342/412 2409/407 2584/413
f 2268/411 2342/412 2396/414
f 2268/411 2396/414 2283/415
f 2342/412 2584/413 2565/416
f 2342/412 2565/416 2396/414
f 2565/416 2584/413 2751/417
f 2396/414 2565/416 2655/418
f 2396/414 2655/418 2417/419
f 2417/419 2655/418 2594/420
f 2594/420 2655/418 2846/421
f 2846/421 2655/418 2904/422
f 2846/421 2904/422 2938/423
f 2655/418 2565/416 2759/424
f 2759/424 2565/416 2751/417
f 2655/418 2759/424 2904/422
f 2938/423 2904/422 2984/425
f 2759/424 2751/417 2932/426
f 2759/424 2932/426 2904/422
f 2932/426 2751/417 2908/396
f 2932/426 2908/396 2972/391
f 2904/422 2932/426 3001/427
f 3001/427 2932/426 2972/391
f 2904/422 3001/427 2984/425
f 2984/425 3001/427 3017/428
f 3017/428 3001/427 3055/429
f 3055/429 3001/427 3083/430
f 3001/427 2972/391 3087/387
f 3001/427 3087/387 3083/430
f 3083/430 3087/387 3108/431
f 3108/431 3087/387 3111/432
f 3111/432 3087/387 3130/433
f 3130/433 3087/387 3156/434
f 2509/435 2350/436 2326/437
f 2326/437 2350/436 2281/438
f 2281/438 2350/436 2229/439
f 2281/438 2229/439 2196/440
f 2196/440 2229/439 2122/441
f 1038/442 868/443 1032/444
f 1032/444 868/443 773/445
f 773/445 868/443 747/446
f 773/445 747/446 648/447
f 1032/444 773/445 1026/448
f 1032/444 1026/448 1242/449
f 773/445 648/447 543/450
f 543/450 648/447 525/451
f 1026/448 773/445 833/452
f 833/452 773/445 543/450
f 1242/449 1026/448 1178/453
f 543/450 525/451 517/454
f 517/454 525/451 446/455
f 1242/449 1178/453 1319/456
f 517/454 446/455 424/457
f 1178/453 1026/448 1024/458
f 1024/458 1026/448 833/452
f 1178/453 1024/458 1168/459
f 1024/458 833/452 864/460
f 1178/453 1168/459 1232/461
f 864/460 833/452 771/462
f 1178/453 1232/461 1258/463
f 1178/453 1258/463 1319/456
f 1258/463 1232/461 1254/464
f 1319/456 1258/463 1376/465
f 1258/463 1254/464 1264/466
f 1258/463 1264/466 1376/465
f 1264/466 1254/464 1194/467
f 1376/465 1264/466 1372/468
f 730/469 771/462 833/452
f 730/469 833/452 543/450
f 771/462 730/469 759/470
f 730/469 543/450 517/454
f 759/470 730/469 728/471
f 728/471 730/469 517/454
f 759/470 728/471 816/472
f 1294/473 1372/468 1264/466
f 1372/468 1294/473 1370/474
f 1372/468 1370/474 1390/475
f 1294/473 1264/466 1220/476
f 1220/476 1264/466 1194/467
f 1220/476 1194/467 1074/477
f 1294/473 1220/476 1184/478
f 1220/476 1074/477 1072/479
f 1220/476 1072/479 1184/478
f 1072/479 1074/477 979/480
f 979/480 1074/477 985/481
f 1184/478 1072/479 1006/482
f 1006/482 1072/479 979/480
f 1184/478 1006/482 1120/483
f 1184/478 1120/483 1192/484
f 1120/483 1006/482 923/485
f 923/485 1006/482 848/486
f 848/486 1006/482 979/480
f 923/485 848/486 814/487
f 814/487 848/486 743/488
f 743/488 848/486 720/489
f 848/486 979/480 796/490
f 796/490 979/480 985/481
f 796/490 985/481 816/472
f 796/490 816/472 728/471
f 848/486 796/490 656/491
f 848/486 656/491 720/489
f 656/491 796/490 728/471
f 720/489 656/491 610/492
f 610/492 656/491 529/493
f 529/493 656/491 474/494
f 656/491 728/471 515/495
f 656/491 515/495 474/494
f 515/495 728/471 517/454
f 474/494 515/495 432/496
f 515/495 517/454 424/457
f 432/496 515/495 434/497
f 515/495 424/457 402/498
f 434/497 515/495 422/499
f 422/499 515/495 402/498
f 1038/500 1032/501 1172/502
f 1172/502 1032/501 1242/503
f 1172/502 1242/503 1256/504
f 1256/504 1242/503 1304/505
f 1256/504 1304/505 1262/506
f 1304/505 1242/503 1319/507
f 1304/505 1319/507 1363/508
f 1363/508 1319/507 1376/509
f 1223/510 1245/511 1261/512
f 1261/512 1245/511 1275/513
f 1275/513 1245/511 1243/514
f 1275/513 1243/514 1273/515
f 1275/513 1273/515 1322/516
f 1322/516 1273/515 1320/517
f 1322/516 1320/517 1377/518
f 1275/513 1322/516 1303/519
f 1275/513 1303/519 1261/512
f 1303/519 1322/516 1377/518
f 1261/512 1303/519 1255/520
f 1261/512 1255/520 1171/521
f 1171/521 1255/520 1241/522
f 1303/519 1377/518 1361/523
f 1361/523 1377/518 1405/524
f 1361/523 1405/524 1398/525
f 1223/526 1261/527 1171/528
f 2314/529 2284/530 2302/531
f 2302/531 2284/530 2280/532
f 2302/531 2280/532 2325/533
f 2280/532 2284/530 2169/534
f 2169/534 2284/530 2278/535
f 2169/534 2278/535 2205/536
f 2280/532 2169/534 2195/537
f 2280/532 2195/537 2228/538
f 1033/539 865/540 1029/541
f 1029/541 865/540 783/542
f 783/542 865/540 762/543
f 783/542 762/543 688/544
f 1029/541 783/542 1027/545
f 1029/541 1027/545 1221/546
f 783/542 688/544 595/547
f 595/547 688/544 544/548
f 595/547 544/548 518/549
f 595/547 518/549 435/550
f 595/547 435/550 411/551
f 1221/546 1027/545 1179/552
f 1221/546 1179/552 1313/553
f 1179/552 1027/545 1017/554
f 1179/552 1017/554 1155/555
f 1017/554 1027/545 834/556
f 834/556 1027/545 783/542
f 834/556 783/542 595/547
f 1017/554 834/556 887/557
f 1179/552 1155/555 1259/558
f 1179/552 1259/558 1313/553
f 1259/558 1155/555 1225/559
f 1313/553 1259/558 1373/560
f 887/557 834/556 731/561
f 731/561 834/556 595/547
f 887/557 731/561 774/562
f 1373/560 1259/558 1271/563
f 1271/563 1259/558 1225/559
f 1373/560 1271/563 1311/564
f 1271/563 1225/559 1237/565
f 1311/564 1271/563 1235/566
f 1235/566 1271/563 1237/565
f 1311/564 1235/566 1213/567
f 1235/566 1237/565 1215/568
f 1235/566 1215/568 1106/569
f 1235/566 1106/569 1213/567
f 1106/569 1215/568 1082/570
f 1106/569 1082/570 906/571
f 906/571 1082/570 932/572
f 1213/567 1106/569 793/573
f 793/573 1106/569 906/571
f 1213/567 793/573 1069/574
f 1069/574 793/573 930/575
f 930/575 793/573 807/576
f 807/576 793/573 740/577
f 793/573 906/571 754/578
f 740/577 793/573 717/579
f 793/573 754/578 593/580
f 793/573 593/580 717/579
f 717/579 593/580 591/581
f 591/581 593/580 526/582
f 526/582 593/580 471/583
f 471/583 593/580 419/584
f 593/580 754/578 721/585
f 419/584 593/580 475/586
f 475/586 593/580 721/585
f 419/584 475/586 407/587
f 407/587 475/586 409/588
f 409/588 475/586 411/551
f 411/551 475/586 595/547
f 595/547 475/586 731/561
f 731/561 475/586 721/585
f 731/561 721/585 774/562
f 774/562 721/585 744/589
f 1034/590 1170/591 1030/592
f 1034/590 1030/592 867/593
f 1030/592 1170/591 1222/594
f 867/593 1030/592 784/595
f 867/593 784/595 763/596
f 763/596 784/595 689/597
f 784/595 1030/592 1028/598
f 1028/598 1030/592 1222/594
f 689/597 784/595 596/599
f 689/597 596/599 545/600
f 784/595 1028/598 835/601
f 784/595 835/601 596/599
f 835/601 1028/598 1020/602
f 835/601 1020/602 888/603
f 1020/602 1028/598 1180/604
f 1180/604 1028/598 1222/594
f 1020/602 1180/604 1156/605
f 596/599 835/601 732/606
f 732/606 835/601 888/603
f 596/599 732/606 476/607
f 732/606 888/603 776/608
f 476/607 732/606 722/609
f 722/609 732/606 776/608
f 722/609 776/608 745/610
f 476/607 722/609 594/611
f 722/609 745/610 755/612
f 722/609 755/612 594/611
f 755/612 745/610 799/613
f 755/612 799/613 907/614
f 907/614 799/613 933/615
f 907/614 933/615 1083/616
f 755/612 907/614 794/617
f 755/612 794/617 594/611
f 907/614 1083/616 1107/618
f 907/614 1107/618 794/617
f 1107/618 1083/616 1216/619
f 719/620 592/621 594/611
f 719/620 594/611 794/617
f 719/620 794/617 742/622
f 742/622 794/617 808/623
f 808/623 794/617 931/624
f 931/624 794/617 1070/625
f 1070/625 794/617 1214/626
f 1214/626 794/617 1107/618
f 1070/625 1214/626 1182/627
f 1236/628 1107/618 1216/619
f 1107/618 1236/628 1214/626
f 1236/628 1216/619 1239/629
f 1214/626 1236/628 1312/630
f 1214/626 1312/630 1269/631
f 1236/628 1239/629 1272/632
f 1236/628 1272/632 1312/630
f 1272/632 1239/629 1227/633
f 1389/634 1369/635 1312/630
f 1389/634 1312/630 1374/636
f 1374/636 1312/630 1272/632
f 1389/634 1374/636 1409/637
f 1409/637 1374/636 1411/638
f 1411/638 1374/636 1413/639
f 1272/632 1227/633 1260/640
f 1272/632 1260/640 1374/636
f 1260/640 1227/633 1156/605
f 1260/640 1156/605 1180/604
f 1374/636 1260/640 1314/641
f 1314/641 1260/640 1180/604
f 1374/636 1314/641 1413/639
f 1413/639 1314/641 1399/642
f 1399/642 1314/641 1362/643
f 1362/643 1314/641 1321/644
f 1314/641 1180/604 1222/594
f 1321/644 1314/641 1274/645
f 1274/645 1314/641 1222/594
f 1274/645 1222/594 1244/646
f 2967/647 2957/648 2992/649
f 2967/647 2992/649 2985/650
f 2985/650 2992/649 3078/651
f 3078/651 2992/649 3070/652
f 2985/650 3078/651 2989/653
f 2989/653 3078/651 3066/654
f 2985/650 2989/653 2939/655
f 764/656 690/657 762/658
f 762/658 690/657 688/659
f 688/659 690/657 546/660
f 546/660 690/657 647/661
f 647/661 690/657 734/662
f 647/661 734/662 746/663
f 546/660 647/661 477/664
f 477/664 647/661 524/665
f 546/660 477/664 544/666
f 477/664 524/665 425/667
f 544/666 477/664 518/668
f 518/668 477/664 425/667
f 518/668 425/667 413/669
f 413/669 425/667 423/670
f 518/668 413/669 435/671
f 413/669 423/670 360/672
f 413/669 360/672 435/671
f 360/672 423/670 401/673
f 435/671 360/672 411/674
f 1170/675 1244/676 1222/677
f 2968/678 2986/679 2993/680
f 2968/678 2993/680 2958/681
f 2993/680 2986/679 3079/682
f 2993/680 3079/682 3071/683
f 3079/682 2986/679 2990/684
f 3079/682 2990/684 3067/685
f 2990/684 2986/679 2940/686
f 765/687 763/688 691/689
f 691/689 763/688 689/690
f 691/689 689/690 547/691
f 691/689 547/691 648/692
f 691/689 648/692 735/693
f 735/693 648/692 747/694
f 648/692 547/691 478/695
f 478/695 547/691 545/696
f 648/692 478/695 525/697
f 478/695 545/696 519/698
f 525/697 478/695 426/699
f 426/699 478/695 519/698
f 525/697 426/699 446/700
f 446/700 426/699 424/701
f 426/699 519/698 414/702
f 426/699 414/702 424/701
f 414/702 519/698 436/703
f 424/701 414/702 361/704
f 361/704 414/702 436/703
f 424/701 361/704 402/705
f 361/704 436/703 412/706
f 1246/707 1262/708 1276/709
f 1246/707 1276/709 1244/710
f 1276/709 1262/708 1304/711
f 1244/710 1276/709 1274/712
f 1274/712 1276/709 1323/713
f 1323/713 1276/709 1304/711
f 1274/712 1323/713 1321/714
f 1323/713 1304/711 1378/715
f 1323/713 1378/715 1321/714
f 1378/715 1304/711 1363/716
f 1321/714 1378/715 1362/717
f 2992/718 3028/719 3070/720
f 3070/720 3028/719 3090/721
f 688/722 546/723 544/724
f 1273/725 1313/726 1320/727
f 2990/728 3027/729 3067/730
f 3067/730 3027/729 3064/731
f 689/732 545/733 547/734
f 3227/735 3175/736 3217/737
f 3175/736 3227/735 3228/738
f 3175/736 3228/738 3176/739
f 3176/739 3228/738 3218/740
f 3227/741 3217/742 3499/743
f 3227/744 3265/745 3266/746
f 3265/745 3227/744 3385/747
f 3227/744 3266/746 3228/748
f 3228/748 3266/746 3386/749
f 3385/747 3227/744 3510/750
f 3385/747 3510/750 3386/749
f 3510/750 3227/744 3499/751
f 3386/749 3510/750 3511/752
f 3386/749 3511/752 3228/748
f 3511/752 3510/750 3508/753
f 3228/748 3511/752 3500/754
f 3228/748 3500/754 3218/755
f 3500/754 3511/752 3509/756
f 3509/756 3511/752 3508/753
f 3500/754 3509/756 3498/757
f 3498/757 3509/756 3503/758
f 3509/756 3508/753 3506/759
f 3509/756 3506/759 3503/758
f 3506/759 3508/753 3507/760
f 3503/758 3506/759 3504/761
f 3507/760 3508/753 3502/762
f 3503/758 3504/761 3502/762
f 3507/760 3502/762 3505/763
f 3505/763 3502/762 3504/761
f 3175/764 3176/765 3165/766
f 3165/766 3176/765 3166/767
f 3175/764 3165/766 3217/768
f 1426/769 1455/770 1464/771
f 1464/771 1455/770 1608/772
f 1608/772 1455/770 1628/773
f 1608/772 1628/773 1615/774
f 1608/772 1615/774 1600/775
f 1608/772 1600/775 1514/776
f 1608/772 1514/776 1464/771
f 1464/771 1514/776 1444/777
f 1464/771 1444/777 1446/778
f 1444/777 1514/776 1508/779
f 1444/777 1508/779 1330/780
f 1444/777 1330/780 1332/781
f 1444/777 1332/781 1391/782
f 1426/783 1425/784 1454/785
f 1426/783 1454/785 1455/786
f 1426/787 1464/788 1463/789
f 1426/787 1463/789 1425/790
f 1455/791 1454/792 1607/793
f 1455/791 1607/793 1628/794
f 1425/795 1463/796 1454/797
f 1454/797 1463/796 1607/798
f 1427/799 1456/800 1465/801
f 1465/801 1456/800 1609/802
f 1427/803 1428/804 1456/805
f 1456/805 1428/804 1457/806
f 1427/807 1465/808 1428/809
f 1428/809 1465/808 1466/810
f 1456/811 1457/812 1609/813
f 1609/813 1457/812 1629/814
f 1609/813 1629/814 1626/815
f 3176/816 3218/817 3166/818
f 1428/819 1466/820 1457/821
f 1457/821 1466/820 1610/822
f 1457/821 1610/822 1629/823
f 1629/823 1610/822 1617/824
f 1617/824 1610/822 1603/825
f 1603/825 1610/822 1516/826
f 1516/826 1610/822 1466/820
f 1516/826 1466/820 1445/827
f 1516/826 1445/827 1510/828
f 1445/827 1466/820 1447/829
f 1510/828 1445/827 1331/830
f 1445/827 1447/829 1392/831
f 1392/831 1447/829 1396/832
f 1445/827 1392/831 1333/833
f 1445/827 1333/833 1331/830
f 1331/830 1333/833 1296/834
f 1296/834 1333/833 1302/835
f 3217/836 3165/837 3159/838
f 3217/836 3159/838 3308/839
f 3217/836 3308/839 3499/840
f 3499/840 3308/839 3497/841
f 3497/841 3308/839 3306/842
f 3165/843 3166/844 3160/845
f 3165/843 3160/845 3159/846
f 3166/847 3218/848 3160/849
f 3160/849 3218/848 3309/850
f 3309/850 3218/848 3500/851
f 3309/850 3500/851 3498/852
f 3309/850 3498/852 3307/853
f 647/854 542/855 524/856
f 524/856 542/855 516/857
f 1320/858 1360/859 1377/860
f 1377/860 1360/859 1405/861
f 1320/862 1313/863 1360/864
f 1360/864 1313/863 1397/865
f 1397/865 1313/863 1412/866
f 1412/866 1313/863 1373/867
f 1412/866 1373/867 1410/868
f 1410/868 1373/867 1408/869
f 545/870 596/871 519/872
f 519/872 596/871 436/873
f 436/873 596/871 412/874
f 412/874 596/871 476/875
f 412/874 476/875 410/876
f 412/874 410/876 349/877
f 410/876 476/875 408/878
f 408/878 476/875 420/879
f 420/879 476/875 594/880
f 420/879 594/880 473/881
f 473/881 594/880 528/882
f 528/882 594/880 592/883
f 3078/884 3070/885 3066/886
f 2169/887 2205/888 2195/889
f 3079/890 3067/891 3071/892
f 2170/893 2196/894 2206/895
f 3265/896 3259/897 3266/898
f 3266/898 3259/897 3260/899
f 3265/900 3385/901 3327/902
f 3265/900 3327/902 3259/903
f 3259/903 3327/902 3161/904
f 3259/903 3161/904 3163/905
f 3266/906 3260/907 3328/908
f 3266/906 3328/908 3386/909
f 3328/908 3260/907 3162/910
f 3162/910 3260/907 3164/911
f 3070/912 3114/913 3066/914
f 3070/915 3112/916 3114/917
f 3114/917 3112/916 3145/918
f 3145/918 3112/916 3131/919
f 3114/917 3145/918 3157/920
f 3157/920 3145/918 3131/919
f 3114/917 3157/920 3097/921
f 3114/917 3097/921 3066/922
f 3157/920 3131/919 3187/923
f 3157/920 3187/923 3097/921
f 3187/923 3131/919 3155/924
f 3097/921 3187/923 3143/925
f 3070/926 3090/927 3112/928
f 2195/929 2205/930 2119/931
f 2195/932 2119/933 2103/934
f 2103/934 2119/933 2091/935
f 2205/936 2117/937 2119/938
f 2119/938 2117/937 2089/939
f 2119/938 2089/939 2091/940
f 2089/939 2117/937 2053/941
f 2053/941 2117/937 2095/942
f 2091/940 2089/939 2101/943
f 2101/943 2089/939 2053/941
f 2091/940 2101/943 2103/944
f 2101/943 2053/941 2087/945
f 3259/946 3163/947 3260/948
f 3260/948 3163/947 3164/949
f 3067/950 3115/951 3071/952
f 3067/953 3098/954 3115/955
f 3144/956 3188/957 3098/954
f 3115/955 3098/954 3158/958
f 3158/958 3098/954 3188/957
f 3158/958 3188/957 3132/959
f 3132/959 3188/957 3156/960
f 3158/958 3132/959 3146/961
f 3158/958 3146/961 3115/955
f 3146/961 3132/959 3113/962
f 3146/961 3113/962 3115/955
f 3115/955 3113/962 3071/963
f 3067/964 3064/965 3098/966
f 2206/967 2196/968 2120/969
f 2206/970 2120/971 2118/972
f 1378/973 1363/974 1406/975
f 1406/975 1363/974 1400/976
f 1378/973 1406/975 1362/977
f 1406/975 1400/976 1404/978
f 1406/975 1404/978 1415/979
f 1399/980 1362/977 1415/979
f 1415/979 1404/978 1436/981
f 1415/979 1436/981 1399/980
f 1436/981 1404/978 1422/982
f 1399/980 1436/981 1413/983
f 2196/984 2104/985 2120/986
f 2120/986 2104/985 2092/987
f 2092/987 2104/985 2102/988
f 2120/986 2092/987 2090/989
f 2090/989 2092/987 2102/988
f 2120/986 2090/989 2118/990
f 2090/989 2102/988 2054/991
f 2090/989 2054/991 2118/990
f 2054/991 2102/988 2088/992
f 2118/990 2054/991 2096/993
f 2196/994 2122/995 2104/996
f 1023/997 1019/998 862/999
f 862/999 1019/998 861/1000
f 1019/998 1023/997 1166/1001
f 1019/998 1166/1001 1165/1002
f 2695/1003 2691/1004 2816/1005
f 2816/1005 2691/1004 2812/1006
f 2691/1004 2695/1003 2503/1007
f 2691/1004 2503/1007 2499/1008
f 2694/1009 2690/1010 2502/1011
f 2502/1011 2690/1010 2498/1012
f 2690/1010 2694/1009 2815/1013
f 2690/1010 2815/1013 2811/1014
f 2696/1015 2692/1016 2817/1017
f 2817/1017 2692/1016 2813/1018
f 2692/1016 2696/1015 2504/1019
f 2692/1016 2504/1019 2500/1020
f 2697/1021 2693/1022 2505/1023
f 2505/1023 2693/1022 2501/1024
f 2693/1022 2697/1021 2818/1025
f 2693/1022 2818/1025 2814/1026
f 1024/1027 1022/1028 1168/1029
f 1168/1029 1022/1028 1167/1030
f 1022/1028 1024/1027 864/1031
f 1022/1028 864/1031 863/1032
f 1019/1033 1165/1034 1051/1035
f 1019/1033 1051/1035 861/1036
f 1051/1035 1165/1034 1110/1037
f 861/1036 1051/1035 938/1038
f 1110/1037 1165/1034 1229/1039
f 861/1036 938/1038 768/1040
f 1110/1037 1229/1039 1134/1041
f 768/1040 938/1038 912/1042
f 1134/1041 1229/1039 1251/1043
f 768/1040 912/1042 756/1044
f 1134/1041 1251/1043 1079/1045
f 756/1044 912/1042 970/1046
f 1079/1045 1251/1043 1185/1047
f 756/1044 970/1046 828/1048
f 1079/1045 1185/1047 1075/1049
f 828/1048 970/1046 986/1050
f 1079/1045 1075/1049 1059/1051
f 986/1050 970/1046 1059/1051
f 986/1050 1059/1051 1075/1049
f 2691/1052 2499/1053 2682/1054
f 2691/1052 2682/1054 2812/1055
f 2682/1054 2499/1053 2547/1056
f 2812/1055 2682/1054 2778/1057
f 2547/1056 2499/1053 2343/1058
f 2812/1055 2778/1057 2933/1059
f 2547/1056 2343/1058 2490/1060
f 2933/1059 2778/1057 2805/1061
f 2490/1060 2343/1058 2321/1062
f 2933/1059 2805/1061 2949/1063
f 2490/1060 2321/1062 2406/1064
f 2949/1063 2805/1061 2905/1065
f 2490/1060 2406/1064 2587/1066
f 2905/1065 2805/1061 2760/1067
f 2587/1066 2406/1064 2585/1068
f 2905/1065 2760/1067 2752/1069
f 2587/1066 2585/1068 2656/1070
f 2752/1069 2760/1067 2656/1070
f 2752/1069 2656/1070 2585/1068
f 1018/1071 1017/1072 904/1073
f 904/1073 1017/1072 887/1074
f 1017/1072 1018/1071 1153/1075
f 1017/1072 1153/1075 1155/1076
f 1018/1077 904/1078 1050/1079
f 1018/1077 1050/1079 1153/1080
f 1050/1079 904/1078 972/1081
f 1153/1080 1050/1079 1101/1082
f 972/1081 904/1078 914/1083
f 1153/1080 1101/1082 1226/1084
f 914/1083 904/1078 775/1085
f 1226/1084 1101/1082 1138/1086
f 914/1083 775/1085 760/1087
f 1226/1084 1138/1086 1238/1088
f 914/1083 760/1087 892/1089
f 1238/1088 1138/1086 1123/1090
f 892/1089 760/1087 798/1091
f 1238/1088 1123/1090 1195/1092
f 892/1089 798/1091 948/1093
f 1195/1092 1123/1090 1077/1094
f 948/1093 798/1091 934/1095
f 1195/1092 1077/1094 1084/1096
f 948/1093 934/1095 996/1097
f 1084/1096 1077/1094 996/1097
f 1084/1096 996/1097 934/1095
f 2690/1098 2811/1099 2684/1100
f 2690/1098 2684/1100 2498/1101
f 2684/1100 2811/1099 2772/1102
f 2498/1101 2684/1100 2568/1103
f 2772/1102 2811/1099 2924/1104
f 2498/1101 2568/1103 2386/1105
f 2772/1102 2924/1104 2808/1106
f 2386/1105 2568/1103 2493/1107
f 2808/1106 2924/1104 2954/1108
f 2386/1105 2493/1107 2323/1109
f 2808/1106 2954/1108 2787/1110
f 2323/1109 2493/1107 2539/1111
f 2787/1110 2954/1108 2909/1112
f 2323/1109 2539/1111 2397/1113
f 2787/1110 2909/1112 2782/1114
f 2397/1113 2539/1111 2530/1115
f 2787/1110 2782/1114 2742/1116
f 2530/1115 2539/1111 2603/1117
f 2742/1116 2782/1114 2676/1118
f 2530/1115 2603/1117 2676/1118
f 2530/1115 2676/1118 2782/1114
f 2692/1119 2500/1120 2685/1121
f 2692/1119 2685/1121 2813/1122
f 2685/1121 2500/1120 2569/1123
f 2813/1122 2685/1121 2773/1124
f 2569/1123 2500/1120 2388/1125
f 2813/1122 2773/1124 2926/1126
f 2569/1123 2388/1125 2495/1127
f 2926/1126 2773/1124 2810/1128
f 2495/1127 2388/1125 2324/1129
f 2926/1126 2810/1128 2956/1130
f 2495/1127 2324/1129 2540/1131
f 2956/1130 2810/1128 2788/1132
f 2540/1131 2324/1129 2398/1133
f 2956/1130 2788/1132 2910/1134
f 2540/1131 2398/1133 2532/1135
f 2910/1134 2788/1132 2784/1136
f 2540/1131 2532/1135 2604/1137
f 2784/1136 2788/1132 2743/1138
f 2604/1137 2532/1135 2677/1139
f 2784/1136 2743/1138 2677/1139
f 2784/1136 2677/1139 2532/1135
f 1020/1140 1021/1141 905/1142
f 1020/1140 905/1142 888/1143
f 1021/1141 1020/1140 1154/1144
f 1154/1144 1020/1140 1156/1145
f 1021/1146 1154/1147 1053/1148
f 1021/1146 1053/1148 905/1149
f 1053/1148 1154/1147 1103/1150
f 905/1149 1053/1148 973/1151
f 1103/1150 1154/1147 1228/1152
f 905/1149 973/1151 915/1153
f 1103/1150 1228/1152 1139/1154
f 905/1149 915/1153 777/1155
f 1139/1154 1228/1152 1240/1156
f 777/1155 915/1153 761/1157
f 1139/1154 1240/1156 1124/1158
f 761/1157 915/1153 893/1159
f 1124/1158 1240/1156 1196/1160
f 761/1157 893/1159 800/1161
f 1124/1158 1196/1160 1078/1162
f 800/1161 893/1159 949/1163
f 1078/1162 1196/1160 1085/1164
f 800/1161 949/1163 935/1165
f 1078/1162 1085/1164 997/1166
f 935/1165 949/1163 997/1166
f 935/1165 997/1166 1085/1164
f 2693/1167 2814/1168 2683/1169
f 2693/1167 2683/1169 2501/1170
f 2683/1169 2814/1168 2779/1171
f 2501/1170 2683/1169 2548/1172
f 2779/1171 2814/1168 2934/1173
f 2501/1170 2548/1172 2344/1174
f 2779/1171 2934/1173 2806/1175
f 2344/1174 2548/1172 2491/1176
f 2806/1175 2934/1173 2951/1177
f 2344/1174 2491/1176 2322/1178
f 2806/1175 2951/1177 2907/1179
f 2322/1178 2491/1176 2408/1180
f 2806/1175 2907/1179 2761/1181
f 2408/1180 2491/1176 2588/1182
f 2761/1181 2907/1179 2753/1183
f 2408/1180 2588/1182 2586/1184
f 2761/1181 2753/1183 2657/1185
f 2586/1184 2588/1182 2657/1185
f 2586/1184 2657/1185 2753/1183
f 1022/1186 863/1187 1054/1188
f 1022/1186 1054/1188 1167/1189
f 1054/1188 863/1187 939/1190
f 1167/1189 1054/1188 1111/1191
f 939/1190 863/1187 770/1192
f 1167/1189 1111/1191 1231/1193
f 939/1190 770/1192 913/1194
f 1231/1193 1111/1191 1135/1195
f 913/1194 770/1192 758/1196
f 1231/1193 1135/1195 1253/1197
f 913/1194 758/1196 971/1198
f 1253/1197 1135/1195 1080/1199
f 971/1198 758/1196 829/1200
f 1253/1197 1080/1199 1186/1201
f 971/1198 829/1200 987/1202
f 1186/1201 1080/1199 1076/1203
f 971/1198 987/1202 1060/1204
f 1076/1203 1080/1199 1060/1204
f 1076/1203 1060/1204 987/1202
f 524/1205 445/1206 425/1207
f 425/1207 445/1206 423/1208
f 423/1208 445/1206 516/1209
f 423/1208 516/1209 514/1210
f 423/1208 514/1210 401/1211
f 401/1211 514/1210 421/1212
f 421/1212 514/1210 433/1213
f 433/1213 514/1210 431/1214
f 433/1213 431/1214 356/1215
f 524/1216 516/1217 445/1218
f 1360/1219 1414/1220 1405/1221
f 1360/1222 1397/1223 1414/1224
f 1414/1224 1397/1223 1435/1225
f 1435/1225 1397/1223 1412/1226
f 3385/1227 3386/1228 3327/1229
f 3327/1229 3386/1228 3328/1230
f 3327/1229 3328/1230 3162/1231
f 3327/1229 3162/1231 3161/1232
f 1362/1233 1406/1234 1415/1235
f 1363/1236 1376/1237 1400/1238
f 2816/1239 2812/1240 2935/1241
f 2935/1241 2812/1240 2933/1242
f 2503/1243 2345/1244 2499/1245
f 2499/1245 2345/1244 2343/1246
f 2343/1246 2345/1244 2310/1247
f 2343/1246 2310/1247 2321/1248
f 2815/1249 2923/1250 2811/1251
f 2502/1252 2498/1253 2385/1254
f 2385/1254 2498/1253 2386/1255
f 2385/1254 2386/1255 2312/1256
f 2312/1256 2386/1255 2323/1257
f 2817/1258 2813/1259 2925/1260
f 2925/1260 2813/1259 2926/1261
f 2504/1262 2387/1263 2500/1264
f 2500/1264 2387/1263 2388/1265
f 2388/1265 2387/1263 2313/1266
f 2818/1267 2936/1268 2814/1269
f 2814/1269 2936/1268 2934/1270
f 2505/1271 2501/1272 2346/1273
f 2346/1273 2501/1272 2344/1274
f 2346/1273 2344/1274 2311/1275
f 2311/1275 2344/1274 2322/1276
f 862/1277 861/1278 769/1279
f 769/1279 861/1278 768/1280
f 1166/1281 1230/1282 1165/1283
f 1165/1283 1230/1282 1229/1284
f 1229/1284 1230/1282 1252/1285
f 1229/1284 1252/1285 1251/1286
f 1928/1287 6/1288 1925/1289
f 1925/1289 6/1288 8/1290
f 8/1290 6/1288 259/1291
f 8/1290 259/1291 257/1292
f 257/1292 259/1291 267/1293
f 267/1293 259/1291 268/1294
f 268/1294 259/1291 260/1295
f 1928/1296 1927/1297 6/1298
f 6/1298 1927/1297 7/1299
f 6/1298 7/1299 259/1300
f 259/1300 7/1299 260/1301
f 7/1299 1927/1297 1929/1302
f 7/1299 1929/1302 1930/1303
f 1929/1302 1927/1297 2722/1304
f 1929/1302 2722/1304 2723/1305
f 1928/1306 1925/1307 1936/1308
f 1936/1308 1925/1307 1923/1309
f 1936/1308 1923/1309 1932/1310
f 1932/1310 1923/1309 1951/1311
f 1932/1310 1951/1311 2012/1312
f 1928/1313 1936/1314 1935/1315
f 1928/1313 1935/1315 1927/1316
f 1935/1315 1936/1314 1931/1317
f 1931/1317 1936/1314 1932/1318
f 1931/1317 1932/1318 2012/1319
f 1931/1317 2012/1319 2011/1320
f 1931/1317 2011/1320 2107/1321
f 2107/1321 2011/1320 2147/1322
f 887/1323 775/1324 904/1325
f 887/1326 774/1327 775/1328
f 1155/1329 1153/1330 1226/1331
f 1155/1329 1226/1331 1225/1332
f 1225/1332 1226/1331 1237/1333
f 1237/1333 1226/1331 1238/1334
f 2811/1335 2923/1336 2924/1337
f 2722/1338 1927/1339 1935/1340
f 2722/1338 1935/1340 2720/1341
f 2722/1342 2720/1343 2733/1344
f 2733/1344 2720/1343 2729/1345
f 2729/1345 2720/1343 2716/1346
f 2722/1347 2733/1348 2723/1349
f 2723/1349 2733/1348 2734/1350
f 2723/1349 2734/1350 2721/1351
f 2734/1350 2733/1348 2729/1352
f 2734/1350 2729/1352 2730/1353
f 2723/1354 2721/1355 1937/1356
f 2723/1354 1937/1356 1929/1357
f 1929/1358 1937/1359 1930/1360
f 1930/1360 1937/1359 1938/1361
f 1930/1360 1938/1361 1926/1362
f 1938/1361 1937/1359 1933/1363
f 1938/1361 1933/1363 1934/1364
f 1934/1364 1933/1363 2014/1365
f 2014/1365 1933/1363 2013/1366
f 2013/1366 1933/1363 2108/1367
f 2013/1366 2108/1367 2148/1368
f 888/1369 905/1370 777/1371
f 888/1369 777/1371 776/1372
f 1156/1373 1227/1374 1228/1375
f 1156/1373 1228/1375 1154/1376
f 1228/1375 1227/1374 1239/1377
f 1228/1375 1239/1377 1240/1378
f 1930/1379 1926/1380 7/1381
f 7/1381 1926/1380 9/1382
f 7/1381 9/1382 260/1383
f 260/1383 9/1382 258/1384
f 260/1383 258/1384 268/1385
f 268/1385 258/1384 256/1386
f 268/1385 256/1386 264/1387
f 264/1387 256/1386 290/1388
f 264/1387 290/1388 347/1389
f 863/1390 864/1391 771/1392
f 863/1390 771/1392 770/1393
f 1167/1394 1231/1395 1232/1396
f 1167/1394 1232/1396 1168/1397
f 1232/1396 1231/1395 1254/1398
f 1254/1398 1231/1395 1253/1399
f 1925/1400 8/1401 1708/1402
f 1925/1400 1708/1402 1899/1403
f 1925/1400 1899/1403 1923/1404
f 1923/1404 1899/1403 1877/1405
f 1923/1404 1877/1405 1951/1406
f 15/1407 1706/1408 1708/1402
f 15/1407 1708/1402 8/1401
f 15/1407 8/1401 18/1409
f 15/1407 18/1409 32/1410
f 18/1409 8/1401 20/1411
f 32/1410 18/1409 34/1412
f 20/1411 8/1401 201/1413
f 32/1410 34/1412 189/1414
f 201/1413 8/1401 257/1415
f 32/1410 189/1414 207/1416
f 201/1413 257/1415 219/1417
f 207/1416 189/1414 217/1418
f 219/1417 257/1415 255/1419
f 219/1417 255/1419 217/1418
f 207/1416 217/1418 227/1420
f 227/1420 217/1418 255/1419
f 227/1420 255/1419 289/1421
f 257/1422 267/1423 255/1424
f 255/1424 267/1423 262/1425
f 267/1426 268/1427 266/1428
f 266/1428 268/1427 264/1429
f 266/1428 264/1429 263/1430
f 267/1426 266/1428 265/1431
f 267/1426 265/1431 262/1432
f 262/1432 265/1431 261/1433
f 2720/1434 1935/1435 2716/1436
f 2716/1436 1935/1435 2589/1437
f 2589/1437 1935/1435 2492/1438
f 2492/1438 1935/1435 1931/1439
f 2492/1438 1931/1439 2535/1440
f 2535/1440 1931/1439 2335/1441
f 2335/1441 1931/1439 2107/1442
f 2335/1441 2107/1442 2290/1443
f 2535/1440 2335/1441 2630/1444
f 2630/1444 2335/1441 2883/1445
f 2630/1444 2883/1445 2739/1446
f 2739/1446 2883/1445 2785/1447
f 2785/1447 2883/1445 3010/1448
f 3010/1448 2883/1445 2941/1449
f 2785/1447 3010/1448 2807/1450
f 2807/1450 3010/1448 3020/1451
f 2807/1450 3020/1451 2762/1452
f 2762/1452 3020/1451 2729/1453
f 2762/1452 2729/1453 2716/1436
f 2734/1454 2730/1455 2721/1456
f 2721/1456 2730/1455 2717/1457
f 2721/1456 2717/1457 1937/1458
f 2717/1457 2730/1455 2763/1459
f 1937/1458 2717/1457 2590/1460
f 2763/1459 2730/1455 3022/1461
f 1937/1458 2590/1460 2494/1462
f 2763/1459 3022/1461 2809/1463
f 1937/1458 2494/1462 1933/1464
f 2809/1463 3022/1461 3012/1465
f 1933/1464 2494/1462 2537/1466
f 2809/1463 3012/1465 2786/1467
f 1933/1464 2537/1466 2336/1468
f 1933/1464 2336/1468 2108/1469
f 2108/1469 2336/1468 2292/1470
f 2336/1468 2537/1466 2631/1471
f 2336/1468 2631/1471 2884/1472
f 2786/1467 3012/1465 2884/1472
f 2884/1472 3012/1465 2943/1473
f 2786/1467 2884/1472 2740/1474
f 2740/1474 2884/1472 2631/1471
f 1938/1475 1934/1476 1924/1477
f 1938/1475 1924/1477 1926/1478
f 1952/1479 1880/1480 1924/1477
f 1924/1477 1880/1480 1900/1481
f 1924/1477 1900/1481 1926/1478
f 1926/1478 1900/1481 1709/1482
f 1926/1478 1709/1482 9/1483
f 9/1483 1709/1482 17/1484
f 17/1484 1709/1482 1707/1485
f 1707/1485 1709/1482 1747/1486
f 1707/1485 1747/1486 1729/1487
f 9/1483 17/1484 19/1488
f 19/1488 17/1484 33/1489
f 9/1483 19/1488 21/1490
f 19/1488 33/1489 35/1491
f 9/1483 21/1490 202/1492
f 35/1491 33/1489 190/1493
f 9/1483 202/1492 258/1494
f 190/1493 33/1489 208/1495
f 258/1494 202/1492 220/1496
f 190/1493 208/1495 218/1497
f 258/1494 220/1496 256/1498
f 256/1498 220/1496 218/1497
f 218/1497 208/1495 229/1499
f 218/1497 229/1499 256/1498
f 256/1498 229/1499 290/1500
f 265/1501 859/1502 900/1503
f 900/1503 859/1502 902/1504
f 265/1501 900/1503 261/1505
f 900/1503 902/1504 1287/1506
f 261/1505 900/1503 894/1507
f 894/1507 900/1503 956/1508
f 956/1508 900/1503 1011/1509
f 1100/1510 1011/1509 1287/1506
f 1100/1510 1287/1506 1136/1511
f 1136/1511 1287/1506 1285/1512
f 1136/1511 1285/1512 1108/1513
f 1108/1513 1285/1512 1067/1514
f 1067/1514 1285/1512 1279/1515
f 1067/1514 1279/1515 988/1516
f 988/1516 1279/1515 787/1517
f 894/1507 787/1517 261/1505
f 261/1505 787/1517 508/1518
f 988/1516 787/1517 936/1519
f 936/1519 787/1517 894/1507
f 265/1520 266/1521 860/1522
f 265/1520 860/1522 859/1523
f 859/1524 860/1525 903/1526
f 859/1524 903/1526 902/1527
f 266/1528 901/1529 860/1530
f 860/1530 901/1529 903/1531
f 901/1529 266/1528 263/1532
f 903/1531 901/1529 1288/1533
f 901/1529 263/1532 895/1534
f 901/1529 895/1534 957/1535
f 901/1529 957/1535 1012/1536
f 1102/1537 1288/1533 1012/1536
f 1288/1533 1102/1537 1137/1538
f 1288/1533 1137/1538 1286/1539
f 1286/1539 1137/1538 1109/1540
f 1286/1539 1109/1540 1068/1541
f 1286/1539 1068/1541 1281/1542
f 1281/1542 1068/1541 989/1543
f 1281/1542 989/1543 790/1544
f 895/1534 263/1532 790/1544
f 790/1544 263/1532 510/1545
f 790/1544 989/1543 937/1546
f 790/1544 937/1546 895/1534
f 2688/1547 2686/1548 2731/1549
f 2731/1549 2686/1548 2718/1550
f 2688/1551 2632/1552 2686/1553
f 2686/1553 2632/1552 2646/1554
f 2689/1555 2687/1556 2633/1557
f 2633/1557 2687/1556 2647/1558
f 2689/1559 2732/1560 2687/1561
f 2687/1561 2732/1560 2719/1562
f 1405/1563 1414/1564 1403/1565
f 1405/1563 1403/1565 1398/1566
f 2686/1567 2646/1568 2718/1569
f 1414/1570 1435/1571 1403/1572
f 3159/1573 3160/1574 3133/1575
f 3133/1575 3160/1574 3134/1576
f 3159/1577 3277/1578 3308/1579
f 3159/1580 3173/1581 3277/1582
f 3173/1581 3159/1580 3133/1583
f 3510/1584 3499/1585 3508/1586
f 3508/1586 3499/1585 3497/1587
f 3508/1586 3497/1587 3502/1588
f 3160/1589 3309/1590 3278/1591
f 3160/1592 3174/1593 3134/1594
f 3174/1593 3160/1592 3278/1595
f 2687/1596 2719/1597 2647/1598
f 1015/1599 1013/1600 992/1601
f 992/1601 1013/1600 998/1602
f 1015/1603 1063/1604 1013/1605
f 1013/1605 1063/1604 1052/1606
f 3112/1607 3090/1608 3131/1609
f 3131/1609 3090/1608 3086/1610
f 3131/1609 3086/1610 3155/1611
f 3155/1611 3086/1610 3128/1612
f 3128/1612 3086/1610 3110/1613
f 3110/1613 3086/1610 3106/1614
f 3110/1613 3106/1614 3171/1615
f 3106/1614 3086/1610 3082/1616
f 2103/1617 2101/1618 2121/1619
f 2121/1619 2101/1618 2153/1620
f 2153/1620 2101/1618 2087/1621
f 1899/1622 1708/1623 1896/1624
f 1896/1624 1708/1623 1745/1625
f 1899/1626 1896/1627 1876/1628
f 1899/1626 1876/1628 1877/1629
f 1876/1628 1896/1627 1885/1630
f 1876/1628 1885/1630 1882/1631
f 1885/1630 1896/1627 1892/1632
f 1892/1632 1896/1627 1895/1633
f 1892/1632 1895/1633 1891/1634
f 1891/1634 1895/1633 1887/1635
f 1891/1634 1887/1635 1888/1636
f 1876/1628 1882/1631 1875/1637
f 1875/1637 1882/1631 1881/1638
f 1875/1637 1881/1638 1873/1639
f 1875/1637 1873/1639 1869/1640
f 1875/1637 1869/1640 1871/1641
f 1708/1642 1706/1643 1745/1644
f 1745/1644 1706/1643 1727/1645
f 3308/1646 3277/1647 3306/1648
f 3306/1648 3277/1647 3274/1649
f 3098/1650 3064/1651 3144/1652
f 3144/1652 3064/1651 3089/1653
f 3144/1652 3089/1653 3142/1654
f 3144/1652 3142/1654 3186/1655
f 3186/1655 3142/1654 3184/1656
f 3142/1654 3089/1653 3077/1657
f 3142/1654 3077/1657 3129/1658
f 3129/1658 3077/1657 3107/1659
f 3129/1658 3107/1659 3172/1660
f 3309/1661 3307/1662 3278/1663
f 3278/1663 3307/1662 3276/1664
f 2104/1665 2122/1666 2102/1667
f 1900/1668 1898/1669 1709/1670
f 1709/1670 1898/1669 1747/1671
f 1900/1672 1879/1673 1898/1674
f 1879/1673 1900/1672 1880/1675
f 1898/1674 1879/1673 1886/1676
f 1886/1676 1879/1673 1884/1677
f 1898/1674 1886/1676 1894/1678
f 1898/1674 1894/1678 1897/1679
f 1897/1679 1894/1678 1893/1680
f 1897/1679 1893/1680 1889/1681
f 1889/1681 1893/1680 1890/1682
f 1884/1677 1879/1673 1878/1683
f 1884/1677 1878/1683 1883/1684
f 1883/1684 1878/1683 1874/1685
f 1874/1685 1878/1683 1870/1686
f 1870/1686 1878/1683 1872/1687
f 1016/1688 1014/1689 1064/1690
f 1016/1691 993/1692 1014/1693
f 1014/1693 993/1692 999/1694
f 1400/1695 1376/1696 1404/1697
f 1404/1697 1376/1696 1372/1698
f 1013/1699 1052/1700 998/1701
f 20/1702 201/1703 26/1704
f 26/1704 201/1703 199/1705
f 20/1706 26/1707 18/1708
f 18/1708 26/1707 22/1709
f 201/1710 219/1711 199/1712
f 199/1712 219/1711 215/1713
f 215/1713 219/1711 217/1714
f 215/1713 217/1714 209/1715
f 2718/1716 2646/1717 2682/1718
f 2718/1719 2682/1720 2731/1721
f 2646/1722 2632/1723 2682/1724
f 1896/1725 1745/1726 1895/1727
f 1895/1727 1745/1726 1744/1728
f 1745/1729 1741/1730 1744/1731
f 1744/1731 1741/1730 1740/1732
f 1744/1731 1740/1732 1736/1733
f 1736/1733 1740/1732 1737/1734
f 1741/1730 1745/1729 1734/1735
f 1734/1735 1745/1729 1727/1736
f 1734/1735 1727/1736 1731/1737
f 1731/1737 1727/1736 1726/1738
f 1731/1737 1726/1738 1730/1739
f 1730/1739 1726/1738 1724/1740
f 1724/1740 1726/1738 1750/1741
f 1895/1742 1744/1743 1887/1744
f 1887/1744 1744/1743 1736/1745
f 3277/1746 3173/1747 3274/1748
f 3274/1748 3173/1747 3092/1749
f 3274/1748 3092/1749 3080/1750
f 3274/1748 3080/1750 3330/1751
f 3080/1750 3092/1749 3044/1752
f 3080/1750 3044/1752 3011/1753
f 3044/1752 3092/1749 3063/1754
f 3011/1753 3044/1752 3021/1755
f 3021/1755 3044/1752 3063/1754
f 3173/1756 3133/1757 3092/1758
f 3092/1758 3133/1757 3063/1759
f 3063/1759 3133/1757 3021/1760
f 3021/1760 3133/1757 3020/1761
f 3020/1761 3133/1757 3134/1762
f 3020/1761 3134/1762 3022/1763
f 3020/1761 3022/1763 2729/1764
f 2729/1764 3022/1763 2730/1765
f 3022/1763 3134/1762 3023/1766
f 3023/1766 3134/1762 3065/1767
f 3065/1767 3134/1762 3093/1768
f 3093/1768 3134/1762 3174/1769
f 3021/1770 3020/1771 3011/1772
f 3011/1772 3020/1771 3010/1773
f 902/1774 903/1775 1287/1776
f 1287/1776 903/1775 1288/1777
f 1395/1778 1336/1779 1287/1776
f 1395/1778 1287/1776 1446/1780
f 1446/1780 1287/1776 1463/1781
f 1446/1780 1463/1781 1464/1782
f 1463/1781 1287/1776 1288/1777
f 1337/1783 1396/1784 1288/1777
f 1288/1777 1396/1784 1447/1785
f 1288/1777 1447/1785 1465/1786
f 1288/1777 1465/1786 1463/1781
f 1465/1786 1447/1785 1466/1787
f 1463/1781 1465/1786 1627/1788
f 1627/1788 1465/1786 1609/1789
f 1463/1781 1627/1788 1607/1790
f 1607/1790 1627/1788 1628/1791
f 3022/1792 3023/1793 3012/1794
f 3012/1794 3023/1793 3013/1795
f 3023/1796 3065/1797 3045/1798
f 3023/1796 3045/1798 3013/1799
f 3065/1800 3093/1801 3045/1802
f 3045/1802 3093/1801 3081/1803
f 3045/1802 3081/1803 3013/1804
f 3174/1805 3278/1806 3276/1807
f 3174/1805 3276/1807 3093/1808
f 3093/1808 3276/1807 3081/1809
f 3081/1809 3276/1807 3331/1810
f 3331/1810 3276/1807 3353/1811
f 1897/1812 1746/1813 1747/1814
f 1897/1812 1747/1814 1898/1815
f 1897/1816 1889/1817 1746/1818
f 1746/1818 1889/1817 1738/1819
f 1746/1820 1742/1821 1743/1822
f 1742/1821 1746/1820 1738/1823
f 1742/1821 1738/1823 1739/1824
f 1746/1820 1743/1822 1747/1825
f 1747/1825 1743/1822 1735/1826
f 1747/1825 1735/1826 1729/1827
f 1729/1827 1735/1826 1733/1828
f 1729/1827 1733/1828 1728/1829
f 1728/1829 1733/1828 1732/1830
f 1728/1829 1732/1830 1725/1831
f 1728/1829 1725/1831 1751/1832
f 1728/1829 1751/1832 1723/1833
f 2732/1834 2683/1835 2719/1836
f 2633/1837 2647/1838 2683/1839
f 2719/1840 2683/1841 2647/1842
f 21/1843 28/1844 202/1845
f 202/1845 28/1844 200/1846
f 21/1847 19/1848 28/1849
f 28/1849 19/1848 24/1850
f 202/1851 200/1852 220/1853
f 220/1853 200/1852 216/1854
f 1014/1855 999/1856 1055/1857
f 1014/1858 1055/1859 1064/1860
f 942/1861 940/1862 898/1863
f 898/1863 940/1862 920/1864
f 942/1865 958/1866 940/1867
f 940/1867 958/1866 959/1868
f 1114/1869 1112/1870 1090/1871
f 1090/1871 1112/1870 1104/1872
f 1114/1873 1151/1874 1112/1875
f 199/1876 197/1877 26/1878
f 26/1878 197/1877 27/1879
f 199/1880 215/1881 197/1882
f 197/1882 215/1881 213/1883
f 2835/1884 2833/1885 2885/1886
f 2885/1886 2833/1885 2865/1887
f 2835/1888 2825/1889 2833/1890
f 2833/1890 2825/1889 2826/1891
f 2468/1892 2484/1893 2496/1894
f 2468/1895 2410/1896 2484/1897
f 2484/1897 2410/1896 2420/1898
f 2684/1899 2716/1900 2568/1901
f 2568/1901 2716/1900 2589/1902
f 2716/1900 2684/1899 2772/1903
f 2716/1900 2772/1903 2762/1904
f 900/1905 1287/1906 1011/1907
f 901/1908 1012/1909 1288/1910
f 2685/1911 2717/1912 2773/1913
f 2773/1913 2717/1912 2763/1914
f 2717/1912 2685/1911 2569/1915
f 2717/1912 2569/1915 2590/1916
f 2836/1917 2886/1918 2834/1919
f 2834/1919 2886/1918 2866/1920
f 2836/1921 2834/1922 2827/1923
f 2827/1923 2834/1922 2828/1924
f 2469/1925 2485/1926 2411/1927
f 2411/1927 2485/1926 2421/1928
f 2469/1929 2497/1930 2485/1931
f 2485/1931 2497/1930 2483/1932
f 200/1933 28/1934 198/1935
f 198/1935 28/1934 29/1936
f 200/1937 198/1938 216/1939
f 216/1939 198/1938 214/1940
f 943/1941 899/1942 941/1943
f 941/1943 899/1942 921/1944
f 943/1945 941/1946 960/1947
f 960/1947 941/1946 961/1948
f 1115/1949 1113/1950 1152/1951
f 1115/1952 1091/1953 1113/1954
f 1113/1954 1091/1953 1105/1955
f 940/1956 959/1957 920/1958
f 920/1958 959/1957 918/1959
f 998/1960 1052/1961 1009/1962
f 998/1963 1009/1964 992/1965
f 1052/1966 1063/1967 1009/1968
f 1112/1969 1151/1970 1144/1971
f 1112/1972 1144/1973 1104/1974
f 1104/1974 1144/1973 1142/1975
f 898/1976 920/1977 916/1978
f 1051/1979 1048/1980 954/1981
f 1051/1979 954/1981 938/1982
f 1051/1983 1110/1984 1098/1985
f 1051/1983 1098/1985 1048/1986
f 1151/1987 1140/1988 1144/1989
f 1144/1989 1140/1988 1142/1990
f 27/1991 197/1992 116/1993
f 116/1993 197/1992 213/1994
f 27/1991 116/1993 72/1995
f 27/1991 72/1995 23/1996
f 23/1996 72/1995 68/1997
f 23/1996 68/1997 37/1998
f 37/1998 68/1997 112/1999
f 116/1993 213/1994 145/2000
f 116/1993 145/2000 112/1999
f 145/2000 213/1994 173/2001
f 112/1999 145/2000 143/2002
f 112/1999 143/2002 37/1998
f 173/2001 213/1994 210/2003
f 37/1998 143/2002 178/2004
f 173/2001 210/2003 171/2005
f 178/2004 143/2002 171/2005
f 178/2004 171/2005 210/2003
f 27/2006 23/2007 26/2008
f 26/2008 23/2007 22/2009
f 2833/2010 2826/2011 2865/2012
f 2865/2012 2826/2011 2863/2013
f 2484/2014 2420/2015 2482/2016
f 2482/2016 2420/2015 2428/2017
f 2484/2018 2482/2019 2496/2020
f 2885/2021 2865/2022 2861/2023
f 2682/2024 2680/2025 2770/2026
f 2682/2024 2770/2026 2778/2027
f 2682/2028 2547/2029 2566/2030
f 2682/2028 2566/2030 2680/2031
f 2410/2032 2426/2033 2420/2034
f 2420/2034 2426/2033 2428/2035
f 1050/2036 1011/2037 1100/2038
f 1050/2036 1100/2038 1101/2039
f 1011/2037 1050/2036 972/2040
f 1011/2037 972/2040 956/2041
f 2924/2042 2923/2043 2953/2044
f 2924/2042 2953/2044 2954/2045
f 2954/2045 2953/2044 2917/2046
f 2954/2045 2917/2046 2909/2047
f 1012/2048 1053/2049 1102/2050
f 1102/2050 1053/2049 1103/2051
f 1053/2049 1012/2048 973/2052
f 973/2052 1012/2048 957/2053
f 2925/2054 2926/2055 2955/2056
f 2955/2056 2926/2055 2956/2057
f 2955/2056 2956/2057 2918/2058
f 2918/2058 2956/2057 2910/2059
f 2388/2060 2313/2061 2324/2062
f 2886/2063 2862/2064 2866/2065
f 2683/2066 2681/2067 2567/2068
f 2683/2066 2567/2068 2548/2069
f 2681/2067 2683/2066 2771/2070
f 2771/2070 2683/2066 2779/2071
f 2411/2072 2421/2073 2427/2074
f 2427/2074 2421/2073 2429/2075
f 28/2076 24/2077 25/2078
f 28/2076 25/2078 29/2079
f 2834/2080 2866/2081 2828/2082
f 2828/2082 2866/2081 2864/2083
f 2485/2084 2483/2085 2421/2086
f 2421/2086 2483/2085 2429/2087
f 29/2088 74/2089 118/2090
f 74/2089 29/2088 25/2091
f 29/2088 118/2090 198/2092
f 74/2089 25/2091 70/2093
f 70/2093 25/2091 39/2094
f 198/2092 118/2090 214/2095
f 70/2093 39/2094 114/2096
f 146/2097 118/2090 114/2096
f 118/2090 146/2097 214/2095
f 114/2096 39/2094 144/2098
f 114/2096 144/2098 146/2097
f 214/2095 146/2097 174/2099
f 214/2095 174/2099 212/2100
f 212/2100 174/2099 172/2101
f 212/2100 172/2101 180/2102
f 144/2098 39/2094 180/2102
f 144/2098 180/2102 172/2101
f 146/2097 144/2098 150/2103
f 150/2103 144/2098 148/2104
f 150/2103 148/2104 168/2105
f 150/2103 168/2105 170/2106
f 899/2107 917/2108 921/2109
f 993/2110 1010/2111 999/2112
f 1054/2113 1049/2114 1099/2115
f 1054/2113 1099/2115 1111/2116
f 1049/2114 1054/2113 955/2117
f 955/2117 1054/2113 939/2118
f 1064/2119 1055/2120 1010/2121
f 1152/2122 1113/2123 1145/2124
f 1152/2125 1145/2126 1141/2127
f 1141/2127 1145/2126 1143/2128
f 941/2129 921/2130 961/2131
f 961/2131 921/2130 919/2132
f 999/2133 1010/2134 1055/2135
f 1113/2136 1105/2137 1145/2138
f 1145/2138 1105/2137 1143/2139
f 1048/2140 1098/2141 1061/2142
f 1061/2142 1098/2141 1125/2143
f 1048/2140 1061/2142 980/2144
f 1048/2140 980/2144 954/2145
f 954/2145 980/2144 926/2146
f 920/2147 918/2148 916/2149
f 2935/2150 2933/2151 2950/2152
f 2950/2152 2933/2151 2949/2153
f 2950/2152 2949/2153 2905/2154
f 2950/2152 2905/2154 2906/2155
f 2680/2156 2566/2157 2658/2158
f 2658/2158 2566/2157 2541/2159
f 2680/2156 2658/2158 2754/2160
f 2680/2156 2754/2160 2770/2161
f 2770/2161 2754/2160 2789/2162
f 2865/2163 2863/2164 2861/2165
f 972/2166 914/2167 956/2168
f 956/2168 914/2167 894/2169
f 894/2169 914/2167 892/2170
f 973/2171 957/2172 915/2173
f 915/2173 957/2172 895/2174
f 915/2173 895/2174 893/2175
f 2866/2176 2862/2177 2864/2178
f 2681/2179 2771/2180 2755/2181
f 2755/2181 2771/2180 2790/2182
f 2681/2179 2755/2181 2659/2183
f 2681/2179 2659/2183 2567/2184
f 2567/2184 2659/2183 2542/2185
f 2936/2186 2952/2187 2934/2188
f 2934/2188 2952/2187 2951/2189
f 2951/2189 2952/2187 2907/2190
f 2907/2190 2952/2187 2908/2191
f 921/2192 917/2193 919/2194
f 1049/2195 955/2196 981/2197
f 981/2197 955/2196 927/2198
f 1049/2195 981/2197 1062/2199
f 1049/2195 1062/2199 1099/2200
f 1099/2200 1062/2199 1126/2201
f 959/2202 958/2203 916/2204
f 959/2202 916/2204 918/2205
f 1104/2206 1142/2207 1140/2208
f 1104/2206 1140/2208 1090/2209
f 2826/2210 2825/2211 2861/2212
f 2826/2210 2861/2212 2863/2213
f 2482/2214 2428/2215 2426/2216
f 2482/2217 2426/2218 2496/2219
f 775/2220 774/2221 744/2222
f 775/2220 744/2222 760/2223
f 760/2223 744/2222 798/2224
f 798/2224 744/2222 797/2225
f 2772/2226 2808/2227 2762/2228
f 2762/2228 2808/2227 2807/2229
f 2568/2230 2589/2231 2493/2232
f 2773/2233 2763/2234 2810/2235
f 2810/2235 2763/2234 2809/2236
f 2569/2237 2495/2238 2590/2239
f 776/2240 777/2241 745/2242
f 745/2242 777/2241 761/2243
f 745/2242 761/2243 800/2244
f 745/2242 800/2244 799/2245
f 2827/2246 2828/2247 2862/2248
f 2862/2248 2828/2247 2864/2249
f 2497/2250 2427/2251 2483/2252
f 2483/2252 2427/2251 2429/2253
f 220/2254 216/2255 218/2256
f 218/2256 216/2255 211/2257
f 218/2256 211/2257 179/2258
f 218/2256 179/2258 190/2259
f 960/2260 961/2261 917/2262
f 917/2262 961/2261 919/2263
f 1091/2264 1141/2265 1105/2266
f 1105/2266 1141/2265 1143/2267
f 769/2268 768/2269 757/2270
f 757/2270 768/2269 756/2271
f 215/2272 210/2273 213/2274
f 210/2273 215/2272 209/2275
f 360/2276 401/2277 411/2278
f 1435/2279 1412/2280 1421/2281
f 1435/2282 1421/2283 1403/2284
f 1101/2285 1100/2286 1138/2287
f 1138/2287 1100/2286 1136/2288
f 1138/2287 1136/2288 1123/2289
f 1123/2289 1136/2288 1108/2290
f 2589/2291 2492/2292 2493/2293
f 2590/2294 2495/2295 2494/2296
f 1102/2297 1103/2298 1139/2299
f 1102/2297 1139/2299 1137/2300
f 1137/2300 1139/2299 1124/2301
f 1137/2300 1124/2301 1109/2302
f 361/2303 412/2304 402/2305
f 1436/2306 1422/2307 1413/2308
f 216/2309 214/2310 212/2311
f 216/2309 212/2311 211/2312
f 770/2313 771/2314 759/2315
f 770/2313 759/2315 758/2316
f 1403/2317 1421/2318 1371/2319
f 938/2320 954/2321 912/2322
f 912/2322 954/2321 926/2323
f 1110/2324 1134/2325 1098/2326
f 1098/2326 1134/2325 1125/2327
f 2778/2328 2770/2329 2805/2330
f 2805/2330 2770/2329 2789/2331
f 2547/2332 2490/2333 2566/2334
f 2566/2334 2490/2333 2541/2335
f 411/2336 401/2337 348/2338
f 411/2336 348/2338 409/2339
f 1412/2340 1433/2341 1421/2342
f 1412/2343 1410/2344 1433/2345
f 1433/2345 1410/2344 1431/2346
f 1431/2346 1410/2344 1408/2347
f 1433/2345 1431/2346 1401/2348
f 1401/2348 1431/2346 1393/2349
f 1433/2345 1401/2348 1421/2350
f 1446/2351 1391/2352 1395/2353
f 1391/2352 1446/2351 1444/2354
f 1395/2353 1391/2352 1334/2355
f 1395/2353 1334/2355 1336/2356
f 1336/2356 1334/2355 1287/2357
f 1287/2357 1334/2355 1285/2358
f 1334/2355 1391/2352 1301/2359
f 1334/2355 1301/2359 1283/2360
f 1283/2360 1301/2359 1280/2361
f 1301/2359 1391/2352 1332/2362
f 1280/2361 1301/2359 1295/2363
f 1295/2363 1301/2359 1332/2362
f 1295/2363 1332/2362 1330/2364
f 1628/2365 1627/2366 1615/2367
f 1615/2367 1627/2366 1616/2368
f 1616/2368 1627/2366 1626/2369
f 1626/2369 1627/2366 1609/2370
f 1616/2368 1626/2369 1617/2371
f 1617/2371 1626/2369 1629/2372
f 1288/2373 1335/2374 1337/2375
f 1337/2375 1335/2374 1396/2376
f 1335/2374 1288/2373 1286/2377
f 1396/2376 1335/2374 1392/2378
f 1335/2374 1286/2377 1284/2379
f 1284/2379 1286/2377 1281/2380
f 1284/2379 1281/2380 1282/2381
f 1335/2374 1284/2379 1302/2382
f 1335/2374 1302/2382 1392/2378
f 1302/2382 1284/2379 1282/2381
f 1392/2378 1302/2382 1333/2383
f 1302/2382 1282/2381 1296/2384
f 412/2385 349/2386 402/2387
f 1413/2388 1422/2389 1434/2390
f 1413/2391 1434/2392 1411/2393
f 1411/2393 1434/2392 1432/2394
f 1411/2393 1432/2394 1409/2395
f 1432/2394 1434/2392 1402/2396
f 1432/2394 1402/2396 1394/2397
f 1402/2396 1434/2392 1422/2398
f 2779/2399 2806/2400 2771/2401
f 2771/2401 2806/2400 2790/2402
f 2548/2403 2567/2404 2491/2405
f 2491/2405 2567/2404 2542/2406
f 939/2407 913/2408 955/2409
f 955/2409 913/2408 927/2410
f 1111/2411 1099/2412 1135/2413
f 1135/2413 1099/2412 1126/2414
f 1404/2415 1372/2416 1422/2417
f 3507/2418 3376/2419 3506/2420
f 3506/2420 3376/2419 3375/2421
f 3507/2422 3505/2423 3374/2424
f 3507/2422 3374/2424 3376/2425
f 3376/2426 3374/2427 3375/2428
f 3375/2428 3374/2427 3373/2429
f 3506/2430 3375/2431 3504/2432
f 3504/2432 3375/2431 3373/2433
f 3132/2434 3156/2435 3087/2436
f 2102/2437 2122/2438 2154/2439
f 2102/2437 2154/2439 2088/2440
f 1892/2441 1741/2442 1885/2443
f 1885/2443 1741/2442 1734/2444
f 1892/2445 1891/2446 1740/2447
f 1892/2445 1740/2447 1741/2448
f 1891/2449 1888/2450 1737/2451
f 1891/2449 1737/2451 1740/2452
f 3187/2453 3155/2454 3143/2455
f 2053/2456 2095/2457 2087/2458
f 3143/2459 3155/2460 3185/2461
f 3143/2459 3185/2461 3141/2462
f 2095/2463 2051/2464 2087/2465
f 2095/2466 2093/2467 2051/2468
f 2051/2468 2093/2467 2049/2469
f 2049/2469 2093/2467 2097/2470
f 2051/2468 2049/2469 2098/2471
f 2098/2471 2049/2469 2115/2472
f 2051/2468 2098/2471 2087/2473
f 3144/2474 3156/2475 3188/2476
f 3144/2477 3186/2478 3156/2479
f 2096/2480 2054/2481 2088/2482
f 2096/2483 2088/2484 2052/2485
f 2096/2486 2052/2487 2094/2488
f 2094/2488 2052/2487 2050/2489
f 2094/2488 2050/2489 2099/2490
f 2050/2489 2052/2487 2100/2491
f 2050/2489 2100/2491 2116/2492
f 2100/2491 2052/2487 2088/2493
f 1893/2494 1742/2495 1739/2496
f 1893/2494 1739/2496 1890/2497
f 1893/2498 1894/2499 1742/2500
f 1742/2500 1894/2499 1743/2501
f 1894/2502 1886/2503 1743/2504
f 1743/2504 1886/2503 1735/2505
f 401/2506 421/2507 348/2508
f 1421/2509 1401/2510 1371/2511
f 402/2512 349/2513 422/2514
f 422/2514 349/2513 359/2515
f 359/2515 349/2513 410/2516
f 422/2514 359/2515 434/2517
f 434/2517 359/2515 408/2518
f 1422/2519 1372/2520 1402/2521
f 3155/2522 3128/2523 3185/2524
f 2087/2525 2098/2526 2153/2527
f 348/2528 358/2529 409/2530
f 348/2531 421/2532 358/2533
f 1625/2534 1646/2535 1645/2536
f 1625/2534 1645/2536 1624/2537
f 1646/2535 1625/2534 1644/2538
f 1644/2538 1625/2534 1623/2539
f 1646/2540 1644/2541 1643/2542
f 1646/2540 1643/2542 1645/2543
f 1643/2542 1644/2541 1642/2544
f 1643/2542 1642/2544 1638/2545
f 1638/2545 1642/2544 1637/2546
f 1638/2545 1637/2546 1636/2547
f 1636/2547 1637/2546 1635/2548
f 3156/2549 3186/2550 3130/2551
f 2088/2552 2154/2553 2100/2554
f 819/2555 896/2556 830/2557
f 830/2557 896/2556 885/2558
f 819/2559 830/2560 817/2561
f 819/2559 817/2561 809/2562
f 896/2563 881/2564 885/2565
f 885/2565 881/2564 883/2566
f 1163/2567 1199/2568 1187/2569
f 1163/2567 1187/2569 1161/2570
f 1163/2571 1161/2572 1157/2573
f 1157/2573 1161/2572 1159/2574
f 1199/2575 1197/2576 1187/2577
f 1199/2578 1217/2579 1197/2580
f 2921/2581 2851/2582 2913/2583
f 2913/2583 2851/2582 2859/2584
f 2921/2585 2913/2586 2911/2587
f 2921/2585 2911/2587 2919/2588
f 2851/2589 2855/2590 2859/2591
f 2859/2591 2855/2590 2857/2592
f 2543/2593 2466/2594 2464/2595
f 2543/2593 2464/2595 2520/2596
f 2543/2597 2520/2598 2516/2599
f 2466/2600 2462/2601 2464/2602
f 2462/2601 2466/2600 2424/2603
f 409/2604 358/2605 407/2606
f 1624/2607 1645/2608 1643/2609
f 1624/2607 1643/2609 1622/2610
f 1622/2610 1643/2609 1638/2611
f 1622/2610 1638/2611 1619/2612
f 1619/2612 1638/2611 1613/2613
f 1613/2613 1638/2611 1636/2614
f 1613/2613 1636/2614 1612/2615
f 410/2616 408/2617 359/2618
f 2922/2619 2914/2620 2852/2621
f 2852/2621 2914/2620 2860/2622
f 2922/2623 2912/2624 2914/2625
f 2912/2624 2922/2623 2920/2626
f 2852/2627 2860/2628 2856/2629
f 2856/2629 2860/2628 2858/2630
f 2544/2631 2521/2632 2465/2633
f 2544/2631 2465/2633 2467/2634
f 2544/2635 2517/2636 2521/2637
f 2467/2638 2465/2639 2463/2640
f 2467/2638 2463/2640 2425/2641
f 820/2642 831/2643 897/2644
f 897/2644 831/2643 886/2645
f 820/2646 818/2647 831/2648
f 818/2647 820/2646 810/2649
f 897/2650 886/2651 882/2652
f 882/2652 886/2651 884/2653
f 1164/2654 1162/2655 1188/2656
f 1164/2654 1188/2656 1200/2657
f 1164/2658 1158/2659 1162/2660
f 1162/2660 1158/2659 1160/2661
f 1200/2662 1188/2663 1198/2664
f 1200/2662 1198/2664 1218/2665
f 830/2666 885/2667 883/2668
f 830/2666 883/2668 817/2669
f 1161/2670 1187/2671 1159/2672
f 1159/2672 1187/2671 1197/2673
f 2913/2674 2859/2675 2857/2676
f 2913/2674 2857/2676 2911/2677
f 2520/2678 2464/2679 2518/2680
f 2518/2680 2464/2679 2462/2681
f 2520/2682 2518/2683 2516/2684
f 3185/2685 3128/2686 3183/2687
f 3185/2688 3183/2689 3141/2690
f 3141/2690 3183/2689 3127/2691
f 2808/2692 2787/2693 2807/2694
f 2807/2694 2787/2693 2785/2695
f 2785/2695 2787/2693 2742/2696
f 2785/2695 2742/2696 2739/2697
f 2493/2698 2492/2699 2539/2700
f 2539/2700 2492/2699 2535/2701
f 894/2702 892/2703 936/2704
f 936/2704 892/2703 948/2705
f 936/2704 948/2705 988/2706
f 3505/2707 3504/2708 3373/2709
f 3505/2707 3373/2709 3374/2710
f 2809/2711 2788/2712 2810/2713
f 2788/2712 2809/2711 2786/2714
f 2788/2712 2786/2714 2743/2715
f 2743/2715 2786/2714 2740/2716
f 2494/2717 2495/2718 2540/2719
f 2494/2717 2540/2719 2537/2720
f 895/2721 937/2722 893/2723
f 893/2723 937/2722 949/2724
f 949/2724 937/2722 989/2725
f 3186/2726 3184/2727 3130/2728
f 2914/2729 2912/2730 2858/2731
f 2914/2729 2858/2731 2860/2732
f 2521/2733 2519/2734 2465/2735
f 2465/2735 2519/2734 2463/2736
f 2521/2737 2517/2738 2519/2739
f 831/2740 818/2741 884/2742
f 831/2740 884/2742 886/2743
f 1162/2744 1160/2745 1188/2746
f 1188/2746 1160/2745 1198/2747
f 926/2748 980/2749 970/2750
f 926/2748 970/2750 912/2751
f 1125/2752 1134/2753 1079/2754
f 1125/2752 1079/2754 1061/2755
f 1061/2755 1079/2754 1059/2756
f 72/2757 116/2758 71/2759
f 71/2759 116/2758 115/2760
f 72/2761 71/2762 68/2763
f 68/2763 71/2762 67/2764
f 116/2765 112/2766 115/2767
f 115/2767 112/2766 111/2768
f 2789/2769 2754/2770 2760/2771
f 2789/2769 2760/2771 2805/2772
f 2541/2773 2490/2774 2587/2775
f 2541/2773 2587/2775 2658/2776
f 2658/2776 2587/2775 2656/2777
f 71/2778 115/2779 111/2780
f 71/2778 111/2780 67/2781
f 1373/2782 1387/2783 1408/2784
f 1387/2783 1373/2782 1311/2785
f 1387/2783 1311/2785 1367/2786
f 1367/2786 1311/2785 1339/2787
f 1367/2786 1339/2787 1385/2788
f 1339/2787 1311/2785 1299/2789
f 1339/2787 1299/2789 1348/2790
f 1299/2789 1311/2785 1267/2791
f 1299/2789 1267/2791 1297/2792
f 1267/2791 1311/2785 1213/2793
f 1267/2791 1213/2793 1247/2794
f 1267/2791 1247/2794 1265/2795
f 1247/2794 1213/2793 1181/2796
f 1181/2796 1213/2793 1069/2797
f 2323/2798 2383/2799 2312/2800
f 2383/2799 2323/2798 2397/2801
f 2383/2799 2397/2801 2529/2802
f 2529/2802 2397/2801 2530/2803
f 1623/2804 1621/2805 1644/2806
f 1644/2806 1621/2805 1642/2807
f 2313/2808 2384/2809 2324/2810
f 2324/2810 2384/2809 2398/2811
f 2398/2811 2384/2809 2531/2812
f 2398/2811 2531/2812 2532/2813
f 73/2814 117/2815 118/2816
f 73/2814 118/2816 74/2817
f 73/2818 74/2819 70/2820
f 73/2818 70/2820 69/2821
f 73/2822 69/2823 113/2824
f 73/2822 113/2824 117/2825
f 117/2826 113/2827 114/2828
f 117/2826 114/2828 118/2829
f 2790/2830 2806/2831 2761/2832
f 2790/2830 2761/2832 2755/2833
f 2542/2834 2588/2835 2491/2836
f 2588/2835 2542/2834 2659/2837
f 2588/2835 2659/2837 2657/2838
f 913/2839 971/2840 927/2841
f 927/2841 971/2840 981/2842
f 1135/2843 1126/2844 1080/2845
f 1080/2845 1126/2844 1062/2846
f 1080/2845 1062/2846 1060/2847
f 817/2848 883/2849 809/2850
f 809/2850 883/2849 881/2851
f 1197/2852 1217/2853 1159/2854
f 1159/2854 1217/2853 1157/2855
f 2911/2856 2857/2857 2919/2858
f 2919/2858 2857/2857 2855/2859
f 2462/2860 2424/2861 2518/2862
f 2518/2862 2424/2861 2516/2863
f 1888/2864 1887/2865 1736/2866
f 1888/2864 1736/2866 1737/2867
f 3497/2868 3306/2869 3495/2870
f 3495/2870 3306/2869 3274/2871
f 3495/2870 3274/2871 3350/2872
f 3495/2870 3350/2872 3349/2873
f 3495/2870 3349/2873 3382/2874
f 3495/2870 3382/2874 3496/2875
f 3496/2875 3382/2874 3381/2876
f 3496/2875 3381/2876 3348/2877
f 3496/2875 3348/2877 3351/2878
f 3351/2878 3348/2877 3061/2879
f 3061/2879 3348/2877 3285/2880
f 3061/2879 3285/2880 3060/2881
f 3060/2881 3285/2880 3273/2882
f 3060/2881 3273/2882 3286/2883
f 3060/2881 3286/2883 3325/2884
f 3497/2885 3495/2886 3502/2887
f 3502/2887 3495/2886 3496/2888
f 3502/2887 3496/2888 3503/2889
f 3503/2889 3496/2888 3498/2890
f 2093/2891 2167/2892 2097/2893
f 2097/2893 2167/2892 2111/2894
f 3142/2895 3129/2896 3184/2897
f 3498/2898 3496/2899 3307/2900
f 3307/2900 3496/2899 3276/2901
f 1889/2902 1890/2903 1738/2904
f 1738/2904 1890/2903 1739/2905
f 2912/2906 2920/2907 2858/2908
f 2858/2908 2920/2907 2856/2909
f 2463/2910 2519/2911 2425/2912
f 2425/2912 2519/2911 2517/2913
f 818/2914 810/2915 884/2916
f 884/2916 810/2915 882/2917
f 1198/2918 1160/2919 1218/2920
f 1218/2920 1160/2919 1158/2921
f 2310/2922 2407/2923 2406/2924
f 2310/2922 2406/2924 2321/2925
f 2406/2924 2407/2923 2585/2926
f 2585/2926 2407/2923 2583/2927
f 1885/2928 1734/2929 1882/2930
f 1882/2930 1734/2929 1731/2931
f 1238/2932 1195/2933 1237/2934
f 1237/2934 1195/2933 1215/2935
f 1215/2935 1195/2933 1084/2936
f 1215/2935 1084/2936 1082/2937
f 744/2938 721/2939 754/2940
f 744/2938 754/2940 797/2941
f 797/2941 754/2940 906/2942
f 797/2941 906/2942 932/2943
f 797/2941 932/2943 934/2944
f 1239/2945 1216/2946 1196/2947
f 1239/2945 1196/2947 1240/2948
f 1196/2947 1216/2946 1085/2949
f 1085/2949 1216/2946 1083/2950
f 2322/2951 2408/2952 2311/2953
f 2311/2953 2408/2952 2409/2954
f 2409/2954 2408/2952 2586/2955
f 2409/2954 2586/2955 2584/2956
f 1886/2957 1884/2958 1735/2959
f 1735/2959 1884/2958 1733/2960
f 1882/2961 1731/2962 1881/2963
f 1881/2963 1731/2962 1730/2964
f 1881/2965 1730/2966 1863/2967
f 1881/2965 1863/2967 1859/2968
f 1881/2965 1859/2968 1873/2969
f 1863/2967 1730/2966 1764/2970
f 1764/2970 1730/2966 1724/2971
f 1764/2970 1724/2971 1760/2972
f 3274/2973 3330/2974 3350/2975
f 3350/2976 3345/2977 3349/2978
f 3349/2978 3345/2977 3344/2979
f 3349/2978 3344/2979 3340/2980
f 3345/2977 3350/2976 3341/2981
f 3341/2981 3350/2976 3330/2982
f 3341/2981 3330/2982 3333/2983
f 3349/2984 3286/2985 3364/2986
f 3364/2986 3286/2985 3320/2987
f 3349/2988 3369/2989 3382/2990
f 3369/2989 3349/2988 3364/2991
f 3349/2992 3340/2993 3286/2994
f 3286/2995 3273/2996 3320/2997
f 3286/2998 3340/2999 3325/3000
f 3382/3001 3369/3002 3368/3003
f 3382/3001 3368/3003 3381/3004
f 3273/3005 3285/3006 3319/3007
f 3273/3005 3319/3007 3298/3008
f 3273/3009 3298/3010 3320/3011
f 3381/3012 3368/3013 3348/3014
f 3285/3015 3348/3016 3363/3017
f 3285/3015 3363/3017 3319/3018
f 3348/3019 3368/3020 3363/3021
f 3363/3021 3368/3020 3369/3022
f 3363/3021 3369/3022 3364/3023
f 3351/3024 3383/3025 3496/3026
f 3351/3027 3287/3028 3365/3029
f 3365/3029 3287/3028 3321/3030
f 3351/3031 3061/3032 3287/3033
f 3351/3034 3370/3035 3383/3036
f 3370/3035 3351/3034 3365/3037
f 3383/3038 3384/3039 3496/3040
f 3496/3040 3384/3039 3352/3041
f 3496/3040 3352/3041 3353/3042
f 3353/3042 3352/3041 3288/3043
f 3383/3044 3370/3045 3384/3046
f 3384/3046 3370/3045 3371/3047
f 3384/3046 3371/3047 3352/3048
f 3287/3049 3275/3050 3321/3051
f 3321/3051 3275/3050 3299/3052
f 3287/3053 3061/3054 3275/3055
f 3275/3055 3061/3054 3288/3056
f 3288/3056 3061/3054 3326/3057
f 3275/3058 3288/3059 3322/3060
f 3275/3061 3322/3062 3299/3063
f 3288/3064 3352/3065 3366/3066
f 3288/3064 3366/3066 3322/3067
f 3288/3068 3326/3069 3342/3070
f 3288/3071 3346/3072 3353/3073
f 3346/3072 3288/3071 3342/3074
f 3353/3073 3346/3072 3347/3075
f 3353/3073 3347/3075 3343/3076
f 3353/3073 3343/3076 3331/3077
f 3331/3077 3343/3076 3335/3078
f 3352/3079 3371/3080 3366/3081
f 3366/3081 3371/3080 3365/3082
f 3365/3082 3371/3080 3370/3083
f 1883/3084 1732/3085 1733/3086
f 1883/3084 1733/3086 1884/3087
f 1883/3088 1865/3089 1732/3090
f 1865/3089 1883/3088 1861/3091
f 1861/3091 1883/3088 1874/3092
f 1732/3090 1865/3089 1766/3093
f 1732/3090 1766/3093 1725/3094
f 1725/3094 1766/3093 1762/3095
f 757/3096 756/3097 828/3098
f 757/3096 828/3098 815/3099
f 815/3099 828/3098 986/3100
f 815/3099 986/3100 984/3101
f 1252/3102 1193/3103 1185/3104
f 1252/3102 1185/3104 1251/3105
f 358/3106 421/3107 433/3108
f 358/3106 433/3108 407/3109
f 1431/3110 1408/3111 1393/3112
f 3060/3113 3325/3114 3057/3115
f 3057/3115 3325/3114 3049/3116
f 3049/3116 3325/3114 3338/3117
f 3060/3118 3057/3119 3056/3120
f 3056/3120 3057/3119 3049/3121
f 3060/3118 3056/3120 3061/3122
f 3056/3120 3049/3121 3048/3123
f 3048/3123 3049/3121 3046/3124
f 3061/3122 3056/3120 3058/3125
s 0
f 3058/3125 3056/3120 3048/3123
s 1
f 3061/3122 3058/3125 3059/3126
f 3059/3126 3058/3125 3051/3127
s 0
f 3058/3125 3048/3123 3050/3128
s 1
f 3058/3125 3050/3128 3051/3127
f 3050/3128 3048/3123 3046/3124
f 3051/3127 3050/3128 3047/3129
f 3047/3129 3050/3128 3046/3124
f 1621/3130 1618/3131 1637/3132
f 1621/3130 1637/3132 1642/3133
f 1637/3132 1618/3131 1635/3134
f 1635/3134 1618/3131 1594/3135
f 3061/3136 3059/3137 3326/3138
f 3514/3139 3487/3140 3439/3141
f 3514/3139 3439/3141 3518/3142
f 3518/3142 3439/3141 3434/3143
f 3514/3144 3524/3145 3494/3146
f 3514/3144 3494/3146 3487/3147
f 3487/3147 3494/3146 3437/3148
f 3437/3148 3494/3146 3488/3149
f 3488/3149 3494/3146 3515/3150
f 3515/3150 3494/3146 3525/3151
f 3525/3151 3494/3146 3524/3145
f 3525/3151 3524/3145 3531/3152
f 3514/3153 3518/3154 3524/3155
f 3524/3155 3518/3154 3522/3156
f 3522/3156 3518/3154 3434/3157
f 3524/3155 3522/3156 3531/3158
f 3531/3158 3522/3156 3530/3159
f 3530/3159 3522/3156 3491/3160
f 3491/3160 3522/3156 3463/3161
f 3487/3162 3437/3163 3436/3164
f 3487/3162 3436/3164 3439/3165
f 3436/3164 3437/3163 3488/3166
f 3436/3164 3488/3166 3466/3167
f 3531/3168 3530/3169 3520/3170
f 3531/3168 3520/3170 3525/3171
f 3525/3172 3519/3173 3515/3174
f 3519/3173 3525/3172 3520/3175
f 3519/3173 3520/3175 3438/3176
f 3515/3174 3519/3173 3466/3177
f 3515/3174 3466/3177 3488/3178
f 3466/3177 3519/3173 3429/3179
f 3429/3179 3519/3173 3438/3176
f 3429/3179 3438/3176 3032/3180
f 3032/3180 3438/3176 3031/3181
f 3516/3182 3489/3183 3493/3184
f 3516/3182 3493/3184 3512/3185
f 3512/3185 3493/3184 3432/3186
f 3512/3185 3432/3186 3435/3187
f 3435/3187 3432/3186 3313/3188
f 2610/3189 2607/3190 3313/3188
f 3313/3188 2607/3190 3312/3191
f 3313/3188 3312/3191 3435/3187
f 3312/3191 2607/3190 2606/3192
f 3312/3191 2606/3192 3329/3193
f 3312/3191 3329/3193 3464/3194
f 3312/3191 3464/3194 3435/3187
f 3435/3187 3464/3194 3523/3195
f 3516/3196 3526/3197 3501/3198
f 3516/3196 3501/3198 3489/3199
f 3489/3199 3501/3198 3461/3200
f 3461/3200 3501/3198 3490/3201
f 3490/3201 3501/3198 3517/3202
f 3517/3202 3501/3198 3527/3203
f 3527/3203 3501/3198 3526/3197
f 3527/3203 3526/3197 3529/3204
f 3516/3205 3512/3206 3526/3207
f 3526/3207 3512/3206 3523/3208
f 3523/3208 3512/3206 3435/3209
f 3526/3207 3523/3208 3529/3210
f 3529/3210 3523/3208 3528/3211
f 3489/3212 3461/3213 3493/3214
f 3493/3214 3461/3213 3440/3215
f 3440/3215 3461/3213 3490/3216
f 3440/3215 3490/3216 3492/3217
f 3529/3218 3528/3219 3521/3220
f 3529/3218 3521/3220 3527/3221
f 3527/3222 3513/3223 3517/3224
f 3513/3223 3527/3222 3521/3225
f 3513/3223 3521/3225 3433/3226
f 3433/3226 3521/3225 3465/3227
f 3433/3226 3465/3227 3311/3228
f 3433/3226 3311/3228 3289/3229
f 3433/3226 3289/3229 3431/3230
f 3289/3229 3311/3228 2599/3231
f 2599/3231 3311/3228 2597/3232
f 3289/3229 2599/3231 2600/3233
f 3490/3234 3517/3235 3492/3236
f 3517/3237 3513/3238 3492/3239
f 3492/3239 3513/3238 3431/3240
f 3431/3240 3513/3238 3433/3241
f 3492/3239 3431/3240 3409/3242
f 3492/3239 3409/3242 3440/3243
f 3409/3242 3431/3240 3290/3244
f 3290/3244 3431/3240 3289/3245
f 3290/3244 3289/3245 2600/3246
f 3290/3244 2600/3246 2602/3247
f 2602/3247 2600/3246 2561/3248
f 2561/3248 2600/3246 2559/3249
f 2561/3248 2559/3249 2332/3250
f 2559/3249 2600/3246 2599/3251
f 2559/3249 2599/3251 2553/3252
f 1432/3253 1394/3254 1409/3255
f 758/3256 759/3257 829/3258
f 1253/3259 1186/3260 1254/3261
f 1254/3261 1186/3260 1194/3262
f 759/3263 816/3264 829/3265
f 1371/3266 1401/3267 1393/3268
f 1371/3266 1393/3268 1388/3269
f 2153/3270 2098/3271 2115/3272
f 2153/3270 2115/3272 2112/3273
f 3128/3274 3110/3275 3183/3276
f 3183/3277 3110/3278 3127/3279
f 2049/3280 2097/3281 2115/3282
f 407/3283 433/3284 356/3285
f 407/3286 356/3287 419/3288
f 419/3288 356/3287 431/3289
f 1408/3290 1423/3291 1393/3292
f 1408/3293 1387/3294 1423/3295
f 3127/3296 3110/3297 3171/3298
f 3127/3299 3171/3300 3105/3301
f 2097/3302 2083/3303 2115/3304
f 2097/3305 2111/3306 2083/3307
f 3325/3308 3340/3309 3338/3310
f 3338/3310 3340/3309 3332/3311
f 3338/3310 3332/3311 3336/3312
f 3336/3312 3332/3311 3337/3313
f 3337/3313 3332/3311 3334/3314
f 3337/3313 3334/3314 3339/3315
f 3339/3315 3334/3314 3342/3316
f 3339/3315 3342/3316 3326/3317
f 3326/3318 3059/3319 3051/3320
f 3326/3318 3051/3320 3339/3321
f 3129/3322 3111/3323 3184/3324
f 3129/3325 3172/3326 3111/3327
f 3111/3327 3172/3326 3108/3328
f 2099/3329 2050/3330 2116/3331
f 2099/3332 2116/3333 2084/3334
f 2099/3335 2084/3336 2113/3337
f 408/3338 357/3339 434/3340
f 434/3340 357/3339 432/3341
f 408/3342 420/3343 357/3344
f 357/3344 420/3343 432/3345
f 1409/3346 1394/3347 1424/3348
f 1409/3349 1424/3350 1389/3351
f 3184/3352 3111/3353 3130/3354
f 2100/3355 2154/3356 2116/3357
f 2154/3358 2114/3359 2116/3360
f 1402/3361 1372/3362 1394/3363
f 1372/3364 1390/3365 1394/3366
f 952/3367 950/3368 910/3369
f 952/3370 910/3371 890/3372
f 952/3373 966/3374 950/3375
f 950/3375 966/3374 968/3376
f 1096/3377 1094/3378 1086/3379
f 1086/3379 1094/3378 1088/3380
f 1096/3381 1149/3382 1132/3383
f 1096/3381 1132/3383 1094/3384
f 2803/3385 2797/3386 2831/3387
f 2803/3385 2831/3387 2849/3388
f 2803/3389 2793/3390 2797/3391
f 2797/3391 2793/3390 2795/3392
f 2514/3393 2536/3394 2545/3395
f 2514/3396 2460/3397 2480/3398
f 2514/3396 2480/3398 2536/3399
f 1123/3400 1108/3401 1077/3402
f 2539/3403 2535/3404 2603/3405
f 1572/3406 1620/3407 1578/3408
f 1578/3408 1620/3407 1632/3409
f 1578/3408 1632/3409 1552/3410
f 1552/3410 1632/3409 1575/3411
f 1552/3410 1575/3411 1489/3412
f 1489/3412 1575/3411 1496/3413
f 1552/3410 1489/3412 1484/3414
f 1489/3412 1496/3413 1365/3415
f 1489/3412 1365/3415 1484/3414
f 1484/3414 1365/3415 1359/3416
f 1365/3415 1496/3413 1350/3417
f 1365/3415 1350/3417 1347/3418
f 1572/3419 1545/3420 1584/3421
f 1584/3421 1545/3420 1560/3422
f 1572/3419 1584/3421 1620/3423
f 1584/3421 1560/3422 1571/3424
f 1620/3423 1584/3421 1641/3425
f 1584/3421 1571/3424 1606/3426
f 1641/3425 1584/3421 1640/3427
f 1640/3427 1584/3421 1606/3426
f 1572/3428 1578/3429 1553/3430
f 1572/3428 1553/3430 1545/3431
f 1553/3430 1578/3429 1524/3432
f 1524/3432 1578/3429 1552/3433
f 1620/3434 1641/3435 1632/3436
f 1632/3436 1641/3435 1648/3437
f 1648/3437 1641/3435 1647/3438
f 1647/3438 1641/3435 1640/3439
f 1648/3437 1647/3438 1587/3440
f 1587/3440 1647/3438 1586/3441
f 1545/3442 1553/3443 1560/3444
f 1560/3444 1553/3443 1564/3445
f 1564/3445 1553/3443 1524/3446
f 1564/3445 1524/3446 1540/3447
f 1540/3447 1524/3446 1491/3448
f 1560/3449 1564/3450 1571/3451
f 1571/3451 1564/3450 1588/3452
f 1571/3451 1588/3452 1606/3453
f 1588/3452 1564/3450 1540/3454
f 1606/3453 1588/3452 1611/3455
f 1588/3452 1540/3454 1562/3456
f 1588/3452 1562/3456 1611/3455
f 1562/3456 1540/3454 1491/3457
f 1611/3455 1562/3456 1576/3458
f 1562/3456 1491/3457 1499/3459
f 1562/3456 1499/3459 1576/3458
f 1576/3458 1499/3459 1497/3460
f 1497/3460 1499/3459 1354/3461
f 1497/3460 1354/3461 1345/3462
f 1640/3463 1606/3464 1611/3465
f 1640/3463 1611/3465 1647/3466
f 1605/3467 1570/3468 1590/3469
f 1590/3469 1570/3468 1559/3470
f 1605/3467 1590/3469 1639/3471
f 1590/3469 1559/3470 1569/3472
f 1639/3471 1590/3469 1649/3473
f 1590/3469 1569/3472 1604/3474
f 1649/3473 1590/3469 1633/3475
f 1633/3475 1590/3469 1604/3474
f 1605/3476 1639/3477 1592/3478
f 1592/3478 1639/3477 1631/3479
f 1592/3478 1631/3479 1561/3480
f 1561/3480 1631/3479 1573/3481
f 1561/3480 1573/3481 1488/3482
f 1592/3478 1561/3480 1546/3483
f 1592/3478 1546/3483 1577/3484
f 1546/3483 1561/3480 1480/3485
f 1480/3485 1561/3480 1488/3482
f 1546/3483 1480/3485 1537/3486
f 1537/3486 1480/3485 1481/3487
f 1481/3487 1480/3485 351/3488
f 351/3488 1480/3485 1488/3482
f 351/3488 1488/3482 350/3489
f 1605/3490 1577/3491 1570/3492
f 1605/3493 1592/3494 1577/3495
f 1570/3496 1577/3497 1563/3498
f 1570/3496 1563/3498 1559/3499
f 1563/3498 1577/3497 1537/3500
f 1537/3500 1577/3497 1546/3501
f 1639/3502 1649/3503 1634/3504
f 1639/3502 1634/3504 1631/3505
f 1634/3504 1649/3503 1630/3506
f 1630/3506 1649/3503 1633/3507
f 1631/3505 1634/3504 1585/3508
f 1631/3505 1585/3508 1573/3509
f 1559/3510 1563/3511 1569/3512
f 1569/3512 1563/3511 1566/3513
f 1566/3513 1563/3511 1549/3514
f 1549/3514 1563/3511 1537/3515
f 1569/3516 1566/3517 1604/3518
f 1604/3518 1566/3517 1591/3519
f 1604/3518 1591/3519 1633/3520
f 1591/3519 1566/3517 1549/3521
f 1591/3519 1549/3521 1565/3522
f 1633/3523 1591/3524 1630/3525
f 1630/3525 1591/3524 1565/3526
f 1630/3525 1565/3526 1574/3527
f 1630/3525 1574/3527 1634/3528
f 1634/3528 1574/3527 1585/3529
f 1585/3529 1574/3527 1493/3530
f 1585/3529 1493/3530 1492/3531
f 3251/3532 3211/3533 3199/3534
f 3251/3532 3199/3534 3249/3535
f 3199/3534 3211/3533 3124/3536
f 3251/3532 3249/3535 3303/3537
f 3124/3536 3211/3533 3153/3538
f 3124/3536 3153/3538 3096/3539
f 3153/3538 3211/3533 3154/3540
f 3153/3538 3154/3540 3126/3541
f 3125/3542 3096/3539 3126/3541
f 3125/3542 3126/3541 3154/3540
f 3154/3540 3211/3533 3212/3543
f 3212/3543 3211/3533 3252/3544
f 3252/3544 3211/3533 3251/3532
f 3252/3544 3251/3532 3272/3545
f 3271/3546 3251/3532 3303/3537
f 3251/3532 3271/3546 3272/3545
f 3271/3546 3303/3537 3372/3547
f 3272/3545 3271/3546 3305/3548
f 3305/3548 3271/3546 3372/3547
f 3272/3545 3305/3548 3304/3549
f 3304/3549 3305/3548 3372/3547
f 3153/3550 3126/3551 3096/3552
f 3272/3553 3304/3554 3250/3555
f 3272/3553 3250/3555 3252/3556
f 3154/3557 3212/3558 3200/3559
f 3154/3557 3200/3559 3125/3560
f 3200/3559 3212/3558 3252/3561
f 3200/3559 3252/3561 3250/3562
f 2540/3563 2604/3564 2537/3565
f 1124/3566 1078/3567 1109/3568
f 2804/3569 2798/3570 2794/3571
f 2794/3571 2798/3570 2796/3572
f 2804/3573 2850/3574 2832/3575
f 2804/3573 2832/3575 2798/3576
f 2515/3577 2538/3578 2481/3579
f 2515/3577 2481/3579 2461/3580
f 2515/3581 2546/3582 2538/3583
f 2538/3583 2546/3582 2534/3584
f 953/3585 951/3586 967/3587
f 967/3587 951/3586 969/3588
f 953/3589 891/3590 911/3591
f 953/3592 911/3593 951/3594
f 1097/3595 1095/3596 1133/3597
f 1097/3595 1133/3597 1150/3598
f 1097/3599 1087/3600 1095/3601
f 1095/3601 1087/3600 1089/3602
f 980/3603 1061/3604 970/3605
f 970/3605 1061/3604 1059/3606
f 950/3607 968/3608 910/3609
f 910/3609 968/3608 924/3610
f 1094/3611 1132/3612 1088/3613
f 1088/3613 1132/3612 1121/3614
f 2754/3615 2658/3616 2760/3617
f 2760/3617 2658/3616 2656/3618
f 2797/3619 2795/3620 2831/3621
f 2831/3621 2795/3620 2823/3622
f 2536/3623 2480/3624 2533/3625
f 2533/3625 2480/3624 2488/3626
f 2536/3627 2533/3628 2545/3629
f 2535/3630 2630/3631 2603/3632
f 1108/3633 1067/3634 1077/3635
f 1077/3635 1067/3634 996/3636
f 996/3636 1067/3634 988/3637
f 996/3636 988/3637 948/3638
f 3249/3639 3199/3640 3197/3641
f 3249/3639 3197/3641 3247/3642
f 3249/3643 3247/3644 3303/3645
f 3303/3645 3247/3644 3283/3646
f 3303/3645 3283/3646 3372/3647
f 3199/3648 3124/3649 3197/3650
f 3197/3650 3124/3649 3139/3651
f 3139/3651 3124/3649 3096/3652
f 3372/3653 3283/3654 3324/3655
f 3372/3653 3324/3655 3304/3656
f 3304/3656 3324/3655 3284/3657
f 3096/3658 3125/3659 3109/3660
f 3109/3660 3125/3659 3140/3661
f 3096/3658 3109/3660 3139/3662
f 3304/3663 3284/3664 3250/3665
f 3250/3665 3284/3664 3248/3666
f 3250/3665 3248/3666 3198/3667
f 3250/3665 3198/3667 3200/3668
f 3125/3669 3200/3670 3140/3671
f 3200/3672 3198/3673 3140/3674
f 2537/3675 2604/3676 2631/3677
f 1109/3678 1078/3679 1068/3680
f 1068/3680 1078/3679 997/3681
f 1068/3680 997/3681 989/3682
f 989/3682 997/3681 949/3683
f 2798/3684 2832/3685 2796/3686
f 2796/3686 2832/3685 2824/3687
f 2538/3688 2534/3689 2481/3690
f 2481/3690 2534/3689 2489/3691
f 2755/3692 2761/3693 2659/3694
f 2659/3694 2761/3693 2657/3695
f 951/3696 911/3697 969/3698
f 969/3698 911/3697 925/3699
f 1095/3700 1089/3701 1133/3702
f 1133/3702 1089/3701 1122/3703
f 981/3704 971/3705 1062/3706
f 1062/3706 971/3705 1060/3707
f 1393/3708 1423/3709 1388/3710
f 890/3711 910/3712 908/3713
f 908/3713 910/3712 924/3714
f 1149/3715 1130/3716 1132/3717
f 2115/3718 2083/3719 2112/3720
f 2849/3721 2831/3722 2829/3723
f 2829/3723 2831/3722 2823/3724
f 2460/3725 2478/3726 2480/3727
f 2167/3728 2151/3729 2111/3730
f 2167/3731 2269/3732 2151/3733
f 2151/3733 2269/3732 2201/3734
f 2201/3734 2269/3732 2265/3735
f 2201/3734 2265/3735 2165/3736
f 1334/3737 1283/3738 1285/3739
f 1285/3739 1283/3738 1279/3740
f 1279/3740 1283/3738 1280/3741
f 1619/3742 1613/3743 1595/3744
f 1595/3744 1613/3743 1612/3745
f 1618/3746 1614/3747 1594/3748
f 3077/3749 3085/3750 3107/3751
f 3077/3752 3019/3753 3085/3754
f 3085/3754 3019/3753 3054/3755
f 2850/3756 2830/3757 2832/3758
f 2832/3758 2830/3757 2824/3759
f 2461/3760 2481/3761 2479/3762
f 2116/3763 2114/3764 2084/3765
f 891/3766 909/3767 911/3768
f 911/3768 909/3767 925/3769
f 1150/3770 1133/3771 1131/3772
f 1394/3773 1390/3774 1424/3775
f 1132/3776 1130/3777 1121/3778
f 2480/3779 2478/3780 2488/3781
f 1423/3782 1387/3783 1388/3784
f 1600/3785 1615/3786 1599/3787
f 1599/3787 1615/3786 1598/3788
f 1598/3788 1615/3786 1616/3789
f 1599/3787 1598/3788 1532/3790
f 1599/3787 1532/3790 1533/3791
f 1599/3787 1533/3791 1600/3785
f 1600/3785 1533/3791 1514/3792
f 1598/3793 1616/3794 1596/3795
f 1596/3795 1616/3794 1597/3796
f 1598/3797 1558/3798 1527/3799
f 1598/3800 1544/3801 1558/3802
f 1544/3801 1598/3800 1596/3803
f 1544/3801 1596/3803 1513/3804
f 1513/3804 1596/3803 1515/3805
f 1598/3806 1527/3807 1532/3808
f 1601/3809 1616/3810 1602/3811
f 1616/3810 1601/3809 1597/3812
f 1602/3811 1616/3810 1617/3813
f 1597/3812 1601/3809 1535/3814
f 1535/3814 1601/3809 1602/3811
f 1597/3812 1535/3814 1534/3815
f 1602/3811 1617/3813 1603/3816
f 1535/3814 1602/3811 1536/3817
f 1536/3817 1602/3811 1603/3816
f 1536/3817 1603/3816 1516/3818
f 1424/3819 1390/3820 1389/3821
f 2481/3822 2489/3823 2479/3824
f 1133/3825 1122/3826 1131/3827
f 968/3828 966/3829 908/3830
f 968/3828 908/3830 924/3831
f 1088/3832 1121/3833 1130/3834
f 1088/3832 1130/3834 1086/3835
f 1007/3836 1001/3837 990/3838
f 1007/3839 1046/3840 1001/3841
f 68/3842 67/3843 112/3844
f 112/3844 67/3843 111/3845
f 145/3846 173/3847 169/3848
f 145/3846 169/3848 149/3849
f 145/3850 149/3851 143/3852
f 143/3852 149/3851 147/3853
f 173/3854 171/3855 169/3856
f 169/3856 171/3855 167/3857
f 2795/3858 2793/3859 2829/3860
f 2795/3858 2829/3860 2823/3861
f 2533/3862 2488/3863 2478/3864
f 2533/3862 2478/3864 2545/3865
f 2678/3866 2714/3867 2727/3868
f 2678/3869 2644/3870 2714/3871
f 3171/3872 3106/3873 3105/3874
f 2083/3875 2111/3876 2112/3877
f 1514/3878 1533/3879 1528/3880
f 1514/3878 1528/3880 1508/3881
f 1533/3882 1532/3883 1527/3884
f 1533/3882 1527/3884 1528/3885
f 1558/3886 1544/3887 1557/3888
f 1558/3886 1557/3888 1527/3889
f 1527/3889 1557/3888 1556/3890
f 1556/3890 1557/3888 1568/3891
f 1556/3890 1568/3891 1567/3892
f 1557/3888 1544/3887 1543/3893
f 1543/3893 1544/3887 1502/3894
f 1502/3894 1544/3887 1513/3895
f 1502/3894 1513/3895 1515/3896
f 1502/3894 1515/3896 1512/3897
f 1595/3898 1612/3899 1596/3900
f 3247/3901 3197/3902 3230/3903
f 3247/3901 3230/3903 3283/3904
f 3230/3903 3197/3902 3210/3905
f 3283/3904 3230/3903 3264/3906
f 3210/3905 3197/3902 3139/3907
f 3283/3904 3264/3906 3324/3908
f 3210/3905 3139/3907 3109/3909
f 3324/3908 3264/3906 3254/3910
f 3210/3905 3109/3909 3182/3911
f 3324/3908 3254/3910 3284/3912
f 3182/3911 3109/3909 3140/3913
f 3284/3912 3254/3910 3248/3914
f 3182/3911 3140/3913 3198/3915
f 3248/3914 3254/3910 3222/3916
f 3182/3911 3198/3915 3222/3916
f 3222/3916 3198/3915 3248/3914
f 1515/3917 1596/3918 1512/3919
f 1512/3919 1596/3918 1582/3920
f 1582/3920 1596/3918 1589/3921
f 1582/3920 1589/3921 1580/3922
f 1580/3922 1589/3921 1506/3923
f 1506/3923 1589/3921 1547/3924
f 1506/3923 1547/3924 1504/3925
f 1596/3926 1597/3927 1589/3928
f 1589/3928 1597/3927 1593/3929
f 1589/3928 1593/3929 1547/3930
f 1547/3930 1593/3929 1548/3931
f 1596/3932 1612/3933 1594/3934
f 1534/3935 1535/3936 1531/3937
f 1531/3937 1535/3936 1529/3938
f 1529/3938 1535/3936 1536/3939
f 1529/3938 1536/3939 1530/3940
f 1534/3941 1531/3942 1583/3943
f 1534/3941 1583/3943 1597/3944
f 1583/3943 1531/3942 1529/3945
f 1597/3944 1583/3943 1593/3946
f 1593/3946 1583/3943 1529/3945
f 1593/3946 1529/3945 1526/3947
f 1536/3948 1516/3949 1530/3950
f 1530/3950 1516/3949 1510/3951
f 3172/3952 3107/3953 3108/3954
f 2084/3955 2114/3956 2113/3957
f 2679/3958 2728/3959 2715/3960
f 2679/3961 2715/3962 2645/3963
f 69/3964 70/3965 114/3966
f 69/3964 114/3966 113/3967
f 2796/3968 2824/3969 2830/3970
f 2796/3968 2830/3970 2794/3971
f 2534/3972 2546/3973 2479/3974
f 2534/3972 2479/3974 2489/3975
f 146/3976 150/3977 170/3978
f 146/3976 170/3978 174/3979
f 174/3979 170/3978 172/3980
f 172/3980 170/3978 168/3981
f 1008/3982 991/3983 1002/3984
f 1008/3985 1002/3986 1047/3987
f 969/3988 925/3989 909/3990
f 969/3988 909/3990 967/3991
f 1089/3992 1087/3993 1131/3994
f 1089/3992 1131/3994 1122/3995
f 990/3996 1001/3997 994/3998
f 149/3999 169/4000 167/4001
f 149/3999 167/4001 147/4002
f 2727/4003 2714/4004 2725/4005
f 2742/4006 2676/4007 2739/4008
f 2739/4008 2676/4007 2630/4009
f 2630/4009 2676/4007 2603/4010
f 2917/4011 2781/4012 2909/4013
f 2909/4013 2781/4012 2782/4014
f 1636/4015 1635/4016 1612/4017
f 1612/4017 1635/4016 1594/4018
f 3230/4019 3210/4020 3229/4021
f 3229/4021 3210/4020 3209/4022
f 3230/4023 3229/4024 3263/4025
f 3230/4023 3263/4025 3264/4026
f 3210/4027 3182/4028 3181/4029
f 3210/4027 3181/4029 3209/4030
f 3264/4031 3263/4032 3254/4033
f 3254/4033 3263/4032 3253/4034
f 3182/4035 3222/4036 3221/4037
f 3182/4035 3221/4037 3181/4038
f 3254/4039 3253/4040 3222/4041
f 3222/4041 3253/4040 3221/4042
f 2918/4043 2910/4044 2783/4045
f 2783/4045 2910/4044 2784/4046
f 2743/4047 2740/4048 2677/4049
f 2677/4049 2740/4048 2631/4050
f 2677/4049 2631/4050 2604/4051
f 2728/4052 2726/4053 2715/4054
f 991/4055 995/4056 1002/4057
f 431/4058 399/4059 419/4060
f 431/4061 472/4062 399/4063
f 399/4063 472/4062 471/4064
f 399/4063 471/4064 419/4065
f 1388/4066 1387/4067 1419/4068
f 1388/4069 1419/4070 1368/4071
f 1001/4072 1046/4073 994/4074
f 3106/4075 3151/4076 3105/4077
f 3106/4078 3082/4079 3151/4080
f 2112/4081 2111/4082 2085/4083
f 2112/4084 2085/4085 2149/4086
f 2714/4087 2644/4088 2725/4089
f 1387/4090 1367/4091 1419/4092
f 3105/4093 3151/4094 3084/4095
f 2111/4096 2151/4097 2085/4098
f 3107/4099 3152/4100 3108/4101
f 3107/4102 3085/4103 3152/4104
f 2113/4105 2114/4106 2086/4107
f 2113/4108 2086/4109 2152/4110
f 420/4111 400/4112 432/4113
f 420/4114 473/4115 400/4116
f 400/4116 473/4115 474/4117
f 400/4116 474/4117 432/4118
f 1389/4119 1390/4120 1420/4121
f 1389/4122 1420/4123 1369/4124
f 2645/4125 2715/4126 2726/4127
f 3108/4128 3152/4129 3083/4130
f 2114/4131 2150/4132 2086/4133
f 1047/4134 1002/4135 995/4136
f 1390/4137 1370/4138 1420/4139
f 1857/4140 1770/4141 1776/4142
f 1776/4142 1770/4141 1768/4143
f 1776/4142 1768/4143 1788/4144
f 1788/4144 1768/4143 1782/4145
f 1776/4142 1788/4144 1794/4146
f 1857/4140 1776/4142 1845/4147
f 1845/4147 1776/4142 1794/4146
f 1857/4140 1845/4147 1855/4148
f 1845/4147 1794/4146 1837/4149
f 1855/4148 1845/4147 1831/4150
f 1831/4150 1845/4147 1837/4149
f 1857/4151 1864/4152 1765/4153
f 1857/4151 1765/4153 1770/4154
f 1765/4153 1864/4152 1863/4155
f 1765/4153 1863/4155 1764/4156
f 1857/4157 1855/4158 1864/4159
f 1864/4159 1855/4158 1860/4160
f 1770/4161 1765/4162 1761/4163
f 1770/4161 1761/4163 1768/4164
f 1864/4165 1860/4166 1859/4167
f 1864/4165 1859/4167 1863/4168
f 1765/4169 1764/4170 1760/4171
f 1765/4169 1760/4171 1761/4172
f 798/4173 797/4174 934/4175
f 799/4176 800/4177 935/4178
f 799/4176 935/4178 933/4179
f 1865/4180 1866/4181 1767/4182
f 1865/4180 1767/4182 1766/4183
f 1767/4182 1866/4181 1858/4184
f 1767/4182 1858/4184 1771/4185
f 1865/4186 1861/4187 1866/4188
f 1866/4188 1861/4187 1862/4189
f 1766/4190 1767/4191 1762/4192
f 1762/4192 1767/4191 1763/4193
f 1866/4194 1862/4195 1856/4196
f 1866/4194 1856/4196 1858/4197
f 1833/4198 1856/4196 1827/4199
f 1856/4196 1833/4198 1846/4200
f 1856/4196 1846/4200 1858/4197
f 1846/4200 1833/4198 1839/4201
f 1846/4200 1839/4201 1796/4202
f 1858/4197 1846/4200 1777/4203
f 1777/4203 1846/4200 1796/4202
f 1858/4197 1777/4203 1771/4204
f 1777/4203 1796/4202 1790/4205
f 1771/4204 1777/4203 1769/4206
f 1769/4206 1777/4203 1790/4205
f 1769/4206 1790/4205 1784/4207
f 1767/4208 1771/4209 1763/4210
f 1763/4210 1771/4209 1769/4211
f 2906/4212 2905/4213 2752/4214
f 2906/4212 2752/4214 2750/4215
f 2907/4216 2908/4217 2753/4218
f 2753/4218 2908/4217 2751/4219
f 1193/4220 1075/4221 1185/4222
f 1075/4221 1193/4220 1073/4223
f 1075/4221 1073/4223 984/4224
f 1075/4221 984/4224 986/4225
f 1419/4226 1367/4227 1368/4228
f 3151/4229 3082/4230 3084/4231
f 2085/4232 2151/4233 2149/4234
f 3152/4235 3085/4236 3083/4237
f 2086/4238 2150/4239 2152/4240
f 1420/4241 1370/4242 1369/4243
f 829/4244 816/4245 987/4246
f 987/4246 816/4245 985/4247
f 987/4246 985/4247 1076/4248
f 1076/4248 985/4247 1074/4249
f 1076/4248 1074/4249 1194/4250
f 1076/4248 1194/4250 1186/4251
f 3084/4252 3082/4253 3102/4254
f 3084/4255 3102/4256 3052/4257
f 2151/4258 2109/4259 2149/4260
f 2109/4259 2151/4258 2201/4261
f 3085/4262 3103/4263 3083/4264
f 3085/4265 3054/4266 3103/4267
f 2152/4268 2150/4269 2110/4270
f 2152/4268 2110/4270 2203/4271
f 147/4272 167/4273 143/4274
f 143/4274 167/4273 171/4275
f 210/4276 209/4277 177/4278
f 210/4276 177/4278 178/4279
f 209/4280 217/4281 177/4282
f 3229/4283 3209/4284 3195/4285
f 3195/4285 3209/4284 3137/4286
f 3229/4283 3195/4285 3245/4287
f 3137/4286 3209/4284 3104/4288
f 3229/4283 3245/4287 3281/4289
f 3104/4288 3209/4284 3181/4290
f 3229/4283 3281/4289 3263/4291
f 3104/4288 3181/4290 3138/4292
f 3263/4291 3281/4289 3323/4293
f 3138/4292 3181/4290 3196/4294
f 3263/4291 3323/4293 3253/4295
f 3196/4294 3181/4290 3221/4296
f 3253/4295 3323/4293 3282/4297
f 3196/4294 3221/4296 3246/4298
f 3253/4295 3282/4297 3246/4298
f 3253/4295 3246/4298 3221/4296
f 211/4299 212/4300 179/4301
f 179/4301 212/4300 180/4302
f 144/4303 172/4304 168/4305
f 144/4303 168/4305 148/4306
f 472/4307 429/4308 471/4309
f 472/4310 527/4311 429/4312
f 1368/4313 1367/4314 1385/4315
f 1368/4316 1385/4317 1340/4318
f 1368/4316 1340/4318 1293/4319
f 1293/4319 1340/4318 1309/4320
f 1309/4320 1340/4318 1348/4321
f 1293/4319 1309/4320 1268/4322
f 1268/4322 1309/4320 1297/4323
f 23/4324 37/4325 22/4326
f 22/4326 37/4325 36/4327
f 3082/4328 3053/4329 3102/4330
f 3082/4331 3000/4332 3053/4333
f 3053/4333 3000/4332 3015/4334
f 3015/4334 3000/4332 2983/4335
f 2149/4336 2109/4337 2202/4338
f 2149/4336 2202/4338 2267/4339
f 2267/4339 2202/4338 2241/4340
f 2241/4340 2202/4338 2165/4341
f 2267/4339 2241/4340 2282/4342
f 2282/4342 2241/4340 2239/4343
f 217/4344 189/4345 177/4346
f 22/4347 36/4348 18/4349
f 18/4349 36/4348 34/4350
f 471/4351 429/4352 526/4353
f 3245/4354 3195/4355 3193/4356
f 3245/4354 3193/4356 3243/4357
f 3245/4358 3243/4359 3301/4360
f 3245/4358 3301/4360 3281/4361
f 3195/4362 3137/4363 3122/4364
f 3195/4362 3122/4364 3193/4365
f 3122/4364 3137/4363 3095/4366
f 3095/4366 3137/4363 3104/4367
f 3281/4368 3301/4369 3367/4370
f 3281/4368 3367/4370 3323/4371
f 3323/4371 3367/4370 3302/4372
f 3323/4371 3302/4372 3282/4373
f 3104/4374 3138/4375 3123/4376
f 3104/4374 3123/4376 3095/4377
f 3282/4378 3302/4379 3244/4380
f 3282/4378 3244/4380 3246/4381
f 3246/4381 3244/4380 3196/4382
f 3196/4382 3244/4380 3194/4383
f 3138/4384 3196/4385 3194/4386
f 3138/4384 3194/4386 3123/4387
f 473/4388 430/4389 474/4390
f 473/4391 528/4392 430/4393
f 1369/4394 1370/4395 1386/4396
f 1369/4397 1386/4398 1341/4399
f 1369/4397 1341/4399 1312/4400
f 1312/4400 1341/4399 1300/4401
f 1300/4401 1341/4399 1349/4402
f 1312/4400 1300/4401 1269/4403
f 1269/4403 1300/4401 1298/4404
f 24/4405 19/4406 38/4407
f 38/4407 19/4406 35/4408
f 38/4407 35/4408 179/4409
f 179/4409 35/4408 190/4410
f 24/4411 38/4412 39/4413
f 24/4411 39/4413 25/4414
f 3083/4415 3103/4416 3055/4417
f 2150/4418 2204/4419 2110/4420
f 2204/4419 2150/4418 2268/4421
f 2204/4419 2268/4421 2242/4422
f 2204/4419 2242/4422 2166/4423
f 2242/4422 2268/4421 2283/4424
f 2242/4422 2283/4424 2240/4425
f 474/4426 430/4427 529/4428
f 1370/4429 1342/4430 1386/4431
f 1342/4430 1370/4429 1294/4432
f 1342/4430 1294/4432 1310/4433
f 1342/4430 1310/4433 1349/4434
f 1310/4433 1294/4432 1270/4435
f 1310/4433 1270/4435 1298/4436
f 1270/4435 1294/4432 1184/4437
f 255/4438 262/4439 289/4440
f 289/4440 262/4439 345/4441
f 345/4441 262/4439 261/4442
f 345/4441 261/4442 344/4443
f 344/4443 261/4442 508/4444
f 344/4443 508/4444 509/4445
f 1838/4446 1795/4447 1792/4448
f 1838/4446 1792/4448 1835/4449
f 1838/4450 1837/4451 1794/4452
f 1838/4450 1794/4452 1795/4453
f 1838/4454 1835/4455 1837/4456
f 1837/4456 1835/4455 1831/4457
f 1831/4457 1835/4455 1832/4458
f 1831/4457 1832/4458 1829/4459
f 1831/4457 1829/4459 1825/4460
f 1825/4460 1829/4459 1826/4461
f 1795/4462 1794/4463 1792/4464
f 1792/4464 1794/4463 1788/4465
f 1792/4464 1788/4465 1789/4466
f 1789/4466 1788/4465 1786/4467
f 1786/4467 1788/4465 1782/4468
f 1786/4467 1782/4468 1783/4469
f 3486/4470 3458/4471 3480/4472
f 3480/4472 3458/4471 3454/4473
f 3458/4471 3486/4470 3485/4474
f 3454/4473 3458/4471 3345/4475
f 3454/4473 3345/4475 3341/4476
f 3458/4471 3485/4474 3457/4477
f 3458/4471 3457/4477 3345/4475
f 3457/4477 3485/4474 3479/4478
f 3345/4475 3457/4477 3344/4479
f 3457/4477 3479/4478 3453/4480
f 3344/4479 3457/4477 3340/4481
f 3340/4481 3457/4477 3453/4480
f 3486/4482 3480/4483 3476/4484
f 3476/4484 3480/4483 3468/4485
f 3486/4482 3476/4484 3485/4486
f 3485/4486 3476/4484 3475/4487
f 3485/4486 3475/4487 3479/4488
f 3479/4488 3475/4487 3467/4489
f 3476/4484 3468/4485 3472/4490
f 3472/4490 3468/4485 3467/4489
f 3467/4489 3475/4487 3471/4491
f 3467/4489 3471/4491 3472/4490
f 3472/4490 3471/4491 3445/4492
f 3472/4490 3445/4492 3446/4493
f 3459/4494 3346/4495 3455/4496
f 3459/4494 3455/4496 3481/4497
f 3455/4496 3346/4495 3342/4498
f 3346/4495 3459/4494 3460/4499
f 3346/4495 3460/4499 3347/4500
f 3347/4500 3460/4499 3343/4501
f 3343/4501 3460/4499 3456/4502
f 3456/4502 3460/4499 3484/4503
f 3459/4504 3481/4505 3482/4506
f 3459/4504 3482/4506 3460/4507
f 3482/4506 3481/4505 3477/4508
f 3477/4508 3481/4505 3469/4509
f 3460/4507 3482/4506 3483/4510
f 3483/4510 3482/4506 3477/4508
f 3460/4507 3483/4510 3484/4511
f 3483/4510 3477/4508 3478/4512
f 3483/4510 3478/4512 3484/4511
f 3477/4508 3469/4509 3473/4513
f 3484/4511 3478/4512 3470/4514
f 3470/4514 3478/4512 3474/4515
f 3470/4514 3474/4515 3469/4509
f 3469/4509 3474/4515 3473/4513
f 3473/4513 3474/4515 3447/4516
f 3447/4516 3474/4515 3448/4517
f 263/4518 264/4519 347/4520
f 263/4518 347/4520 346/4521
f 263/4518 346/4521 510/4522
f 510/4522 346/4521 511/4523
f 1839/4524 1840/4525 1796/4526
f 1796/4526 1840/4525 1797/4527
f 1839/4528 1836/4529 1840/4530
f 1836/4529 1839/4528 1833/4531
f 1836/4529 1833/4531 1834/4532
f 1834/4532 1833/4531 1830/4533
f 1830/4533 1833/4531 1827/4534
f 1830/4533 1827/4534 1828/4535
f 1796/4536 1797/4537 1793/4538
f 1796/4536 1793/4538 1790/4539
f 1790/4539 1793/4538 1791/4540
f 1790/4539 1791/4540 1787/4541
f 1790/4539 1787/4541 1784/4542
f 1784/4542 1787/4541 1785/4543
f 1840/4544 1836/4545 1793/4546
f 1840/4544 1793/4546 1797/4547
f 1934/4548 2014/4549 1952/4550
f 1934/4551 1952/4552 1924/4553
f 934/4554 932/4555 1082/4556
f 934/4554 1082/4556 1084/4557
f 2782/4558 2781/4559 2529/4560
f 2782/4558 2529/4560 2530/4561
f 3480/4562 3454/4563 3468/4564
f 3468/4564 3454/4563 3442/4565
f 3442/4565 3454/4563 3333/4566
f 3333/4566 3454/4563 3341/4567
f 3479/4568 3467/4569 3453/4570
f 3453/4570 3467/4569 3441/4571
f 3453/4570 3441/4571 3340/4572
f 3340/4572 3441/4571 3332/4573
f 3243/4574 3193/4575 3241/4576
f 3243/4574 3241/4576 3301/4577
f 3241/4576 3193/4575 3207/4578
f 3207/4578 3193/4575 3122/4579
f 3301/4577 3241/4576 3269/4580
f 3301/4577 3269/4580 3367/4581
f 3367/4581 3269/4580 3300/4582
f 3367/4581 3300/4582 3302/4583
f 3302/4583 3300/4582 3270/4584
f 3270/4584 3300/4582 3269/4580
f 3270/4584 3269/4580 3241/4576
f 3270/4584 3241/4576 3242/4585
f 3242/4585 3241/4576 3207/4578
f 3242/4585 3207/4578 3208/4586
f 3208/4586 3207/4578 3150/4587
f 3149/4588 3207/4578 3122/4579
f 3207/4578 3149/4588 3150/4587
f 3149/4588 3122/4579 3095/4589
f 3150/4587 3149/4588 3121/4590
f 3121/4590 3149/4588 3095/4589
f 3150/4587 3121/4590 3123/4591
f 3123/4591 3121/4590 3095/4589
f 3302/4592 3270/4593 3244/4594
f 3244/4594 3270/4593 3242/4595
f 3123/4596 3194/4597 3150/4598
f 3150/4598 3194/4597 3208/4599
f 3208/4599 3194/4597 3242/4600
f 3242/4600 3194/4597 3244/4601
f 3455/4602 3342/4603 3334/4604
f 3455/4602 3334/4604 3443/4605
f 3455/4606 3469/4607 3481/4608
f 3469/4607 3455/4606 3443/4609
f 3484/4610 3470/4611 3456/4612
f 3456/4612 3470/4611 3444/4613
f 3456/4612 3444/4613 3343/4614
f 3343/4614 3444/4613 3335/4615
f 2783/4616 2784/4617 2531/4618
f 2531/4618 2784/4617 2532/4619
f 935/4620 1085/4621 1083/4622
f 935/4620 1083/4622 933/4623
f 2752/4624 2585/4625 2750/4626
f 2750/4626 2585/4625 2583/4627
f 429/4628 527/4629 526/4630
f 1385/4631 1339/4632 1340/4633
f 3102/4634 3053/4635 3052/4636
f 2109/4637 2201/4638 2202/4639
f 3103/4640 3054/4641 3055/4642
f 2110/4643 2204/4644 2203/4645
f 430/4646 528/4647 529/4648
f 1386/4649 1342/4650 1341/4651
f 2753/4652 2751/4653 2586/4654
f 2586/4654 2751/4653 2584/4655
f 37/4656 178/4657 36/4658
f 36/4658 178/4657 177/4659
f 36/4660 177/4661 34/4662
f 34/4662 177/4661 189/4663
f 3239/4664 3240/4665 3225/4666
f 3225/4666 3240/4665 3226/4667
f 3240/4665 3239/4664 3258/4668
f 3258/4668 3239/4664 3257/4669
f 38/4670 179/4671 180/4672
f 38/4670 180/4672 39/4673
f 527/4674 655/4675 609/4676
f 527/4677 512/4678 526/4679
f 527/4680 609/4681 512/4682
f 1340/4683 1339/4684 1348/4685
f 3053/4686 3068/4687 3052/4688
f 3053/4689 3015/4690 3068/4691
f 2202/4692 2201/4693 2165/4694
f 526/4695 512/4696 591/4697
f 3052/4698 3068/4699 3014/4700
f 3257/4701 3261/4702 3262/4703
f 3257/4701 3262/4703 3258/4704
f 3225/4705 3226/4706 3219/4707
f 3219/4707 3226/4706 3220/4708
f 3054/4709 3069/4710 3055/4711
f 3054/4712 3016/4713 3069/4714
f 2203/4715 2204/4716 2166/4717
f 2203/4718 2166/4719 2266/4720
f 528/4721 513/4722 529/4723
f 528/4724 592/4725 513/4726
f 1341/4727 1342/4728 1349/4729
f 3055/4730 3069/4731 3017/4732
f 529/4733 513/4734 610/4735
f 3261/4736 3255/4737 3256/4738
f 3261/4736 3256/4738 3262/4739
f 3219/4740 3220/4741 3223/4742
f 3223/4742 3220/4741 3224/4743
f 32/4744 207/4745 205/4746
f 32/4744 205/4746 30/4747
f 32/4748 30/4749 15/4750
f 15/4750 30/4749 14/4751
f 207/4752 227/4753 205/4754
f 205/4754 227/4753 226/4755
f 3255/4756 3237/4757 3238/4758
f 3255/4756 3238/4758 3256/4759
f 3238/4758 3237/4757 3224/4760
f 3224/4760 3237/4757 3223/4761
f 33/4762 31/4763 206/4764
f 33/4762 206/4764 208/4765
f 33/4766 17/4767 31/4768
f 208/4769 206/4770 229/4771
f 229/4771 206/4770 228/4772
f 30/4773 205/4774 63/4775
f 30/4773 63/4775 14/4776
f 63/4775 205/4774 107/4777
f 107/4777 205/4774 155/4778
f 14/4776 63/4775 10/4779
f 10/4779 63/4775 59/4780
f 14/4776 10/4779 1726/4781
f 1726/4781 10/4779 1722/4782
f 10/4779 59/4780 103/4783
f 107/4777 155/4778 151/4784
f 107/4777 151/4784 103/4783
f 226/4785 155/4778 205/4774
f 155/4778 226/4785 185/4786
f 185/4786 226/4785 181/4787
f 10/4779 103/4783 222/4788
f 222/4788 103/4783 151/4784
f 222/4788 151/4784 181/4787
f 222/4788 181/4787 226/4785
f 222/4788 226/4785 344/4789
f 222/4788 344/4789 509/4790
f 512/4791 609/4792 591/4793
f 1348/4794 1299/4795 1309/4796
f 3068/4797 3015/4798 3014/4799
f 2165/4800 2265/4801 2241/4802
f 3069/4803 3016/4804 3017/4805
f 2166/4806 2242/4807 2266/4808
f 513/4809 592/4810 610/4811
f 1349/4812 1310/4813 1300/4814
f 31/4815 16/4816 65/4817
f 31/4815 65/4817 206/4818
f 65/4817 16/4816 12/4819
f 12/4819 16/4816 1728/4820
f 12/4819 1728/4820 1723/4821
f 65/4817 12/4819 61/4822
f 61/4822 12/4819 105/4823
f 206/4818 65/4817 109/4824
f 206/4818 109/4824 157/4825
f 153/4826 109/4824 105/4823
f 109/4824 153/4826 157/4825
f 105/4823 12/4819 224/4827
f 105/4823 224/4827 153/4826
f 153/4826 224/4827 183/4828
f 206/4818 157/4825 228/4829
f 183/4828 224/4827 228/4829
f 228/4829 157/4825 187/4830
f 228/4829 187/4830 183/4828
f 228/4829 224/4827 346/4831
f 346/4831 224/4827 511/4832
f 31/4833 17/4834 16/4835
f 609/4836 589/4837 591/4838
f 609/4839 718/4840 589/4841
f 1309/4842 1299/4843 1297/4844
f 3015/4845 3024/4846 3014/4847
f 3015/4848 2983/4849 3024/4850
f 2241/4851 2265/4852 2239/4853
f 591/4854 589/4855 717/4856
f 3014/4857 3024/4858 2975/4859
f 2265/4860 2294/4861 2239/4862
f 3016/4863 3025/4864 3017/4865
f 3016/4866 2976/4867 3025/4868
f 2266/4869 2242/4870 2240/4871
f 2266/4872 2240/4873 2295/4874
f 592/4875 590/4876 610/4877
f 592/4878 719/4879 590/4880
f 1300/4881 1310/4882 1298/4883
f 3017/4884 3025/4885 2984/4886
f 610/4887 590/4888 720/4889
f 3235/4890 3205/4891 3191/4892
f 3235/4890 3191/4892 3233/4893
f 3235/4890 3233/4893 3295/4894
f 3235/4890 3295/4894 3267/4895
f 3235/4890 3267/4895 3268/4896
f 3268/4896 3267/4895 3297/4897
f 3235/4890 3268/4896 3236/4898
f 3235/4890 3236/4898 3205/4891
f 3205/4891 3236/4898 3206/4899
f 3205/4891 3206/4899 3148/4900
f 3205/4891 3148/4900 3147/4901
f 3147/4901 3148/4900 3120/4902
f 3205/4903 3147/4904 3118/4905
f 3205/4903 3118/4905 3191/4906
f 3118/4905 3147/4904 3094/4907
f 3094/4907 3147/4904 3120/4908
f 3267/4909 3295/4910 3362/4911
f 3267/4909 3362/4911 3297/4912
f 3297/4912 3362/4911 3296/4913
f 3297/4912 3296/4913 3268/4914
f 3120/4915 3148/4916 3119/4917
f 3120/4915 3119/4917 3094/4918
f 3119/4917 3148/4916 3192/4919
f 3192/4919 3148/4916 3206/4920
f 3268/4921 3296/4922 3234/4923
f 3234/4923 3296/4922 3280/4924
f 3268/4921 3234/4923 3236/4925
f 3234/4923 3280/4924 3232/4926
f 3236/4925 3234/4923 3192/4927
f 3192/4927 3234/4923 3232/4926
f 3236/4925 3192/4927 3206/4928
f 3192/4927 3232/4926 3190/4929
f 3233/4930 3191/4931 3189/4932
f 3233/4930 3189/4932 3231/4933
f 3233/4934 3231/4935 3295/4936
f 3295/4936 3231/4935 3279/4937
f 3191/4938 3118/4939 3189/4940
f 3189/4940 3118/4939 3135/4941
f 3135/4941 3118/4939 3094/4942
f 3135/4941 3094/4942 3101/4943
f 3295/4944 3279/4945 3362/4946
f 3362/4946 3279/4945 3318/4947
f 3362/4946 3318/4947 3296/4948
f 3296/4948 3318/4947 3280/4949
f 3094/4950 3119/4951 3101/4952
f 3101/4952 3119/4951 3136/4953
f 3136/4953 3119/4951 3192/4954
f 3192/4955 3190/4956 3136/4957
f 589/4958 718/4959 717/4960
f 1297/4961 1267/4962 1268/4963
f 3024/4964 2983/4965 2975/4966
f 2239/4967 2294/4968 2282/4969
f 3476/4970 3450/4971 3449/4972
f 3476/4970 3449/4972 3475/4973
f 3476/4974 3446/4975 3450/4976
f 3446/4975 3476/4974 3472/4977
f 3450/4976 3446/4975 3359/4978
f 3359/4978 3446/4975 3355/4979
f 3475/4980 3449/4981 3471/4982
f 3471/4982 3449/4981 3445/4983
f 3477/4984 3451/4985 3478/4986
f 3478/4986 3451/4985 3452/4987
f 3477/4988 3447/4989 3451/4990
f 3447/4989 3477/4988 3473/4991
f 3451/4990 3447/4989 3360/4992
f 3360/4992 3447/4989 3356/4993
f 3478/4994 3452/4995 3474/4996
f 3474/4996 3452/4995 3448/4997
f 3025/4998 2976/4999 2984/5000
f 2240/5001 2283/5002 2295/5003
f 590/5004 719/5005 720/5006
f 1298/5007 1270/5008 1269/5009
f 718/5010 708/5011 717/5012
f 718/5013 741/5014 708/5015
f 1268/5016 1267/5017 1265/5018
f 1268/5019 1265/5020 1248/5021
f 2983/5022 2981/5023 2975/5024
f 2983/5025 2937/5026 2981/5027
f 2981/5027 2937/5026 2945/5028
f 2981/5027 2945/5028 2947/5029
f 2981/5027 2947/5029 2975/5030
f 2282/5031 2294/5032 2286/5033
f 2282/5034 2286/5035 2317/5036
f 2317/5036 2286/5035 2306/5037
f 717/5038 708/5039 740/5040
f 3450/5041 3359/5042 3449/5043
f 3449/5043 3359/5042 3358/5044
f 3359/5045 3355/5046 3358/5047
f 3358/5047 3355/5046 3354/5048
f 3449/5049 3358/5050 3445/5051
f 3445/5051 3358/5050 3354/5052
f 3231/5053 3189/5054 3232/5055
f 3232/5055 3189/5054 3190/5056
f 3231/5053 3232/5055 3280/5057
f 3231/5053 3280/5057 3279/5058
f 3279/5058 3280/5057 3318/5059
f 3190/5056 3189/5054 3136/5060
f 3136/5060 3189/5054 3135/5061
f 3136/5060 3135/5061 3101/5062
f 3451/5063 3360/5064 3452/5065
f 3452/5065 3360/5064 3361/5066
f 3360/5067 3356/5068 3361/5069
f 3361/5069 3356/5068 3357/5070
f 3452/5071 3361/5072 3448/5073
f 3448/5073 3361/5072 3357/5074
f 719/5075 709/5076 720/5077
f 719/5078 742/5079 709/5080
f 1269/5081 1270/5082 1266/5083
f 1269/5084 1266/5085 1249/5086
f 1269/5084 1249/5086 1214/5087
f 1214/5087 1249/5086 1182/5088
f 2984/5089 2976/5090 2982/5091
f 2984/5092 2982/5093 2938/5094
f 2938/5094 2982/5093 2946/5095
f 2946/5095 2982/5093 2948/5096
f 2948/5096 2982/5093 2976/5097
f 2283/5098 2396/5099 2318/5100
f 2318/5100 2396/5099 2417/5101
f 2283/5098 2318/5100 2287/5102
f 2287/5102 2318/5100 2307/5103
f 2283/5104 2287/5105 2295/5106
f 720/5107 709/5108 743/5109
f 1270/5110 1250/5111 1266/5112
f 1270/5113 1184/5114 1250/5115
f 2294/5116 2319/5117 2286/5118
f 2286/5118 2319/5117 2306/5119
f 2295/5120 2287/5121 2320/5122
f 2320/5122 2287/5121 2307/5123
f 2395/5124 2317/5125 2416/5126
f 1951/5127 1877/5128 2012/5129
f 2012/5129 1877/5128 1876/5130
f 2012/5129 1876/5130 2011/5131
f 2011/5131 1876/5130 1875/5132
f 1706/5133 15/5134 14/5135
f 1706/5133 14/5135 1726/5136
f 1706/5133 1726/5136 1727/5137
f 15/5138 14/5139 11/5140
f 11/5140 14/5139 10/5141
f 15/5142 11/5143 10/5144
f 15/5142 10/5144 14/5145
f 227/5146 289/5147 345/5148
f 227/5146 345/5148 226/5149
f 226/5149 345/5148 344/5150
f 227/5151 226/5152 223/5153
f 223/5153 226/5152 222/5154
f 227/5155 223/5156 222/5157
f 227/5155 222/5157 226/5158
f 2011/5159 1875/5160 2009/5161
f 2009/5161 1875/5160 1871/5162
f 2011/5159 2009/5161 2147/5163
f 2147/5163 2009/5161 2339/5164
f 1726/5165 1722/5166 1750/5167
f 1750/5167 1722/5166 1748/5168
f 708/5169 741/5170 740/5171
f 1265/5172 1247/5173 1248/5174
f 709/5175 742/5176 743/5177
f 1266/5178 1250/5179 1249/5180
f 2013/5181 1878/5182 1879/5183
f 2013/5181 1879/5183 2014/5184
f 2014/5184 1879/5183 1880/5185
f 2014/5184 1880/5185 1952/5186
f 2013/5187 2148/5188 2010/5189
f 2013/5187 2010/5189 1878/5190
f 1878/5190 2010/5189 1872/5191
f 1728/5192 16/5193 1707/5194
f 1707/5194 16/5193 17/5195
f 1728/5192 1707/5194 1729/5196
f 16/5197 17/5198 13/5199
f 16/5197 13/5199 12/5200
f 16/5201 12/5202 17/5203
f 17/5203 12/5202 13/5204
f 228/5205 346/5206 347/5207
f 228/5205 347/5207 229/5208
f 229/5208 347/5207 290/5209
f 228/5210 229/5211 225/5212
f 228/5210 225/5212 224/5213
f 228/5214 224/5215 229/5216
f 229/5216 224/5215 225/5217
f 741/5218 813/5219 752/5220
f 741/5218 752/5220 740/5221
f 1248/5222 1247/5223 1233/5224
f 1248/5225 1233/5226 1191/5227
f 740/5228 752/5229 807/5230
f 807/5230 752/5229 789/5231
f 789/5231 752/5229 813/5232
f 807/5230 789/5231 930/5233
f 1247/5234 1181/5235 1233/5236
f 1233/5236 1181/5235 1211/5237
f 1211/5237 1181/5235 1069/5238
f 1233/5236 1211/5237 1191/5239
f 1191/5239 1211/5237 1119/5240
f 2947/5241 2945/5242 2847/5243
f 2847/5243 2945/5242 2881/5244
f 2881/5244 2945/5242 2843/5245
f 2847/5243 2881/5244 2737/5246
f 2319/5247 2418/5248 2306/5249
f 2306/5249 2418/5248 2393/5250
f 2306/5249 2393/5250 2414/5251
f 2393/5250 2418/5248 2562/5252
f 2948/5253 2848/5254 2946/5255
f 2946/5255 2848/5254 2882/5256
f 2946/5255 2882/5256 2844/5257
f 2882/5256 2848/5254 2738/5258
f 2320/5259 2307/5260 2419/5261
f 2419/5261 2307/5260 2394/5262
f 2394/5262 2307/5260 2415/5263
f 2419/5261 2394/5262 2563/5264
f 742/5265 808/5266 753/5267
f 753/5267 808/5266 792/5268
f 753/5267 792/5268 814/5269
f 792/5268 808/5266 931/5270
f 742/5271 753/5272 743/5273
f 743/5273 753/5272 814/5274
f 1249/5275 1250/5276 1234/5277
f 1249/5278 1234/5279 1182/5280
f 1182/5280 1234/5279 1212/5281
f 1182/5280 1212/5281 1070/5282
f 1212/5281 1234/5279 1192/5283
f 1212/5281 1192/5283 1120/5284
f 1250/5285 1184/5286 1192/5287
f 1250/5285 1192/5287 1234/5288
f 64/5289 108/5290 104/5291
f 64/5289 104/5291 60/5292
f 64/5293 63/5294 108/5295
f 108/5295 63/5294 107/5296
f 64/5297 60/5298 59/5299
f 64/5297 59/5299 63/5300
f 108/5301 107/5302 104/5303
f 104/5303 107/5302 103/5304
f 156/5305 186/5306 182/5307
f 156/5305 182/5307 152/5308
f 156/5309 155/5310 186/5311
f 186/5311 155/5310 185/5312
f 156/5313 152/5314 151/5315
f 156/5313 151/5315 155/5316
f 186/5317 185/5318 182/5319
f 182/5319 185/5318 181/5320
f 2937/5321 2845/5322 2945/5323
f 2317/5324 2306/5325 2416/5326
f 65/5327 66/5328 110/5329
f 65/5327 110/5329 109/5330
f 65/5331 61/5332 66/5333
f 66/5333 61/5332 62/5334
f 109/5335 110/5336 106/5337
f 109/5335 106/5337 105/5338
f 157/5339 158/5340 188/5341
f 157/5339 188/5341 187/5342
f 157/5343 153/5344 158/5345
f 158/5345 153/5344 154/5346
f 187/5347 188/5348 184/5349
f 187/5347 184/5349 183/5350
f 2938/5351 2946/5352 2846/5353
f 2318/5354 2417/5355 2307/5356
f 66/5357 62/5358 106/5359
f 66/5357 106/5359 110/5360
f 158/5361 154/5362 184/5363
f 158/5361 184/5363 188/5364
f 2654/5365 2593/5366 2845/5367
f 1835/5368 1792/5369 1832/5370
f 1832/5370 1792/5369 1789/5371
f 1836/5372 1834/5373 1793/5374
f 1793/5374 1834/5373 1791/5375
f 813/5376 922/5377 857/5378
f 857/5378 922/5377 1119/5379
f 857/5378 1119/5379 1147/5380
f 813/5381 857/5382 789/5383
f 2845/5384 2593/5385 2843/5386
f 2843/5386 2593/5385 2512/5387
f 2845/5388 2843/5389 2945/5390
f 2416/5391 2306/5392 2414/5393
f 2416/5394 2414/5395 2593/5396
f 1869/5397 1750/5398 1748/5399
f 1869/5397 1748/5399 1867/5400
f 1869/5401 1831/5402 1750/5403
f 1750/5403 1831/5402 1788/5404
f 1831/5402 1869/5401 1859/5405
f 1859/5405 1869/5401 1873/5406
f 1869/5407 1867/5408 1871/5409
f 1750/5410 1788/5411 1760/5412
f 1750/5413 1760/5414 1724/5415
f 1832/5416 1789/5417 1786/5418
f 1832/5416 1786/5418 1829/5419
f 3446/5420 3445/5421 3354/5422
f 3446/5420 3354/5422 3355/5423
f 3447/5424 3448/5425 3357/5426
f 3447/5424 3357/5426 3356/5427
f 2946/5428 2844/5429 2846/5430
f 2307/5431 2417/5432 2415/5433
f 1833/5434 1870/5435 1751/5436
f 1833/5434 1751/5436 1790/5437
f 1834/5438 1830/5439 1787/5440
f 1834/5438 1787/5440 1791/5441
f 1870/5442 1861/5443 1874/5444
f 1870/5445 1868/5446 1749/5447
f 1870/5445 1749/5447 1751/5448
f 1751/5448 1749/5447 1723/5449
f 1870/5450 1872/5451 1868/5452
f 1751/5453 1725/5454 1762/5455
f 2846/5456 2844/5457 2594/5458
f 2594/5458 2844/5457 2513/5459
f 2417/5460 2594/5461 2415/5462
f 814/5463 792/5464 858/5465
f 814/5466 858/5467 923/5468
f 923/5468 858/5467 1120/5469
f 1120/5469 858/5467 1148/5470
f 1829/5471 1786/5472 1783/5473
f 1829/5471 1783/5473 1826/5474
f 2883/5475 2335/5476 2562/5477
f 2562/5477 2335/5476 2393/5478
f 2883/5475 2562/5477 2737/5479
f 2883/5475 2737/5479 2881/5480
f 2883/5481 2881/5482 2941/5483
f 2941/5483 2881/5482 2942/5484
f 2942/5484 2881/5482 2843/5485
f 2942/5484 2843/5485 2879/5486
f 2335/5487 2290/5488 2393/5489
f 2393/5489 2290/5488 2291/5490
f 2393/5489 2291/5490 2414/5491
f 2414/5491 2291/5490 2339/5492
f 2414/5491 2339/5492 2512/5493
f 3338/5494 3336/5495 3046/5496
f 3338/5494 3046/5496 3049/5497
f 3339/5498 3051/5499 3047/5500
f 3339/5498 3047/5500 3337/5501
f 2884/5502 2738/5503 2563/5504
f 2738/5503 2884/5502 2882/5505
f 2884/5502 2563/5504 2336/5506
f 2336/5506 2563/5504 2394/5507
f 2884/5508 2943/5509 2882/5510
f 2882/5510 2943/5509 2944/5511
f 2882/5510 2944/5511 2844/5512
f 2844/5512 2944/5511 2880/5513
f 2336/5514 2394/5515 2292/5516
f 2292/5516 2394/5515 2293/5517
f 1830/5518 1828/5519 1785/5520
f 1830/5518 1785/5520 1787/5521
f 1119/5522 1211/5523 1147/5524
f 2593/5525 2414/5526 2512/5527
f 2843/5528 2512/5529 2879/5530
f 2879/5530 2512/5529 2339/5531
f 789/5532 788/5533 930/5534
f 930/5534 788/5533 787/5535
f 787/5535 788/5533 508/5536
f 930/5534 787/5535 1069/5537
f 1069/5537 787/5535 1280/5538
f 1280/5538 787/5535 1279/5539
f 1069/5537 1280/5538 1189/5540
f 1069/5537 1189/5540 1211/5541
f 1189/5540 1280/5538 1295/5542
f 1189/5540 1295/5542 1330/5543
f 1189/5540 1330/5543 1307/5544
f 1189/5540 1307/5544 1147/5545
f 1307/5544 1330/5543 1508/5546
f 1307/5544 1508/5546 1442/5547
f 1442/5547 1508/5546 1478/5548
f 1478/5548 1508/5546 1509/5549
f 1509/5549 1508/5546 1528/5550
f 789/5551 857/5552 788/5553
f 1211/5554 1189/5555 1147/5556
f 788/5557 857/5558 738/5559
f 788/5560 738/5561 508/5562
f 1557/5563 1543/5564 1568/5565
f 1568/5565 1543/5564 1502/5566
f 1568/5565 1502/5566 1581/5567
f 1581/5567 1502/5566 1512/5568
f 1581/5567 1512/5568 1582/5569
f 1568/5570 1581/5571 1579/5572
f 1568/5570 1579/5572 1567/5573
f 1581/5574 1582/5575 1580/5576
f 1581/5574 1580/5576 1579/5577
f 3336/5578 3337/5579 3046/5580
f 3046/5580 3337/5579 3047/5581
f 790/5582 1282/5583 1281/5584
f 1282/5583 790/5582 1070/5585
f 1070/5585 790/5582 931/5586
f 931/5586 790/5582 791/5587
f 931/5586 791/5587 792/5588
f 791/5587 790/5582 510/5589
f 1282/5583 1070/5585 1190/5590
f 1190/5590 1070/5585 1212/5591
f 1282/5583 1190/5590 1296/5592
f 1296/5592 1190/5590 1331/5593
f 1331/5593 1190/5590 1308/5594
f 1308/5594 1190/5590 1148/5595
f 1331/5593 1308/5594 1510/5596
f 1510/5596 1308/5594 1443/5597
f 1510/5596 1443/5597 1479/5598
f 1510/5596 1479/5598 1511/5599
f 1510/5596 1511/5599 1530/5600
f 2394/5601 2415/5602 2293/5603
f 791/5604 858/5605 792/5606
f 791/5607 510/5608 739/5609
f 791/5610 739/5611 858/5612
f 1190/5613 1212/5614 1148/5615
f 1212/5616 1120/5617 1148/5618
f 2844/5619 2880/5620 2513/5621
f 2415/5622 2594/5623 2513/5624
f 2415/5625 2513/5626 2340/5627
f 2415/5625 2340/5627 2293/5628
f 2513/5629 2880/5630 2340/5631
f 857/5632 1147/5633 1175/5634
f 1175/5634 1147/5633 1307/5635
f 1175/5634 1307/5635 1209/5636
f 1209/5636 1307/5635 1328/5637
f 1328/5637 1307/5635 1442/5638
f 1328/5637 1442/5638 1450/5639
f 1450/5639 1442/5638 1478/5640
f 1450/5639 1478/5640 1485/5641
f 1485/5641 1478/5640 1509/5642
f 1485/5641 1509/5642 1541/5643
f 1541/5643 1509/5642 1528/5644
f 1541/5643 1528/5644 1554/5645
f 1554/5645 1528/5644 1527/5646
f 857/5647 1175/5648 738/5649
f 738/5649 1175/5648 1209/5650
f 738/5649 1209/5650 1207/5651
f 1207/5651 1209/5650 1326/5652
f 738/5649 1207/5651 2897/5653
f 1326/5652 1209/5650 1328/5654
f 1326/5652 1328/5654 1448/5655
f 1448/5655 1328/5654 1450/5656
f 738/5649 2897/5653 2899/5657
f 2899/5657 2897/5653 3038/5658
f 3038/5658 2897/5653 3036/5659
f 2899/5657 3038/5658 2901/5660
f 858/5661 1176/5662 1148/5663
f 1176/5662 858/5661 739/5664
f 1148/5663 1176/5662 1308/5665
f 1176/5662 739/5664 1210/5666
f 1176/5662 1210/5666 1308/5665
f 1308/5665 1210/5666 1329/5667
f 1308/5665 1329/5667 1443/5668
f 1443/5668 1329/5667 1451/5669
f 1443/5668 1451/5669 1479/5670
f 1451/5669 1329/5667 1449/5671
f 1449/5671 1329/5667 1327/5672
f 1479/5670 1451/5669 1486/5673
f 1479/5670 1486/5673 1511/5674
f 1511/5674 1486/5673 1542/5675
f 60/5676 104/5677 59/5678
f 59/5678 104/5677 103/5679
f 152/5680 182/5681 181/5682
f 152/5680 181/5682 151/5683
f 61/5684 105/5685 106/5686
f 61/5684 106/5686 62/5687
f 153/5688 183/5689 154/5690
f 154/5690 183/5689 184/5691
f 2147/5692 2291/5693 2107/5694
f 2107/5694 2291/5693 2290/5695
f 2291/5693 2147/5692 2339/5696
f 3468/5697 3442/5698 3441/5699
f 3468/5697 3441/5699 3467/5700
f 1527/5701 1556/5702 1507/5703
f 1507/5703 1556/5702 1567/5704
f 1507/5703 1567/5704 1579/5705
f 1507/5703 1579/5705 1501/5706
f 1501/5706 1579/5705 1580/5707
f 1527/5708 1507/5709 1525/5710
f 1525/5710 1507/5709 1501/5711
f 1525/5710 1501/5711 1506/5712
f 1506/5712 1501/5711 1580/5713
f 1525/5710 1506/5712 1517/5714
f 1517/5714 1506/5712 1504/5715
f 1527/5716 1525/5717 1554/5718
f 1554/5718 1525/5717 1550/5719
f 1550/5719 1525/5717 1517/5720
f 3469/5721 3443/5722 3444/5723
f 3469/5721 3444/5723 3470/5724
f 1529/5725 1530/5726 1555/5727
f 1555/5727 1530/5726 1542/5728
f 1542/5728 1530/5726 1511/5729
f 1529/5730 1555/5731 1526/5732
f 1526/5732 1555/5731 1551/5733
f 1526/5732 1551/5733 1521/5734
f 2292/5735 2293/5736 2108/5737
f 2108/5737 2293/5736 2148/5738
f 2148/5738 2293/5736 2340/5739
f 2148/5740 2340/5741 2010/5742
f 509/5743 508/5744 738/5745
f 509/5743 738/5745 222/5746
f 222/5746 738/5745 195/5747
f 222/5746 195/5747 10/5748
f 10/5748 195/5747 1722/5749
f 3080/5750 3011/5751 2942/5752
f 2942/5752 3011/5751 2941/5753
f 2941/5753 3011/5751 3010/5754
f 3080/5750 2942/5752 3040/5755
f 3040/5755 2942/5752 2879/5756
f 3080/5750 3040/5755 3330/5757
f 3040/5755 2879/5756 2901/5758
f 2901/5758 2879/5756 2339/5759
f 3040/5755 2901/5758 3038/5760
f 3040/5755 3038/5760 3215/5761
f 2901/5758 2339/5759 195/5762
f 195/5762 2339/5759 2009/5763
f 195/5762 2009/5763 1871/5764
f 195/5762 1871/5764 1867/5765
f 195/5762 1867/5765 1748/5766
f 3040/5755 3215/5761 3203/5767
f 3040/5755 3203/5767 3330/5757
f 3203/5767 3215/5761 3293/5768
f 3203/5767 3293/5768 3330/5757
f 3330/5757 3293/5768 3379/5769
f 3330/5757 3379/5769 3394/5770
f 3330/5757 3394/5770 3333/5771
f 3333/5771 3394/5770 3427/5772
f 3333/5771 3427/5772 3332/5773
f 3332/5773 3427/5772 3428/5774
f 3332/5773 3428/5774 3334/5775
f 3334/5775 3428/5774 3335/5776
f 3335/5776 3428/5774 3395/5777
f 3335/5776 3395/5777 3331/5778
f 3331/5778 3395/5777 3380/5779
f 3331/5778 3380/5779 3294/5780
f 3331/5778 3294/5780 3204/5781
f 3331/5778 3204/5781 3041/5782
f 3041/5782 3204/5781 3216/5783
f 3041/5782 3216/5783 3039/5784
f 3331/5778 3041/5782 3081/5785
f 3041/5782 3039/5784 2902/5786
f 3081/5785 3041/5782 2944/5787
f 3081/5785 2944/5787 3013/5788
f 3013/5788 2944/5787 2943/5789
f 3013/5788 2943/5789 3012/5790
f 2944/5787 3041/5782 2880/5791
f 2880/5791 3041/5782 2902/5786
f 2880/5791 2902/5786 2340/5792
f 2340/5792 2902/5786 196/5793
f 2340/5792 196/5793 2010/5794
f 2010/5794 196/5793 1872/5795
f 1872/5795 196/5793 1868/5796
f 1868/5796 196/5793 1749/5797
f 3442/5798 3333/5799 3441/5800
f 3441/5800 3333/5799 3332/5801
f 3443/5802 3334/5803 3444/5804
f 3444/5804 3334/5803 3335/5805
f 1593/5806 1526/5807 1548/5808
f 510/5809 511/5810 739/5811
f 739/5811 511/5810 224/5812
f 739/5811 224/5812 196/5813
f 196/5813 224/5812 12/5814
f 196/5813 12/5814 1723/5815
f 2901/5816 195/5817 2899/5818
f 2899/5818 195/5817 738/5819
f 195/5820 1748/5821 1722/5822
f 1450/5823 1485/5824 1482/5825
f 1450/5823 1482/5825 1448/5826
f 1448/5826 1482/5825 1476/5827
f 1448/5826 1476/5827 1438/5828
f 1448/5826 1438/5828 1326/5829
f 1326/5829 1438/5828 1316/5830
f 1326/5829 1316/5830 1204/5831
f 1485/5832 1541/5833 1538/5834
f 1485/5832 1538/5834 1482/5835
f 1538/5834 1541/5833 1550/5836
f 1550/5836 1541/5833 1554/5837
f 3293/5838 3215/5839 3316/5840
f 3293/5838 3316/5840 3379/5841
f 3379/5841 3316/5840 3392/5842
f 3379/5841 3392/5842 3394/5843
f 3394/5843 3392/5842 3425/5844
f 3425/5844 3392/5842 3390/5845
f 3425/5844 3390/5845 3410/5846
f 3394/5843 3425/5844 3427/5847
f 3427/5847 3425/5844 3422/5848
f 3422/5848 3425/5844 3415/5849
f 3422/5848 3415/5849 3414/5850
f 3422/5848 3414/5850 3413/5851
f 3413/5851 3414/5850 3402/5852
f 3413/5851 3402/5852 3401/5853
f 3422/5848 3413/5851 3421/5854
f 3422/5848 3421/5854 3427/5847
f 3421/5854 3413/5851 3412/5855
f 3427/5847 3421/5854 3399/5856
f 3399/5856 3421/5854 3412/5855
f 3399/5856 3412/5855 3400/5857
f 3399/5856 3400/5857 3397/5858
f 3399/5856 3397/5858 3398/5859
f 3427/5847 3399/5856 3428/5860
f 3399/5856 3398/5859 3404/5861
f 3399/5856 3404/5861 3428/5860
f 3404/5861 3398/5859 3405/5862
f 3404/5861 3405/5862 3416/5863
f 3404/5861 3416/5863 3423/5864
f 3404/5861 3423/5864 3428/5860
f 3423/5864 3416/5863 3417/5865
f 3428/5860 3423/5864 3424/5866
f 3424/5866 3423/5864 3417/5865
f 3406/5867 3407/5868 3417/5865
f 3417/5865 3407/5868 3418/5869
f 3417/5865 3418/5869 3424/5866
f 3424/5866 3418/5869 3419/5870
f 3424/5866 3419/5870 3426/5871
f 3424/5866 3426/5871 3428/5860
f 3428/5860 3426/5871 3395/5872
f 3395/5872 3426/5871 3393/5873
f 3395/5872 3393/5873 3380/5874
f 3393/5873 3426/5871 3391/5875
f 3391/5875 3426/5871 3411/5876
f 3393/5873 3391/5875 3315/5877
f 3380/5874 3393/5873 3317/5878
f 3317/5878 3393/5873 3315/5877
f 3317/5878 3315/5877 3214/5879
f 3380/5874 3317/5878 3294/5880
f 3317/5878 3214/5879 3216/5881
f 3317/5878 3216/5881 3294/5880
f 3294/5880 3216/5881 3204/5882
f 1555/5883 1542/5884 1551/5885
f 1551/5885 1542/5884 1539/5886
f 1539/5886 1542/5884 1486/5887
f 1539/5886 1486/5887 1483/5888
f 1486/5889 1451/5890 1483/5891
f 1483/5891 1451/5890 1449/5892
f 1483/5891 1449/5892 1477/5893
f 1477/5893 1449/5892 1441/5894
f 1441/5894 1449/5892 1327/5895
f 1441/5894 1327/5895 1317/5896
f 1317/5896 1327/5895 1206/5897
f 1749/5898 196/5899 1723/5900
f 1329/5901 1210/5902 1327/5903
f 1327/5903 1210/5902 1208/5904
f 1208/5904 1210/5902 739/5905
f 1208/5904 739/5905 2898/5906
f 2898/5906 739/5905 2900/5907
f 2898/5906 2900/5907 3039/5908
f 2898/5906 3039/5908 3037/5909
f 3037/5909 3039/5908 3216/5910
f 3037/5909 3216/5910 3214/5911
f 2902/5912 3039/5913 2900/5914
f 2902/5912 2900/5914 196/5915
f 196/5915 2900/5914 739/5916
f 3038/5917 3036/5918 3215/5919
f 3215/5919 3036/5918 3213/5920
f 3215/5919 3213/5920 3316/5921
f 3316/5921 3213/5920 3314/5922
f 3316/5921 3314/5922 3392/5923
f 3392/5923 3314/5922 3390/5924
f 1632/5925 1648/5926 1575/5927
f 1575/5927 1648/5926 1587/5928
f 1575/5927 1587/5928 1496/5929
f 1496/5929 1587/5928 1494/5930
f 1611/5931 1576/5932 1647/5933
f 1647/5933 1576/5932 1586/5934
f 1586/5934 1576/5932 1497/5935
f 1586/5934 1497/5935 1495/5936
f 1586/5934 1495/5936 1494/5937
f 3415/5938 2579/5939 3414/5940
f 3414/5940 2579/5939 2578/5941
f 2578/5941 2579/5939 2377/5942
f 2578/5941 2377/5942 2376/5943
f 2578/5941 2376/5943 2577/5944
f 2577/5944 2376/5943 2375/5945
f 2577/5944 2375/5945 3412/5946
f 2577/5944 3412/5946 3413/5947
f 3415/5948 3403/5949 2572/5950
f 3415/5948 2572/5950 2579/5951
f 2579/5951 2572/5950 2377/5952
f 2377/5952 2572/5950 2362/5953
f 3414/5954 2578/5955 2571/5956
f 3414/5954 2571/5956 3402/5957
f 2578/5958 2577/5959 2571/5960
f 2571/5960 2577/5959 2570/5961
f 1524/5962 1552/5963 1484/5964
f 1524/5962 1484/5964 1491/5965
f 1491/5965 1484/5964 1359/5966
f 1491/5965 1359/5966 1358/5967
f 3413/5968 3401/5969 2570/5970
f 3413/5968 2570/5970 2577/5971
f 3412/5972 2375/5973 2456/5974
f 3412/5972 2456/5974 3400/5975
f 2456/5974 2375/5973 2361/5976
f 2456/5974 2361/5976 2353/5977
f 2456/5974 2353/5977 2435/5978
f 3416/5979 2378/5980 2580/5981
f 3416/5979 2580/5981 3417/5982
f 2580/5981 2378/5980 2379/5983
f 2580/5981 2379/5983 2581/5984
f 2581/5984 2379/5983 2380/5985
f 2581/5984 2380/5985 2582/5986
f 2581/5984 2582/5986 3418/5987
f 3418/5987 2582/5986 3420/5988
f 3416/5989 3405/5990 2458/5991
f 3416/5989 2458/5991 2378/5992
f 2378/5992 2458/5991 2365/5993
f 2365/5993 2458/5991 2357/5994
f 2357/5994 2458/5991 2437/5995
f 3417/5996 2580/5997 2573/5998
f 3417/5996 2573/5998 3406/5999
f 2580/6000 2581/6001 2573/6002
f 2573/6002 2581/6001 2574/6003
f 3418/6004 3407/6005 2574/6006
f 3418/6004 2574/6006 2581/6007
f 3419/6008 3420/6009 3408/6010
f 3419/6008 3408/6010 3411/6011
f 3420/6012 2582/6013 2575/6014
f 3420/6012 2575/6014 3408/6015
f 2575/6014 2582/6013 2380/6016
f 2575/6014 2380/6016 2367/6017
f 1526/6018 1521/6019 1548/6020
f 3493/6021 3440/6022 3432/6023
f 3432/6023 3440/6022 3409/6024
f 3432/6023 3409/6024 3313/6025
f 3313/6025 3409/6024 3290/6026
f 353/6027 1500/6028 352/6029
f 353/6030 352/6031 336/6032
f 353/6030 336/6032 337/6033
f 337/6033 336/6032 321/6034
f 337/6033 321/6034 322/6035
f 337/6033 322/6035 338/6036
f 338/6036 322/6035 319/6037
f 353/6038 337/6039 1517/6040
f 353/6038 1517/6040 1500/6041
f 1500/6042 1517/6043 336/6044
f 1500/6042 336/6044 352/6045
f 354/6046 339/6047 355/6048
f 355/6048 339/6047 340/6049
f 340/6049 339/6047 323/6050
f 340/6049 323/6050 324/6051
f 354/6052 355/6053 1522/6054
f 1522/6054 355/6053 1523/6055
f 354/6056 1522/6057 339/6058
f 339/6058 1522/6057 1518/6059
f 355/6060 1519/6061 1523/6062
f 355/6063 340/6064 1519/6065
f 1522/6066 1519/6067 1518/6068
f 1519/6067 1522/6066 1523/6069
f 2373/6070 2374/6071 2045/6072
f 2045/6072 2374/6071 2046/6073
f 2373/6074 2366/6075 2374/6076
f 2374/6076 2366/6075 2369/6077
f 2045/6078 2046/6079 2040/6080
f 2040/6080 2046/6079 2041/6081
f 2040/6080 2041/6081 2025/6082
f 2040/6080 2025/6082 2024/6083
f 2025/6082 2041/6081 2042/6084
f 2025/6082 2042/6084 2026/6085
f 2374/6086 2041/6087 2046/6088
f 2041/6087 2374/6086 2369/6089
f 1808/6090 194/6091 1807/6092
f 1807/6092 194/6091 193/6093
f 1808/6094 1807/6095 1806/6096
f 194/6097 192/6098 193/6099
f 3439/6100 3436/6101 3430/6102
f 3430/6102 3436/6101 3396/6103
f 3439/6100 3430/6102 3434/6104
f 3436/6105 3466/6106 3396/6107
f 3396/6107 3466/6106 3429/6108
f 3396/6107 3429/6108 3033/6109
f 3033/6109 3429/6108 3032/6110
f 3033/6109 3032/6110 2765/6111
f 3033/6109 2765/6111 2780/6112
f 2765/6111 3032/6110 2764/6113
f 2764/6113 3032/6110 3031/6114
f 2780/6112 2765/6111 2557/6115
f 2780/6112 2557/6115 2591/6116
f 2897/6117 1207/6118 2893/6119
f 2897/6117 2893/6119 3036/6120
f 1326/6121 1204/6122 1207/6118
f 1207/6118 1204/6122 2893/6119
f 3036/6120 2893/6119 3034/6123
f 3036/6120 3034/6123 3213/6124
f 3213/6124 3034/6123 3201/6125
f 3213/6124 3201/6125 3291/6126
f 3201/6125 3034/6123 3007/6127
f 3201/6125 3007/6127 3116/6128
f 3201/6125 3116/6128 3291/6126
f 3007/6127 3034/6123 2892/6129
f 2892/6129 3034/6123 2893/6119
f 3291/6126 3116/6128 3178/6130
f 3291/6126 3178/6130 3377/6131
f 3377/6131 3178/6130 3177/6132
f 3377/6131 3177/6132 3387/6133
f 3387/6133 3177/6132 3006/6134
f 3387/6133 3006/6134 2891/6135
f 3387/6133 2891/6135 2457/6136
f 2457/6136 2891/6135 2766/6137
f 2457/6136 2766/6137 2640/6138
f 2457/6136 2640/6138 2476/6139
f 2476/6139 2640/6138 2613/6140
f 2476/6139 2613/6140 2641/6141
f 2476/6139 2641/6141 2237/6142
f 2237/6142 2641/6141 2767/6143
f 2237/6142 2767/6143 2893/6119
f 2893/6119 2767/6143 2892/6129
f 2106/6144 2264/6145 2237/6142
f 2106/6144 2237/6142 1961/6146
f 1961/6146 2237/6142 2893/6119
f 1961/6146 2893/6119 191/6147
f 191/6147 2893/6119 1204/6122
f 191/6147 1204/6122 283/6148
f 283/6148 1204/6122 1093/6149
f 283/6148 1093/6149 1045/6150
f 1093/6149 1204/6122 1203/6151
f 283/6148 1045/6150 812/6152
f 1203/6151 1204/6122 1316/6153
f 812/6152 1045/6150 1003/6154
f 1203/6151 1316/6153 1325/6155
f 812/6152 1003/6154 880/6156
f 1325/6155 1316/6153 1438/6157
f 1325/6155 1438/6157 1418/6158
f 1418/6158 1438/6157 1476/6159
f 880/6156 1003/6154 1057/6160
f 1418/6158 1476/6159 1459/6161
f 880/6156 1057/6160 337/6162
f 880/6156 337/6162 338/6163
f 337/6162 1057/6160 1118/6164
f 337/6162 1118/6164 1517/6165
f 1517/6165 1118/6164 1292/6166
f 1517/6165 1292/6166 1417/6167
f 1517/6165 1417/6167 1462/6168
f 1503/6169 1459/6161 1476/6159
f 1459/6161 1503/6169 1462/6168
f 1462/6168 1503/6169 1517/6165
f 1503/6169 1476/6159 1482/6170
f 1517/6165 1503/6169 1550/6171
f 1503/6169 1482/6170 1538/6172
f 1503/6169 1538/6172 1550/6171
f 3213/6173 3291/6174 3314/6175
f 3314/6175 3291/6174 3377/6176
f 3314/6175 3377/6176 3390/6177
f 3390/6177 3377/6176 3387/6178
f 3390/6177 3387/6178 3410/6179
f 2044/6180 2039/6181 2372/6182
f 2372/6182 2039/6181 2364/6183
f 2364/6183 2039/6181 2356/6184
f 2356/6184 2039/6181 2021/6185
f 2044/6186 2038/6187 2039/6188
f 2039/6188 2038/6187 2021/6189
f 2021/6189 2038/6187 2020/6190
f 2372/6191 2364/6192 2371/6193
f 2371/6193 2364/6192 2363/6194
f 2363/6194 2364/6192 2355/6195
f 2355/6195 2364/6192 2356/6196
f 2371/6197 2037/6198 2043/6199
f 2037/6198 2371/6197 2363/6200
f 2037/6198 2363/6200 2019/6201
f 2019/6201 2363/6200 2355/6202
f 3410/6203 3387/6204 3403/6205
f 1491/6206 1358/6207 1354/6208
f 1491/6206 1354/6208 1499/6209
f 1537/6210 1481/6211 1490/6212
f 1537/6210 1490/6212 1549/6213
f 1490/6212 1481/6211 396/6214
f 1490/6212 396/6214 418/6215
f 396/6214 1481/6211 351/6216
f 1549/6217 1490/6218 1498/6219
f 1549/6217 1498/6219 1565/6220
f 1498/6219 1490/6218 428/6221
f 428/6221 1490/6218 418/6222
f 3522/6223 3434/6224 3463/6225
f 3463/6225 3434/6224 3073/6226
f 3073/6226 3434/6224 3075/6227
f 3411/6228 3388/6229 3391/6230
f 3391/6230 3388/6229 3378/6231
f 3391/6230 3378/6231 3315/6232
f 3315/6232 3378/6231 3292/6233
f 3315/6232 3292/6233 3214/6234
f 3214/6234 3292/6233 3202/6235
f 3411/6236 3408/6237 3388/6238
f 1551/6239 1539/6240 1505/6241
f 1505/6241 1539/6240 1483/6242
f 1505/6241 1483/6242 1477/6243
f 1551/6239 1505/6241 1521/6244
f 1505/6241 1477/6243 1472/6245
f 1472/6245 1477/6243 1440/6246
f 1505/6241 1472/6245 1475/6247
f 1505/6241 1475/6247 1521/6244
f 1440/6246 1477/6243 1441/6248
f 1440/6246 1441/6248 1306/6249
f 1306/6249 1441/6248 1317/6250
f 1306/6249 1317/6250 1205/6251
f 1521/6244 1475/6247 1439/6252
f 1521/6244 1439/6252 1174/6253
f 1205/6251 1317/6250 1206/6254
f 1205/6251 1206/6254 1117/6255
f 1117/6255 1206/6254 285/6256
f 1521/6244 1174/6253 342/6257
f 342/6257 1174/6253 1058/6258
f 342/6257 1058/6258 343/6259
f 343/6259 1058/6258 1004/6260
f 1521/6244 342/6257 1520/6261
f 1520/6261 342/6257 341/6262
f 1521/6244 1520/6261 1548/6263
f 1548/6263 1520/6261 1547/6264
f 1547/6264 1520/6261 1504/6265
f 1504/6265 1520/6261 1470/6266
f 1504/6265 1470/6266 1469/6267
f 1504/6265 1469/6267 1471/6268
f 1469/6267 1470/6266 1278/6269
f 1504/6265 1471/6268 1517/6270
f 1278/6269 1470/6266 398/6271
f 398/6271 1470/6266 1519/6272
f 1519/6272 1470/6266 1518/6273
f 398/6271 1519/6272 340/6274
f 1278/6269 398/6271 335/6275
f 1278/6269 335/6275 333/6276
f 1278/6269 333/6276 1277/6277
f 1277/6277 333/6276 334/6278
f 1277/6277 334/6278 1356/6279
f 1356/6279 334/6278 1357/6280
f 1356/6279 1357/6280 1382/6281
f 1382/6281 1357/6280 1383/6282
f 1382/6281 1383/6282 1471/6268
f 1471/6268 1383/6282 1384/6283
f 1471/6268 1384/6283 1517/6270
f 1517/6270 1384/6283 1366/6284
f 1517/6270 1366/6284 397/6285
f 1517/6270 397/6285 336/6286
f 3523/6287 3464/6288 3521/6289
f 3521/6289 3464/6288 3465/6290
f 3214/6291 3202/6292 3035/6293
f 3214/6291 3035/6293 3037/6294
f 3035/6293 3202/6292 3009/6295
f 3009/6295 3202/6292 3117/6296
f 3117/6296 3202/6292 3292/6297
f 3035/6293 3009/6295 2895/6298
f 3117/6296 3292/6297 3180/6299
f 3180/6299 3292/6297 3378/6300
f 3180/6299 3378/6300 3179/6301
f 3179/6301 3378/6300 3388/6302
f 3179/6301 3388/6302 3008/6303
f 3008/6303 3388/6302 2894/6304
f 2894/6304 3388/6302 2459/6305
f 2894/6304 2459/6305 2768/6306
f 2768/6306 2459/6305 2642/6307
f 2642/6307 2459/6305 2614/6308
f 2614/6308 2459/6305 2477/6309
f 2614/6308 2477/6309 2643/6310
f 2643/6310 2477/6309 2238/6311
f 2643/6310 2238/6311 2769/6312
f 2769/6312 2238/6311 2896/6313
f 2769/6312 2896/6313 2895/6298
f 2895/6298 2896/6313 3035/6293
f 3035/6293 2896/6313 3037/6294
f 3037/6294 2896/6313 2898/6314
f 2898/6314 2896/6313 1208/6315
f 1806/6316 1807/6317 2238/6311
f 2238/6311 1807/6317 2896/6313
f 2896/6313 1807/6317 193/6318
f 1208/6315 2896/6313 1206/6254
f 1208/6315 1206/6254 1327/6319
f 1206/6254 2896/6313 285/6256
f 285/6256 2896/6313 193/6318
f 285/6256 193/6318 284/6320
f 284/6320 193/6318 192/6321
f 1961/6322 191/6323 1960/6324
f 1960/6324 191/6323 238/6325
f 238/6325 191/6323 283/6326
f 238/6325 283/6326 280/6327
f 280/6327 283/6326 541/6328
f 541/6328 283/6326 812/6329
f 541/6328 812/6329 737/6330
f 1961/6331 1960/6332 2106/6333
f 2892/6334 2767/6335 2888/6336
f 2888/6336 2767/6335 2775/6337
f 2892/6334 2888/6336 3003/6338
f 2892/6334 3003/6338 3007/6339
f 1203/6340 1325/6341 1324/6342
f 1324/6342 1325/6341 1418/6343
f 1203/6340 1324/6342 1201/6344
f 1203/6340 1201/6344 1093/6345
f 1093/6345 1201/6344 1092/6346
f 2767/6347 2641/6348 2775/6349
f 2775/6349 2641/6348 2650/6350
f 2775/6349 2650/6350 2713/6351
f 2713/6351 2650/6350 2626/6352
f 2237/6353 2264/6354 2476/6355
f 2476/6355 2264/6354 2475/6356
f 2475/6356 2264/6354 2262/6357
f 2475/6356 2262/6357 2472/6358
f 2262/6357 2264/6354 2235/6359
f 2262/6357 2235/6359 2225/6360
f 1093/6361 1092/6362 1045/6363
f 1045/6363 1092/6362 1056/6364
f 3007/6365 3003/6366 3099/6367
f 3007/6365 3099/6367 3116/6368
f 3116/6368 3099/6367 3168/6369
f 3116/6368 3168/6369 3178/6370
f 1418/6371 1459/6372 1407/6373
f 1407/6373 1459/6372 1452/6374
f 1418/6371 1407/6373 1324/6375
f 1045/6376 1056/6377 1043/6378
f 1045/6376 1043/6378 1003/6379
f 1003/6379 1043/6378 1065/6380
f 1003/6379 1065/6380 1057/6381
f 1057/6381 1065/6380 1116/6382
f 1057/6381 1116/6382 1118/6383
f 2641/6384 2613/6385 2650/6386
f 2650/6386 2613/6385 2626/6387
f 2626/6387 2613/6385 2649/6388
f 2649/6388 2613/6385 2640/6389
f 1459/6390 1462/6391 1458/6392
f 1459/6390 1458/6392 1452/6393
f 812/6394 880/6395 873/6396
f 812/6394 873/6396 811/6397
f 811/6397 873/6396 870/6398
f 870/6398 873/6396 871/6399
f 871/6399 873/6396 874/6400
f 871/6399 874/6400 875/6401
f 871/6399 875/6401 872/6402
f 872/6402 875/6401 852/6403
f 852/6403 875/6401 853/6404
f 812/6405 811/6406 737/6407
f 737/6407 811/6406 736/6408
f 736/6408 811/6406 806/6409
f 736/6408 806/6409 733/6410
f 806/6409 811/6406 849/6411
f 736/6408 733/6410 540/6412
f 849/6411 811/6406 870/6413
f 540/6412 733/6410 530/6414
f 849/6411 870/6413 871/6415
f 540/6412 530/6414 506/6416
f 849/6411 871/6415 850/6417
f 850/6417 871/6415 872/6418
f 850/6417 872/6418 851/6419
f 506/6416 530/6414 505/6420
f 506/6416 505/6420 2015/6421
f 506/6416 2015/6421 2017/6422
f 2017/6422 2015/6421 2224/6423
f 2017/6422 2224/6423 2225/6424
f 3178/6425 3168/6426 3167/6427
f 3178/6425 3167/6427 3177/6428
f 3177/6428 3167/6427 3006/6429
f 3006/6429 3167/6427 3002/6430
f 2476/6431 2475/6432 2457/6433
f 2457/6433 2475/6432 2474/6434
f 2457/6433 2474/6434 2436/6435
f 2474/6434 2475/6432 2472/6436
f 2474/6434 2472/6436 2436/6435
f 2436/6435 2472/6436 2435/6437
f 2435/6437 2472/6436 2434/6438
f 2456/6439 2435/6437 2458/6440
f 2458/6440 2435/6437 2437/6441
f 2437/6441 2435/6437 2434/6438
f 2437/6441 2434/6438 2438/6442
f 2438/6442 2434/6438 2439/6443
f 2438/6442 2439/6443 2459/6444
f 338/6445 319/6446 873/6447
f 338/6445 873/6447 880/6448
f 1462/6449 1417/6450 1416/6451
f 1462/6449 1416/6451 1458/6452
f 1416/6451 1417/6450 1290/6453
f 1290/6453 1417/6450 1292/6454
f 2640/6455 2766/6456 2649/6457
f 2649/6457 2766/6456 2774/6458
f 1118/6459 1116/6460 1290/6461
f 1118/6459 1290/6461 1292/6462
f 3006/6463 3002/6464 2891/6465
f 2891/6465 3002/6464 2887/6466
f 2887/6466 3002/6464 2877/6467
f 2887/6466 2877/6467 2774/6468
f 2887/6466 2774/6468 2891/6465
f 2891/6465 2774/6468 2766/6469
f 2457/6470 2354/6471 2362/6472
f 2354/6471 2457/6470 2436/6473
f 336/6474 397/6475 321/6476
f 321/6476 397/6475 394/6477
f 3402/6478 2571/6479 3401/6480
f 3401/6480 2571/6479 2570/6481
f 3400/6482 2456/6483 3397/6484
f 2456/6485 2458/6486 3397/6487
f 3397/6487 2458/6486 3398/6488
f 3405/6489 3398/6490 2458/6491
f 339/6492 1518/6493 398/6494
f 339/6495 398/6496 323/6497
f 1518/6498 1470/6499 398/6500
f 3530/6501 3491/6502 3520/6503
f 3520/6503 3491/6502 3462/6504
f 3520/6503 3462/6504 3438/6505
f 3406/6506 2573/6507 2574/6508
f 3406/6506 2574/6508 3407/6509
f 340/6510 324/6511 398/6512
f 398/6512 324/6511 323/6513
f 2459/6514 2366/6515 2358/6516
f 2459/6514 2358/6516 2438/6517
f 2459/6518 2439/6519 2477/6520
f 3408/6521 2575/6522 3389/6523
f 3389/6523 2575/6522 2576/6524
f 2576/6524 2575/6522 2368/6525
f 2368/6525 2575/6522 2367/6526
f 341/6527 342/6528 326/6529
f 341/6527 326/6529 325/6530
f 326/6529 342/6528 343/6531
f 326/6529 343/6531 320/6532
f 341/6533 325/6534 855/6535
f 341/6533 855/6535 1520/6536
f 1520/6537 855/6538 1453/6539
f 1453/6539 855/6538 869/6540
f 2369/6541 2370/6542 2041/6543
f 2041/6543 2370/6542 2042/6544
f 2369/6545 2359/6546 2370/6547
f 2370/6547 2359/6546 2360/6548
f 2370/6549 2360/6550 2042/6551
f 2042/6551 2360/6550 2026/6552
f 2894/6553 2768/6554 2776/6555
f 2894/6553 2776/6555 2889/6556
f 2894/6553 2889/6556 3004/6557
f 2894/6553 3004/6557 3008/6558
f 1174/6559 1439/6560 1173/6561
f 1173/6561 1439/6560 1429/6562
f 1174/6563 1173/6564 1066/6565
f 1066/6565 1173/6564 1146/6566
f 1174/6563 1066/6565 1058/6567
f 3008/6568 3004/6569 3169/6570
f 3008/6568 3169/6570 3179/6571
f 2768/6572 2642/6573 2651/6574
f 2768/6572 2651/6574 2776/6575
f 1439/6576 1475/6577 1429/6578
f 1429/6578 1475/6577 1474/6579
f 1058/6580 1066/6581 1004/6582
f 1004/6582 1066/6581 1044/6583
f 2642/6584 2614/6585 2651/6586
f 2651/6586 2614/6585 2627/6587
f 2627/6587 2614/6585 2652/6588
f 2652/6588 2614/6585 2643/6589
f 1475/6590 1472/6591 1474/6592
f 1474/6592 1472/6591 1468/6593
f 3179/6594 3169/6595 3180/6596
f 3180/6596 3169/6595 3170/6597
f 3180/6596 3170/6597 3117/6598
f 3117/6598 3170/6597 3100/6599
f 343/6600 1004/6601 320/6602
f 320/6602 1004/6601 1044/6603
f 320/6602 1044/6603 1000/6604
f 2477/6605 2439/6606 2434/6607
f 2477/6608 2434/6609 2327/6610
f 2327/6610 2434/6609 2423/6611
f 2423/6611 2434/6609 2422/6612
f 2327/6610 2423/6611 2316/6613
f 2327/6610 2316/6613 2263/6614
f 2263/6614 2316/6613 2232/6615
f 2477/6616 2327/6617 2238/6618
f 2238/6618 2327/6617 2263/6619
f 2238/6618 2263/6619 2105/6620
f 2238/6618 2105/6620 1806/6621
f 2105/6620 2263/6619 2018/6622
f 1806/6621 2105/6620 5/6623
f 5/6623 2105/6620 2018/6622
f 1806/6621 5/6623 192/6624
f 281/6625 284/6626 192/6624
f 281/6625 192/6624 221/6627
f 221/6627 192/6624 5/6623
f 221/6627 5/6623 287/6628
f 287/6628 5/6623 2018/6622
f 221/6627 287/6628 279/6629
f 279/6629 287/6628 531/6630
f 287/6628 2018/6622 2016/6631
f 2016/6631 2018/6622 2232/6632
f 287/6628 2016/6631 286/6633
f 287/6628 286/6633 523/6634
f 1472/6635 1440/6636 1468/6637
f 1468/6637 1440/6636 1430/6638
f 1430/6638 1440/6636 1305/6639
f 1305/6639 1440/6636 1306/6640
f 2643/6641 2769/6642 2777/6643
f 2643/6641 2777/6643 2652/6644
f 3117/6645 3100/6646 3009/6647
f 3009/6647 3100/6646 3005/6648
f 3009/6647 3005/6648 2895/6649
f 2895/6649 3005/6648 2890/6650
f 2895/6649 2890/6650 2769/6651
f 2769/6651 2890/6650 2777/6652
f 284/6653 281/6654 285/6655
f 285/6655 281/6654 282/6656
f 1306/6657 1205/6658 1305/6659
f 1305/6659 1205/6658 1202/6660
f 1305/6659 1202/6660 1315/6661
f 1202/6660 1205/6658 1117/6662
f 285/6663 282/6664 1117/6665
f 397/6666 1366/6667 1364/6668
f 397/6666 1364/6668 394/6669
f 1359/6670 1365/6671 1347/6672
f 1359/6673 1347/6674 1338/6675
f 1359/6673 1338/6675 1358/6676
f 1358/6676 1338/6675 1346/6677
f 1346/6677 1338/6675 1344/6678
f 1358/6676 1346/6677 1354/6679
f 1346/6677 1344/6678 1345/6680
f 1346/6677 1345/6680 1354/6679
f 1366/6681 1384/6682 1380/6683
f 1366/6681 1380/6683 1364/6684
f 1384/6685 1383/6686 1379/6687
f 1384/6685 1379/6687 1380/6688
f 1383/6689 1357/6690 1353/6691
f 1383/6689 1353/6691 1379/6692
f 1379/6692 1353/6691 1351/6693
f 1357/6694 334/6695 333/6696
f 1357/6697 333/6698 332/6699
f 1357/6700 332/6701 1353/6702
f 1353/6702 332/6701 330/6703
f 1471/6704 1469/6705 1461/6706
f 1471/6707 1460/6708 1382/6709
f 1460/6708 1471/6707 1461/6710
f 1356/6711 1382/6712 1381/6713
f 1381/6713 1382/6712 1460/6714
f 1356/6711 1381/6713 1355/6715
f 1356/6716 1355/6717 1277/6718
f 1277/6718 1355/6717 1289/6719
f 1277/6720 1289/6721 1291/6722
f 1277/6720 1291/6722 1278/6723
f 333/6724 335/6725 324/6726
f 333/6724 324/6726 332/6727
f 332/6727 324/6726 330/6728
f 330/6728 324/6726 327/6729
f 327/6729 324/6726 321/6730
f 327/6729 321/6730 328/6731
f 328/6731 321/6730 394/6732
f 2628/6733 2453/6734 2448/6735
f 2628/6736 2638/6737 2452/6738
f 2628/6736 2452/6738 2453/6739
f 2628/6740 2624/6741 2671/6742
f 2671/6742 2624/6741 2620/6743
f 2671/6742 2620/6743 2667/6744
f 2667/6744 2620/6743 2615/6745
f 2628/6746 2448/6747 2624/6748
f 2624/6748 2448/6747 2620/6749
f 2620/6749 2448/6747 2444/6750
f 2620/6749 2444/6750 2615/6751
f 2628/6752 2671/6753 2638/6754
f 2638/6754 2671/6753 2670/6755
f 2670/6755 2671/6753 2667/6756
f 2670/6755 2667/6756 2666/6757
f 2638/6758 2670/6759 2623/6760
f 2638/6758 2623/6760 2452/6761
f 2623/6760 2670/6759 2621/6762
f 2621/6762 2670/6759 2666/6763
f 2621/6762 2666/6763 2634/6764
f 2621/6762 2634/6764 2440/6765
f 2621/6762 2440/6765 2445/6766
f 2621/6762 2445/6766 2623/6760
f 2623/6760 2445/6766 2449/6767
f 2452/6768 2623/6769 2449/6770
f 2454/6771 2639/6772 2455/6773
f 2455/6773 2639/6772 2629/6774
f 2454/6775 2450/6776 2637/6777
f 2454/6775 2637/6777 2639/6778
f 2637/6777 2450/6776 2446/6779
f 2637/6777 2446/6779 2636/6780
f 2636/6780 2446/6779 2442/6781
f 2636/6780 2442/6781 2635/6782
f 2639/6783 2637/6784 2672/6785
f 2672/6785 2637/6784 2636/6786
f 2672/6785 2636/6786 2668/6787
f 2668/6787 2636/6786 2635/6788
f 2639/6789 2672/6790 2673/6791
f 2639/6789 2673/6791 2629/6792
f 2629/6792 2673/6791 2625/6793
f 2673/6791 2672/6790 2669/6794
f 2669/6794 2672/6790 2668/6795
f 2455/6796 2629/6797 2451/6798
f 2451/6798 2629/6797 2625/6799
f 2333/6800 2035/6801 2036/6802
f 2333/6800 2036/6802 2334/6803
f 2334/6803 2036/6802 2034/6804
f 2334/6803 2034/6804 2332/6805
f 2333/6806 2334/6807 2328/6808
f 2328/6808 2334/6807 2329/6809
f 2329/6809 2334/6807 2330/6810
f 2330/6810 2334/6807 2332/6811
f 2333/6812 2328/6813 2035/6814
f 2035/6814 2328/6813 2022/6815
f 2035/6816 2022/6817 2036/6818
f 2036/6818 2022/6817 2023/6819
f 2036/6818 2023/6819 2027/6820
f 2036/6818 2027/6820 2034/6821
f 1278/6822 1461/6823 1469/6824
f 1278/6825 1291/6826 1461/6827
f 335/6828 398/6829 324/6830
f 324/6830 398/6829 869/6831
f 869/6831 398/6829 1453/6832
f 2602/6833 2601/6834 2610/6835
f 2602/6836 2561/6837 2601/6838
f 2601/6838 2561/6837 2560/6839
f 2560/6839 2561/6837 2034/6840
f 2034/6840 2561/6837 2332/6841
f 2602/6842 2610/6843 3313/6844
f 2602/6842 3313/6844 3290/6845
f 846/6846 947/6847 946/6848
f 846/6846 946/6848 845/6849
f 946/6848 947/6847 976/6850
f 976/6850 947/6847 965/6851
f 976/6850 965/6851 977/6852
f 977/6852 965/6851 879/6853
f 846/6854 845/6855 842/6856
f 842/6856 845/6855 841/6857
f 842/6856 841/6857 837/6858
f 842/6856 837/6858 838/6859
f 1824/6860 237/6861 1821/6862
f 1821/6862 237/6861 234/6863
f 1824/6864 1821/6865 1823/6866
f 1823/6866 1821/6865 1822/6867
f 237/6868 236/6869 234/6870
f 234/6870 236/6869 235/6871
f 879/6872 707/6873 878/6874
f 879/6872 878/6874 977/6875
f 977/6875 878/6874 889/6876
f 889/6876 878/6874 705/6877
f 705/6877 878/6874 706/6878
f 707/6879 406/6880 706/6881
f 707/6879 706/6881 878/6882
f 706/6881 406/6880 405/6883
f 405/6883 406/6880 252/6884
f 252/6884 406/6880 251/6885
f 252/6884 251/6885 1907/6886
f 1907/6886 251/6885 1908/6887
f 1907/6886 1908/6887 1946/6888
f 1908/6887 251/6885 1906/6889
f 1908/6887 1906/6889 1946/6888
f 1906/6889 251/6885 250/6890
f 1946/6888 1906/6889 1950/6891
f 1960/6892 238/6893 240/6894
f 240/6894 238/6893 280/6895
f 240/6894 280/6895 278/6896
f 240/6894 278/6896 277/6897
f 240/6894 277/6897 239/6898
f 240/6894 239/6898 2234/6899
f 1960/6892 240/6894 2236/6900
f 2236/6900 240/6894 2234/6899
f 1960/6892 2236/6900 2271/6901
f 2236/6900 2234/6899 2391/6902
f 2236/6900 2391/6902 2271/6901
f 2391/6902 2234/6899 2389/6903
f 2271/6901 2391/6902 2392/6904
f 1960/6905 2271/6906 2106/6907
f 2106/6907 2271/6906 2305/6908
f 2305/6908 2271/6906 2392/6909
f 2305/6908 2392/6909 2405/6910
f 2405/6910 2392/6909 2511/6911
f 2405/6910 2511/6911 2413/6912
f 2413/6912 2511/6911 2528/6913
f 2413/6912 2528/6913 2475/6914
f 2475/6914 2528/6913 2527/6915
f 2475/6914 2527/6915 2474/6916
f 280/6917 541/6918 278/6919
f 278/6919 541/6918 507/6920
f 278/6919 507/6920 277/6921
f 2392/6922 2391/6923 2526/6924
f 2392/6922 2526/6924 2511/6925
f 2526/6924 2391/6923 2389/6926
f 2526/6924 2389/6926 2510/6927
f 2305/6928 2405/6929 2331/6930
f 2331/6930 2405/6929 2390/6931
f 2305/6928 2331/6930 2235/6932
f 2305/6933 2235/6934 2106/6935
f 2511/6936 2526/6937 2555/6938
f 2511/6936 2555/6938 2528/6939
f 2528/6939 2555/6938 2527/6940
f 2527/6940 2555/6938 2554/6941
f 2527/6940 2554/6941 2474/6942
f 2405/6943 2413/6944 2390/6945
f 2390/6945 2413/6944 2404/6946
f 2404/6946 2413/6944 2475/6947
f 2106/6948 2235/6949 2264/6950
f 541/6951 737/6952 736/6953
f 541/6951 736/6953 540/6954
f 541/6951 540/6954 507/6955
f 507/6955 540/6954 506/6956
f 507/6955 506/6956 288/6957
f 288/6957 506/6956 2017/6958
f 288/6957 2017/6958 233/6959
f 233/6959 2017/6958 2235/6960
f 2235/6960 2017/6958 2225/6961
f 2653/6962 2612/6963 2592/6964
f 2592/6964 2612/6963 2591/6965
f 2612/6963 2653/6962 2741/6966
f 2741/6966 2653/6962 2774/6967
f 2774/6967 2653/6962 2649/6968
f 2741/6966 2774/6967 2877/6969
f 2612/6963 2741/6966 2675/6970
f 2612/6963 2675/6970 2611/6971
f 2612/6963 2611/6971 2591/6965
f 2611/6971 2675/6970 2674/6972
f 2591/6965 2611/6971 2800/6973
f 2800/6973 2611/6971 2674/6972
f 2800/6973 2674/6972 2842/6974
f 2591/6965 2800/6973 2780/6975
f 2800/6973 2842/6974 3075/6976
f 2780/6975 2800/6973 3043/6977
f 3043/6977 2800/6973 3075/6976
f 2780/6975 3043/6977 3033/6978
f 3043/6977 3075/6976 3430/6979
f 3043/6977 3430/6979 3033/6978
f 3430/6979 3075/6976 3434/6980
f 3033/6978 3430/6979 3396/6981
f 2653/6982 2592/6983 2649/6984
f 2649/6984 2592/6983 2608/6985
f 2649/6984 2608/6985 2626/6986
f 2608/6985 2592/6983 2558/6987
f 2558/6987 2592/6983 2591/6988
f 2558/6987 2591/6988 2557/6989
f 1565/6990 1498/6991 1574/6992
f 1574/6992 1498/6991 1493/6993
f 1493/6993 1498/6991 428/6994
f 1493/6993 428/6994 427/6995
f 427/6995 428/6994 393/6996
f 427/6995 393/6996 415/6997
f 393/6996 428/6994 395/6998
f 395/6998 428/6994 418/6999
f 396/7000 351/7001 331/7002
f 396/7000 331/7002 395/7003
f 396/7000 395/7003 418/7004
f 395/7003 331/7002 393/7005
f 393/7005 331/7002 329/7006
f 2601/7007 2560/7008 2556/7009
f 2556/7009 2560/7008 2034/7010
f 2601/7007 2556/7009 2598/7011
f 2556/7009 2034/7010 2027/7012
f 2598/7011 2556/7009 2551/7013
f 2551/7013 2556/7009 2027/7012
f 2598/7011 2551/7013 2596/7014
f 2551/7013 2027/7012 2023/7015
f 2601/7016 2598/7017 2610/7018
f 2610/7018 2598/7017 2607/7019
f 2607/7019 2598/7017 2596/7020
f 2607/7019 2596/7020 2606/7021
f 2332/7022 2559/7023 2330/7024
f 2330/7024 2559/7023 2553/7025
f 946/7026 976/7027 982/7028
f 946/7026 982/7028 963/7029
f 946/7030 841/7031 845/7032
f 841/7031 946/7030 963/7033
f 841/7031 963/7033 944/7034
f 841/7031 944/7034 837/7035
f 976/7036 977/7037 983/7038
f 983/7038 977/7037 889/7039
f 976/7036 983/7038 982/7040
f 982/7040 983/7038 974/7041
f 974/7041 983/7038 975/7042
f 252/7043 1907/7044 249/7045
f 252/7043 249/7045 405/7046
f 249/7045 1907/7044 1905/7047
f 1905/7047 1907/7044 1949/7048
f 249/7045 1905/7047 246/7049
f 246/7049 1905/7047 1903/7050
f 1903/7050 1905/7047 1949/7048
f 1903/7050 1949/7048 1948/7051
f 1948/7051 1949/7048 2048/7052
f 249/7045 246/7049 403/7053
f 404/7054 405/7046 249/7045
f 404/7054 249/7045 403/7053
f 404/7054 403/7053 704/7055
f 405/7046 404/7054 706/7056
f 706/7056 404/7054 705/7057
f 2888/7058 2775/7059 2878/7060
f 2878/7060 2775/7059 2713/7061
f 2888/7058 2878/7060 3003/7062
f 3003/7062 2878/7060 2999/7063
f 3003/7062 2999/7063 3099/7064
f 3099/7064 2999/7063 3168/7065
f 3168/7065 2999/7063 3074/7066
f 3168/7065 3074/7066 3167/7067
f 3167/7067 3074/7066 2998/7068
f 3167/7067 2998/7068 3002/7069
f 3002/7069 2998/7068 2877/7070
f 1201/7071 1324/7072 1437/7073
f 1201/7071 1437/7073 1092/7074
f 1092/7074 1437/7073 1056/7075
f 1056/7075 1437/7073 1043/7076
f 1043/7076 1437/7073 1065/7077
f 1065/7077 1437/7073 1116/7078
f 1116/7078 1437/7073 1290/7079
f 1290/7079 1437/7073 1416/7080
f 1458/7081 1437/7073 1324/7072
f 1458/7081 1324/7072 1452/7082
f 1452/7082 1324/7072 1407/7083
f 2626/7084 2609/7085 2713/7086
f 2626/7087 2608/7088 2609/7089
f 2713/7090 2609/7089 2712/7091
f 2712/7091 2609/7089 2605/7092
f 2605/7092 2609/7089 2619/7093
f 2619/7093 2609/7089 2608/7088
f 2619/7093 2608/7088 2550/7094
f 2550/7094 2608/7088 2558/7095
f 2550/7094 2558/7095 2549/7096
f 2549/7096 2558/7095 2557/7097
f 2549/7096 2557/7097 2764/7098
f 2764/7098 2557/7097 2765/7099
f 1458/7100 1416/7101 1437/7102
f 2741/7103 2877/7104 2749/7105
f 2749/7105 2877/7104 2875/7106
f 2875/7106 2877/7104 2998/7107
f 2875/7106 2998/7107 2996/7108
f 2741/7109 2749/7110 2675/7111
f 2675/7111 2749/7110 2665/7112
f 2675/7111 2665/7112 2664/7113
f 2675/7111 2664/7113 2674/7114
f 2277/7115 2276/7116 2033/7117
f 2033/7117 2276/7116 2032/7118
f 2032/7118 2276/7116 2275/7119
f 2032/7118 2275/7119 2031/7120
f 2277/7121 2273/7122 2276/7123
f 2273/7122 2277/7121 2274/7124
f 2276/7123 2273/7122 2275/7125
f 2275/7125 2273/7122 2272/7126
f 1587/7127 1586/7128 1494/7129
f 1355/7130 1381/7131 1289/7132
f 1289/7132 1381/7131 1460/7133
f 1289/7132 1460/7133 1461/7134
f 1289/7132 1461/7134 1291/7135
f 2674/7136 2664/7137 2842/7138
f 2842/7138 2664/7137 2841/7139
f 2842/7138 2841/7139 3073/7140
f 2842/7138 3073/7140 3075/7141
f 2889/7142 2776/7143 3004/7144
f 3004/7144 2776/7143 2651/7145
f 3004/7144 2651/7145 2627/7146
f 3004/7144 2627/7146 2652/7147
f 3004/7144 2652/7147 2777/7148
f 3004/7144 2777/7148 2890/7149
f 3004/7144 2890/7149 3005/7150
f 3004/7144 3005/7150 3100/7151
f 3004/7144 3100/7151 3169/7152
f 3169/7152 3100/7151 3170/7153
f 1173/7154 1429/7155 1146/7156
f 1146/7156 1429/7155 1467/7157
f 1146/7156 1467/7157 1473/7158
f 1146/7156 1473/7158 1044/7159
f 1146/7156 1044/7159 1066/7160
f 1044/7159 1473/7158 1129/7161
f 1129/7161 1473/7158 1315/7162
f 1129/7161 1315/7162 1202/7163
f 1315/7162 1473/7158 1430/7164
f 1429/7165 1474/7166 1467/7167
f 1474/7168 1468/7169 1467/7170
f 715/7171 716/7172 844/7173
f 844/7173 716/7172 845/7174
f 715/7175 712/7176 716/7177
f 716/7177 712/7176 713/7178
f 712/7176 715/7175 714/7179
f 715/7180 843/7181 714/7182
f 843/7181 715/7180 844/7183
f 844/7184 839/7185 843/7186
f 839/7185 844/7184 845/7187
f 839/7185 845/7187 840/7188
f 716/7189 840/7190 845/7191
f 840/7190 716/7189 713/7192
f 1044/7193 1129/7194 1000/7195
f 1000/7195 1129/7194 1081/7196
f 1468/7197 1430/7198 1473/7199
f 1468/7200 1473/7201 1467/7202
f 1430/7203 1305/7204 1315/7205
f 1202/7206 1081/7207 1129/7208
f 1950/7209 1906/7210 1904/7211
f 1950/7209 1904/7211 1959/7212
f 1959/7212 1904/7211 1947/7213
f 1947/7213 1904/7211 1902/7214
f 1904/7211 1906/7210 247/7215
f 1904/7211 247/7215 1902/7214
f 247/7215 1906/7210 250/7216
f 1902/7214 247/7215 244/7217
f 1950/7218 1959/7219 2047/7220
f 2047/7220 1959/7219 1947/7221
f 1950/7222 2047/7223 2048/7224
f 1950/7222 2048/7224 1946/7225
f 1946/7225 2048/7224 1949/7226
f 1946/7227 1949/7228 1907/7229
f 1364/7230 1380/7231 1352/7232
f 1364/7233 1352/7234 394/7235
f 1380/7236 1379/7237 1351/7238
f 1380/7236 1351/7238 1352/7239
f 1352/7239 1351/7238 328/7240
f 328/7240 1351/7238 327/7241
f 1353/7242 330/7243 1351/7244
f 351/7245 350/7246 331/7247
f 331/7247 350/7246 329/7248
f 2451/7249 2625/7250 2447/7251
f 2447/7251 2625/7250 2622/7252
f 2622/7252 2625/7250 2673/7253
f 2622/7252 2673/7253 2669/7254
f 714/7255 843/7256 712/7257
f 712/7257 843/7256 839/7258
f 2878/7259 2713/7260 2712/7261
f 2878/7259 2712/7261 2876/7262
f 2878/7259 2876/7262 2999/7263
f 2999/7263 2876/7262 2997/7264
f 2999/7265 2997/7266 3074/7267
f 3074/7267 2997/7266 3072/7268
f 3074/7269 3072/7270 2998/7271
f 2998/7271 3072/7270 2996/7272
f 1347/7273 1350/7274 1338/7275
f 1338/7276 1350/7277 1343/7278
f 1338/7279 1343/7280 1344/7281
f 1497/7282 1345/7283 1495/7284
f 1573/7285 1585/7286 1492/7287
f 1573/7285 1492/7287 1487/7288
f 1487/7288 1492/7287 392/7289
f 392/7289 1492/7287 415/7290
f 1487/7288 392/7289 350/7291
f 1487/7288 350/7291 1488/7292
f 1573/7293 1487/7294 1488/7295
f 2526/7296 2510/7297 2555/7298
f 2555/7298 2510/7297 2525/7299
f 2555/7298 2525/7299 2524/7300
f 2555/7298 2524/7300 2554/7301
f 2554/7301 2524/7300 2474/7302
f 507/7303 288/7304 277/7305
f 277/7305 288/7304 232/7306
f 277/7305 232/7306 239/7307
f 239/7307 232/7306 2234/7308
f 2234/7308 232/7306 2233/7309
f 2234/7308 2233/7309 2304/7310
f 2234/7308 2304/7310 2389/7311
f 2389/7311 2304/7310 2403/7312
f 2389/7311 2403/7312 2510/7313
f 2510/7313 2403/7312 2412/7314
f 2510/7313 2412/7314 2525/7315
f 2525/7315 2412/7314 2473/7316
f 2525/7315 2473/7316 2524/7317
f 2524/7317 2473/7316 2474/7318
f 2331/7319 2390/7320 2403/7321
f 2403/7321 2390/7320 2412/7322
f 2412/7322 2390/7320 2404/7323
f 2412/7322 2404/7323 2473/7324
f 2331/7319 2403/7321 2304/7325
f 2331/7319 2304/7325 2235/7326
f 2235/7326 2304/7325 2233/7327
f 2235/7326 2233/7327 232/7328
f 2235/7326 232/7328 233/7329
f 233/7329 232/7328 288/7330
f 1496/7331 1494/7332 1350/7333
f 1350/7333 1494/7332 1343/7334
f 1343/7334 1494/7332 1495/7335
f 1343/7334 1495/7335 1344/7336
f 1352/7337 328/7338 394/7339
f 1345/7340 1344/7341 1495/7342
f 1351/7343 330/7344 327/7345
f 2599/7346 2597/7347 2553/7348
f 2553/7348 2597/7347 2552/7349
f 2552/7349 2597/7347 2595/7350
f 2553/7348 2552/7349 2330/7351
f 963/7352 982/7353 944/7354
f 944/7354 982/7353 974/7355
f 983/7356 889/7357 975/7358
f 975/7358 889/7357 877/7359
f 877/7359 889/7357 705/7360
f 877/7359 705/7360 704/7361
f 704/7361 705/7360 404/7362
f 786/7363 964/7364 1081/7365
f 786/7363 1081/7365 726/7366
f 964/7364 786/7363 827/7367
f 786/7363 726/7366 279/7368
f 279/7368 726/7366 417/7369
f 279/7368 417/7369 248/7370
f 279/7368 248/7370 221/7371
f 964/7364 827/7367 962/7372
f 962/7372 827/7367 945/7373
f 945/7373 827/7367 838/7374
f 962/7372 945/7373 974/7375
f 962/7372 974/7375 975/7376
f 974/7375 945/7373 944/7377
f 944/7377 945/7373 838/7374
f 944/7377 838/7374 837/7378
f 786/7379 279/7380 531/7381
f 786/7379 531/7381 785/7382
f 786/7383 852/7384 827/7385
f 852/7384 786/7383 785/7386
f 1081/7387 876/7388 726/7389
f 726/7389 876/7388 725/7390
f 1081/7391 877/7392 876/7393
f 876/7393 877/7392 704/7394
f 876/7393 704/7394 725/7395
f 725/7395 704/7394 416/7396
f 416/7396 704/7394 403/7397
f 416/7396 403/7397 246/7398
f 416/7396 246/7398 245/7399
f 221/7400 248/7401 247/7402
f 726/7403 725/7404 417/7405
f 417/7405 725/7404 416/7406
f 247/7407 248/7408 244/7409
f 244/7409 248/7408 245/7410
f 244/7409 245/7410 243/7411
f 243/7411 245/7410 246/7412
f 248/7413 417/7414 245/7415
f 245/7415 417/7414 416/7416
f 2274/7417 2030/7418 2273/7419
f 2273/7419 2030/7418 2029/7420
f 2273/7419 2029/7420 2272/7421
f 2272/7421 2029/7420 2028/7422
f 3463/7423 3073/7424 3491/7425
f 3491/7425 3073/7424 3042/7426
f 3491/7425 3042/7426 3462/7427
f 3462/7427 3042/7426 3031/7428
f 3031/7428 3042/7426 2764/7429
f 3042/7426 3073/7424 2799/7430
f 3042/7426 2799/7430 2764/7429
f 2799/7430 3073/7424 2841/7431
f 2764/7429 2799/7430 2549/7432
f 2799/7430 2841/7431 2616/7433
f 2799/7430 2616/7433 2549/7432
f 2616/7433 2841/7431 2664/7434
f 2616/7433 2664/7434 2665/7435
f 2549/7432 2616/7433 2617/7436
f 2617/7436 2616/7433 2665/7435
f 2617/7436 2665/7435 2749/7437
f 2549/7432 2617/7436 2550/7438
f 2550/7438 2617/7436 2748/7439
f 2875/7440 2748/7439 2749/7437
f 2550/7438 2748/7439 2619/7441
f 2619/7441 2748/7439 2735/7442
f 2619/7441 2735/7442 2605/7443
f 2735/7442 2748/7439 2873/7444
f 2873/7444 2748/7439 2875/7440
f 2873/7444 2875/7440 2987/7445
f 2987/7445 2875/7440 2996/7446
f 3438/7447 3462/7448 3031/7449
f 3464/7450 3329/7451 3465/7452
f 3465/7452 3329/7451 3310/7453
f 3310/7453 3329/7451 2595/7454
f 3310/7453 2595/7454 2597/7455
f 2595/7454 3329/7451 2606/7456
f 2595/7454 2606/7456 2596/7457
f 2595/7454 2596/7457 2552/7458
f 2552/7458 2596/7457 2551/7459
f 2552/7458 2551/7459 2330/7460
f 2330/7460 2551/7459 2023/7461
f 3465/7462 3310/7463 3311/7464
f 3311/7464 3310/7463 2597/7465
f 712/7466 839/7467 713/7468
f 713/7468 839/7467 840/7469
f 2047/7470 1947/7471 2048/7472
f 2048/7472 1947/7471 1945/7473
f 2048/7472 1945/7473 1948/7474
f 1493/7475 427/7476 1492/7477
f 2444/7478 2441/7479 2615/7480
f 2667/7481 2615/7482 2634/7483
f 2667/7481 2634/7483 2666/7484
f 350/7485 392/7486 329/7487
f 329/7487 392/7486 393/7488
f 393/7488 392/7486 415/7489
f 427/7490 415/7491 1492/7492
f 2668/7493 2635/7494 2669/7495
f 2669/7495 2635/7494 2618/7496
f 2669/7495 2618/7496 2622/7497
f 2447/7498 2622/7499 2618/7500
f 2447/7498 2618/7500 2443/7501
f 2330/7502 2023/7503 2329/7504
f 2329/7504 2023/7503 2328/7505
f 2328/7505 2023/7503 2022/7506
f 827/7507 876/7508 975/7509
f 876/7508 827/7507 725/7510
f 244/7511 243/7512 1902/7513
f 1902/7513 243/7512 1901/7514
f 1901/7514 243/7512 1903/7515
f 1903/7515 243/7512 246/7516
f 1902/7513 1901/7514 1945/7517
f 1945/7517 1901/7514 1903/7515
f 1902/7513 1945/7517 1947/7518
f 1945/7517 1903/7515 1948/7519
f 2876/7520 2712/7521 2874/7522
f 2874/7522 2712/7521 2736/7523
f 2736/7523 2712/7521 2605/7524
f 2876/7520 2874/7522 2988/7525
f 2876/7520 2988/7525 2997/7526
f 2997/7527 2988/7528 3030/7529
f 2997/7530 3030/7531 3072/7532
f 2605/7533 2648/7534 2736/7535
f 2605/7536 2735/7537 2648/7538
f 3072/7539 3030/7540 2996/7541
f 2996/7541 3030/7540 2987/7542
f 2987/7542 3030/7540 2979/7543
f 2979/7543 3030/7540 2995/7544
f 2749/7545 2748/7546 2617/7547
f 2021/7548 2020/7549 2356/7550
f 2356/7550 2020/7549 2019/7551
f 2356/7550 2019/7551 2355/7552
f 2354/7553 2436/7554 2353/7555
f 2353/7555 2436/7554 2435/7556
f 2357/7557 2437/7558 2438/7559
f 2357/7557 2438/7559 2358/7560
f 2359/7561 2025/7562 2360/7563
f 2360/7563 2025/7562 2026/7564
f 322/7565 854/7566 873/7567
f 322/7565 873/7567 319/7568
f 854/7566 322/7565 321/7569
f 854/7566 321/7569 869/7570
f 869/7570 321/7569 324/7571
f 854/7572 869/7573 873/7574
f 873/7574 869/7573 855/7575
f 873/7574 855/7575 874/7576
f 874/7576 855/7575 856/7577
f 874/7576 856/7577 875/7578
f 2615/7579 2441/7580 2440/7581
f 2615/7579 2440/7581 2634/7582
f 2442/7583 2443/7584 2635/7585
f 2635/7585 2443/7584 2618/7586
f 325/7587 326/7588 856/7589
f 325/7587 856/7589 855/7590
f 856/7589 326/7588 875/7591
f 875/7591 326/7588 320/7592
f 2874/7593 2736/7594 2747/7595
f 2874/7593 2747/7595 2872/7596
f 2874/7593 2872/7596 2988/7597
f 2988/7597 2872/7596 2980/7598
f 2980/7598 2872/7596 2974/7599
f 2974/7599 2872/7596 2868/7600
f 2988/7601 2980/7602 3030/7603
f 3030/7603 2980/7602 2995/7604
f 2995/7604 2980/7602 2994/7605
f 2994/7605 2980/7602 2974/7606
f 2736/7607 2648/7608 2747/7609
f 2747/7609 2648/7608 2711/7610
f 2747/7609 2711/7610 2745/7611
f 2745/7611 2711/7610 2710/7612
f 2710/7612 2711/7610 2744/7613
f 2744/7613 2711/7610 2746/7614
f 2746/7614 2711/7610 2648/7608
f 2746/7614 2648/7608 2735/7615
f 2987/7616 2979/7617 2871/7618
f 2871/7618 2979/7617 2973/7619
f 2987/7616 2871/7618 2873/7620
f 2871/7618 2973/7619 2867/7621
f 2873/7620 2871/7618 2746/7622
f 2746/7622 2871/7618 2867/7621
f 2873/7620 2746/7622 2735/7623
f 2746/7622 2867/7621 2744/7624
f 2225/7625 2224/7626 2262/7627
f 2262/7628 2224/7629 2261/7630
f 2262/7628 2261/7630 2422/7631
f 2262/7632 2422/7633 2472/7634
f 2472/7634 2422/7633 2434/7635
f 872/7636 852/7637 836/7638
f 872/7636 836/7638 851/7639
f 836/7638 852/7637 785/7640
f 836/7638 785/7640 782/7641
f 782/7641 785/7640 531/7642
f 782/7641 531/7642 523/7643
f 523/7643 531/7642 287/7644
f 2263/7645 2232/7646 2018/7647
f 2015/7648 505/7649 390/7650
f 390/7650 505/7649 522/7651
f 2015/7648 390/7650 1957/7652
f 522/7651 505/7649 530/7653
f 2015/7648 1957/7652 2199/7654
f 522/7651 530/7653 724/7655
f 2015/7648 2199/7654 2224/7656
f 724/7655 530/7653 733/7657
f 2224/7656 2199/7654 2261/7658
f 724/7655 733/7657 806/7659
f 2261/7658 2199/7654 2231/7660
f 724/7655 806/7659 780/7661
f 2261/7658 2231/7660 2401/7662
f 780/7661 806/7659 849/7663
f 2261/7658 2401/7662 2422/7664
f 780/7661 849/7663 824/7665
f 2422/7664 2401/7662 2423/7666
f 824/7665 849/7663 850/7667
f 2423/7666 2401/7662 2402/7668
f 824/7665 850/7667 825/7669
f 2423/7666 2402/7668 2316/7670
f 825/7669 850/7667 826/7671
f 2316/7670 2402/7668 2200/7672
f 826/7671 850/7667 851/7673
f 2316/7670 2200/7672 2232/7674
f 826/7671 851/7673 836/7675
f 2232/7674 2200/7672 2016/7676
f 826/7671 836/7675 781/7677
f 781/7677 836/7675 782/7678
f 781/7677 782/7678 523/7679
f 2016/7676 2200/7672 1958/7680
f 2016/7676 1958/7680 391/7681
f 286/7682 391/7681 523/7679
f 391/7681 286/7682 2016/7676
f 1957/7683 390/7684 388/7685
f 388/7685 390/7684 520/7686
f 1957/7683 388/7685 1955/7687
f 1957/7683 1955/7687 2199/7688
f 2199/7688 1955/7687 2197/7689
f 520/7686 390/7684 522/7690
f 520/7686 522/7690 723/7691
f 723/7691 522/7690 724/7692
f 2199/7693 2197/7694 2231/7695
f 2231/7695 2197/7694 2230/7696
f 2231/7695 2230/7696 2401/7697
f 2401/7697 2230/7696 2399/7698
f 2399/7698 2230/7696 2351/7699
f 724/7700 780/7701 778/7702
f 724/7700 778/7702 723/7703
f 723/7703 778/7702 766/7704
f 766/7704 778/7702 821/7705
f 723/7703 766/7704 711/7706
f 766/7704 821/7705 803/7707
f 723/7703 711/7706 520/7708
f 803/7707 821/7705 822/7709
f 520/7708 711/7706 503/7710
f 803/7707 822/7709 804/7711
f 804/7711 822/7709 805/7712
f 805/7712 822/7709 823/7713
f 520/7708 503/7710 388/7714
f 388/7714 503/7710 386/7715
f 388/7714 386/7715 1953/7716
f 388/7714 1953/7716 1955/7717
f 1955/7717 1953/7716 2191/7718
f 1955/7717 2191/7718 2197/7719
f 780/7720 824/7721 821/7722
f 780/7720 821/7722 778/7723
f 821/7722 824/7721 822/7724
f 822/7724 824/7721 825/7725
f 822/7724 825/7725 823/7726
f 823/7726 825/7725 826/7727
f 823/7726 826/7727 779/7728
f 779/7728 826/7727 781/7729
f 2401/7730 2399/7731 2402/7732
f 2402/7732 2399/7731 2400/7733
f 2402/7732 2400/7733 2200/7734
f 2200/7734 2400/7733 2198/7735
f 781/7736 523/7737 779/7738
f 779/7738 523/7737 521/7739
f 2200/7740 2198/7741 1958/7742
f 1958/7742 2198/7741 1956/7743
f 1958/7742 1956/7743 391/7744
f 391/7744 1956/7743 389/7745
f 391/7744 389/7745 521/7746
f 391/7744 521/7746 523/7747
f 521/7746 389/7745 504/7748
f 504/7748 389/7745 387/7749
f 1818/7750 1757/7751 1817/7752
f 1817/7752 1757/7751 1756/7753
f 1818/7754 1817/7755 1814/7756
f 1814/7756 1817/7755 1813/7757
f 1818/7758 1814/7759 1753/7760
f 1818/7758 1753/7760 1757/7761
f 1757/7762 1753/7763 1752/7764
f 1757/7762 1752/7764 1756/7765
f 1679/7766 1659/7767 1678/7768
f 1678/7768 1659/7767 1658/7769
f 1679/7770 1678/7771 1675/7772
f 1675/7772 1678/7771 1674/7773
f 1679/7774 1675/7775 1655/7776
f 1679/7774 1655/7776 1659/7777
f 1659/7778 1655/7779 1654/7780
f 1659/7778 1654/7780 1658/7781
f 80/7782 140/7783 79/7784
f 79/7784 140/7783 139/7785
f 80/7786 79/7787 76/7788
f 76/7788 79/7787 75/7789
f 80/7790 76/7791 136/7792
f 80/7790 136/7792 140/7793
f 140/7794 136/7795 135/7796
f 140/7794 135/7796 139/7797
f 1817/7798 1756/7799 1813/7800
f 1813/7800 1756/7799 1752/7801
f 1678/7802 1658/7803 1674/7804
f 1674/7804 1658/7803 1654/7805
f 79/7806 139/7807 75/7808
f 75/7808 139/7807 135/7809
f 1819/7810 1758/7811 1759/7812
f 1819/7810 1759/7812 1820/7813
f 1819/7814 1820/7815 1816/7816
f 1819/7814 1816/7816 1815/7817
f 1819/7818 1815/7819 1758/7820
f 1758/7820 1815/7819 1754/7821
f 1758/7822 1754/7823 1759/7824
f 1759/7824 1754/7823 1755/7825
f 1680/7826 1660/7827 1661/7828
f 1680/7826 1661/7828 1681/7829
f 1680/7830 1681/7831 1677/7832
f 1680/7830 1677/7832 1676/7833
f 1680/7834 1676/7835 1660/7836
f 1660/7836 1676/7835 1656/7837
f 1660/7838 1656/7839 1661/7840
f 1661/7840 1656/7839 1657/7841
f 81/7842 141/7843 142/7844
f 81/7842 142/7844 82/7845
f 81/7846 82/7847 78/7848
f 81/7846 78/7848 77/7849
f 81/7850 77/7851 141/7852
f 141/7852 77/7851 137/7853
f 141/7854 137/7855 142/7856
f 142/7856 137/7855 138/7857
f 1820/7858 1759/7859 1755/7860
f 1820/7858 1755/7860 1816/7861
f 1681/7862 1661/7863 1657/7864
f 1681/7862 1657/7864 1677/7865
f 82/7866 142/7867 138/7868
f 82/7866 138/7868 78/7869
f 2197/7870 2191/7871 2230/7872
f 2230/7872 2191/7871 2223/7873
f 2230/7872 2223/7873 2351/7874
f 2223/7873 2191/7871 1814/7875
f 2223/7873 1814/7875 2351/7874
f 1814/7875 2191/7871 1953/7876
f 1814/7875 1953/7876 1753/7877
f 1753/7877 1953/7876 1675/7878
f 1753/7877 1675/7878 1752/7879
f 1675/7878 1953/7876 1655/7880
f 1752/7879 1675/7878 1674/7881
f 1655/7880 1953/7876 76/7882
f 76/7882 1953/7876 386/7883
f 1655/7880 76/7882 1654/7884
f 76/7882 386/7883 136/7885
f 136/7885 386/7883 503/7886
f 136/7885 503/7886 711/7887
f 1654/7884 76/7882 75/7888
f 136/7885 711/7887 135/7889
f 135/7889 711/7887 766/7890
f 135/7889 766/7890 803/7891
f 1654/7884 75/7888 92/7892
f 92/7892 75/7888 124/7893
f 124/7893 75/7888 135/7889
f 92/7892 124/7893 123/7894
f 92/7892 123/7894 91/7895
f 124/7893 135/7889 315/7896
f 315/7896 135/7889 316/7897
f 316/7897 135/7889 683/7898
f 683/7898 135/7889 803/7891
f 1691/7899 1654/7884 92/7892
f 1654/7884 1691/7899 1674/7881
f 683/7898 803/7891 682/7900
f 1674/7881 1691/7899 1719/7901
f 1674/7881 1719/7901 1752/7879
f 1719/7901 1691/7899 1718/7902
f 1718/7902 1691/7899 1690/7903
f 1752/7879 1719/7901 1813/7904
f 1813/7904 1719/7901 2003/7905
f 1813/7904 2003/7905 2004/7906
f 1813/7904 2004/7906 2351/7874
f 1813/7904 2351/7874 1814/7875
f 2351/7874 2004/7906 2257/7907
f 2351/7874 2257/7907 2256/7908
f 2351/7874 2256/7908 2352/7909
f 2352/7909 2256/7908 2255/7910
f 2255/7910 2256/7908 2002/7911
f 2255/7910 2002/7911 2001/7912
f 2352/7909 2255/7910 2258/7913
f 2005/7914 2006/7915 2258/7913
f 2258/7913 2006/7915 2259/7916
f 2258/7913 2259/7916 2352/7909
f 2352/7909 2259/7916 2260/7917
f 2352/7909 2260/7917 2008/7918
f 2352/7909 2008/7918 1815/7919
f 1815/7919 2008/7918 2007/7920
f 1815/7919 2007/7920 1721/7921
f 2352/7909 1815/7919 1816/7922
f 2352/7909 1816/7922 2192/7923
f 1815/7919 1721/7921 1754/7924
f 2192/7923 1816/7922 1954/7925
f 1954/7925 1816/7922 1755/7926
f 1677/7927 1755/7926 1754/7924
f 1755/7926 1677/7927 1954/7925
f 1677/7927 1754/7924 1676/7928
f 1954/7925 1677/7927 1657/7929
f 1754/7924 1721/7921 1693/7930
f 1754/7924 1693/7930 1676/7928
f 1693/7930 1721/7921 1720/7931
f 1693/7930 1720/7931 1692/7932
f 1676/7928 1693/7930 1656/7933
f 1954/7925 1657/7929 78/7934
f 78/7934 1657/7929 1656/7933
f 1954/7925 78/7934 387/7935
f 387/7935 78/7934 138/7936
f 78/7934 1656/7933 77/7937
f 387/7935 138/7936 137/7938
f 1656/7933 1693/7930 94/7939
f 1656/7933 94/7939 77/7937
f 387/7935 137/7938 504/7940
f 77/7937 94/7939 126/7941
f 77/7937 126/7941 137/7938
f 126/7941 94/7939 125/7942
f 125/7942 94/7939 93/7943
f 137/7938 126/7941 317/7944
f 504/7940 137/7938 767/7945
f 137/7938 317/7944 318/7946
f 767/7945 137/7938 805/7947
f 805/7947 137/7938 318/7946
f 805/7947 318/7946 687/7948
f 805/7947 687/7948 686/7949
f 805/7947 686/7949 685/7950
f 685/7950 686/7949 443/7951
f 443/7951 686/7949 444/7952
f 805/7947 685/7950 804/7953
f 804/7953 685/7950 684/7954
f 804/7953 684/7954 680/7955
f 804/7953 680/7955 681/7956
f 804/7953 681/7956 682/7900
f 804/7953 682/7900 803/7891
f 682/7900 681/7956 441/7957
f 682/7900 441/7957 442/7958
f 2399/7959 2351/7960 2400/7961
f 2400/7961 2351/7960 2352/7962
f 2400/7961 2352/7962 2198/7963
f 2198/7963 2352/7962 2192/7964
f 823/7965 779/7966 805/7967
f 805/7967 779/7966 767/7968
f 767/7968 779/7966 521/7969
f 767/7968 521/7969 504/7970
f 2198/7971 2192/7972 1956/7973
f 1956/7973 2192/7972 1954/7974
f 1956/7973 1954/7974 389/7975
f 389/7975 1954/7974 387/7976
f 2257/7977 2004/7978 2188/7979
f 2188/7979 2004/7978 1993/7980
f 2257/7977 2188/7979 2252/7981
f 2252/7981 2188/7979 2184/7982
f 1989/7983 2184/7982 1993/7980
f 2184/7982 1989/7983 2252/7981
f 2257/7984 2252/7985 2256/7986
f 2256/7986 2252/7985 2251/7987
f 2004/7988 2003/7989 1992/7990
f 2004/7988 1992/7990 1993/7991
f 1993/7991 1992/7990 1988/7992
f 1993/7991 1988/7992 1989/7993
f 683/7994 682/7995 673/7996
f 683/7994 673/7996 674/7997
f 683/7998 537/7999 316/8000
f 316/8000 537/7999 311/8001
f 537/7999 683/7998 674/8002
f 537/7999 674/8002 533/8003
f 307/8004 311/8001 533/8003
f 307/8004 533/8003 674/8002
f 316/8005 311/8006 310/8007
f 316/8005 310/8007 315/8008
f 310/8007 311/8006 306/8009
f 306/8009 311/8006 307/8010
f 2003/8011 1719/8012 1714/8013
f 2003/8011 1714/8013 1992/8014
f 1719/8015 1718/8016 1716/8017
f 1719/8015 1716/8017 1714/8018
f 1691/8019 92/8020 87/8021
f 1691/8019 87/8021 1686/8022
f 1691/8023 1688/8024 1690/8025
f 1688/8024 1691/8023 1686/8026
f 92/8027 91/8028 89/8029
f 92/8027 89/8029 87/8030
f 124/8031 315/8032 310/8033
f 124/8031 310/8033 119/8034
f 124/8035 121/8036 123/8037
f 121/8036 124/8035 119/8038
f 442/8039 441/8040 438/8041
f 438/8041 441/8040 437/8042
f 442/8043 438/8044 644/8045
f 442/8043 644/8045 682/8046
f 682/8046 644/8045 673/8047
f 673/8047 644/8045 640/8048
f 2256/8049 2220/8050 2002/8051
f 2002/8051 2220/8050 1998/8052
f 2220/8050 2256/8049 2251/8053
f 2220/8050 2251/8053 2215/8054
f 2002/8055 1998/8056 1997/8057
f 2002/8055 1997/8057 2001/8058
f 1718/8059 1690/8060 1688/8061
f 1718/8059 1688/8061 1716/8062
f 91/8063 123/8064 121/8065
f 91/8063 121/8065 89/8066
f 2255/8067 2001/8068 2219/8069
f 2219/8069 2001/8068 1997/8070
f 2255/8071 2219/8072 2258/8073
f 2258/8073 2219/8072 2221/8074
f 441/8075 681/8076 643/8077
f 441/8075 643/8077 437/8078
f 643/8077 681/8076 672/8079
f 643/8077 672/8079 639/8080
f 681/8081 680/8082 671/8083
f 681/8081 671/8083 672/8084
f 671/8083 680/8082 684/8085
f 671/8083 684/8085 675/8086
f 675/8086 684/8085 677/8087
f 677/8087 684/8085 685/8088
f 2258/8089 2221/8090 2005/8091
f 2005/8091 2221/8090 1999/8092
f 2005/8093 1999/8094 2006/8095
f 2006/8095 1999/8094 2000/8096
f 685/8097 443/8098 645/8099
f 645/8099 443/8098 439/8100
f 685/8097 645/8099 677/8101
f 677/8101 645/8099 641/8102
f 443/8103 444/8104 440/8105
f 443/8103 440/8105 439/8106
f 1720/8107 1721/8108 1717/8109
f 1717/8109 1721/8108 1715/8110
f 1720/8111 1717/8112 1689/8113
f 1720/8111 1689/8113 1692/8114
f 1692/8115 1689/8116 1693/8117
f 1693/8117 1689/8116 1687/8118
f 93/8119 94/8120 90/8121
f 90/8121 94/8120 88/8122
f 93/8123 90/8124 122/8125
f 93/8123 122/8125 125/8126
f 125/8127 122/8128 126/8129
f 126/8129 122/8128 120/8130
f 2259/8131 2006/8132 2222/8133
f 2222/8133 2006/8132 2000/8134
f 2259/8131 2222/8133 2253/8135
f 2253/8135 2222/8133 2217/8136
f 2259/8137 2253/8138 2260/8139
f 2260/8139 2253/8138 2254/8140
f 444/8141 686/8142 646/8143
f 444/8141 646/8143 440/8144
f 646/8143 686/8142 678/8145
f 646/8143 678/8145 642/8146
f 686/8147 687/8148 679/8149
f 686/8147 679/8149 678/8150
f 2007/8151 2008/8152 1994/8153
f 1994/8153 2008/8152 1996/8154
f 2007/8155 1994/8156 1715/8157
f 2007/8155 1715/8157 1721/8158
f 1693/8159 1687/8160 88/8161
f 1693/8159 88/8161 94/8162
f 126/8163 120/8164 312/8165
f 126/8163 312/8165 317/8166
f 317/8167 312/8168 318/8169
f 318/8169 312/8168 314/8170
f 2008/8171 2260/8172 2190/8173
f 2008/8171 2190/8173 1996/8174
f 2190/8173 2260/8172 2254/8175
f 2190/8173 2254/8175 2186/8176
f 318/8177 539/8178 687/8179
f 539/8178 318/8177 314/8180
f 687/8179 539/8178 679/8181
f 679/8181 539/8178 535/8182
f 679/8181 535/8182 309/8183
f 309/8183 535/8182 313/8184
f 438/8185 437/8186 644/8187
f 644/8187 437/8186 643/8188
f 644/8189 643/8190 639/8191
f 644/8189 639/8191 640/8192
f 2220/8193 2219/8194 1997/8195
f 2220/8193 1997/8195 1998/8196
f 2220/8197 2215/8198 2219/8199
f 2219/8199 2215/8198 2221/8200
f 2221/8200 2215/8198 2217/8201
f 2221/8200 2217/8201 2222/8202
f 2221/8203 2222/8204 1999/8205
f 1999/8205 2222/8204 2000/8206
f 645/8207 439/8208 646/8209
f 646/8209 439/8208 440/8210
f 645/8211 646/8212 641/8213
f 641/8213 646/8212 642/8214
f 2872/8215 2747/8216 2868/8217
f 2747/8218 2745/8219 2868/8220
f 2995/8221 2994/8222 2979/8223
f 2979/8224 2994/8225 2973/8226
f 2188/8227 2187/8228 2184/8229
f 2184/8229 2187/8228 2183/8230
f 2188/8231 1993/8232 2187/8233
f 2187/8233 1993/8232 1992/8234
f 537/8235 536/8236 311/8237
f 311/8237 536/8236 310/8238
f 537/8239 533/8240 536/8241
f 536/8241 533/8240 532/8242
f 2187/8243 1992/8244 2183/8245
f 536/8246 532/8247 310/8248
f 2189/8249 2190/8250 2186/8251
f 2189/8249 2186/8251 2185/8252
f 2189/8253 1994/8254 1996/8255
f 2189/8253 1996/8255 2190/8256
f 2189/8257 2185/8258 1994/8259
f 538/8260 539/8261 314/8262
f 538/8260 314/8262 312/8263
f 538/8264 312/8265 534/8266
f 538/8267 534/8268 535/8269
f 538/8267 535/8269 539/8270
f 2870/8271 2970/8272 2868/8273
f 2868/8273 2970/8272 2974/8274
f 2974/8274 2970/8272 2991/8275
f 2974/8274 2991/8275 2994/8276
f 2870/8277 2757/8278 2756/8279
f 2757/8278 2870/8277 2745/8280
f 2756/8279 2757/8278 2724/8281
f 2870/8277 2756/8279 2869/8282
f 2870/8277 2869/8282 2970/8283
f 2970/8283 2869/8282 2969/8284
f 2970/8283 2969/8284 2991/8285
f 2869/8282 2756/8279 2867/8286
f 2869/8282 2867/8286 2973/8287
f 2867/8286 2756/8279 2744/8288
f 2870/8289 2868/8290 2745/8291
f 2757/8292 2745/8293 2710/8294
f 2757/8292 2710/8294 2724/8295
f 2724/8295 2710/8294 2744/8296
f 2724/8295 2744/8296 2756/8297
f 2991/8298 2969/8299 2994/8300
f 2994/8300 2969/8299 2973/8301
f 2973/8301 2969/8299 2869/8302
f 1716/8303 1688/8304 1714/8305
f 1714/8305 1688/8304 1686/8306
f 1714/8305 1686/8306 1988/8307
f 1714/8305 1988/8307 1992/8308
f 1988/8307 1686/8306 306/8309
f 306/8309 1686/8306 87/8310
f 306/8309 87/8310 119/8311
f 306/8309 119/8311 310/8312
f 119/8311 87/8310 121/8313
f 121/8313 87/8310 89/8314
f 1717/8315 1715/8316 1689/8317
f 1689/8317 1715/8316 1687/8318
f 1687/8318 1715/8316 1991/8319
f 1991/8319 1715/8316 1994/8320
f 1687/8318 1991/8319 309/8321
f 1687/8318 309/8321 88/8322
f 88/8322 309/8321 120/8323
f 120/8323 309/8321 312/8324
f 88/8322 120/8323 122/8325
f 88/8322 122/8325 90/8326
f 2184/8327 2183/8328 1993/8329
f 1993/8329 2183/8328 1992/8330
f 311/8331 532/8332 533/8333
f 532/8332 311/8331 310/8334
f 1994/8335 2185/8336 1995/8337
f 1995/8337 2185/8336 2186/8338
f 1994/8339 1995/8340 1991/8341
f 312/8342 313/8343 534/8344
f 534/8344 313/8343 535/8345
f 312/8346 309/8347 313/8348
f 1995/8349 2186/8350 1991/8351
f 2186/8352 2254/8353 1991/8354
f 2252/8355 1989/8356 2216/8357
f 2216/8357 1989/8356 1988/8358
f 2252/8355 2216/8357 2251/8359
f 2251/8359 2216/8357 2215/8360
f 307/8361 674/8362 587/8363
f 307/8361 587/8363 306/8364
f 587/8363 674/8362 673/8365
f 587/8363 673/8365 586/8366
f 2216/8367 1988/8368 1963/8369
f 2216/8367 1963/8369 2208/8370
f 2216/8371 2208/8372 2215/8373
f 2215/8373 2208/8372 2207/8374
f 1988/8375 306/8376 1913/8377
f 1988/8375 1913/8377 1987/8378
f 1913/8377 306/8376 1853/8379
f 1853/8379 306/8376 1800/8380
f 1853/8379 1800/8380 1811/8381
f 1811/8381 1800/8380 1804/8382
f 1800/8380 306/8376 1780/8383
f 1780/8383 306/8376 1704/8384
f 1780/8383 1704/8384 1774/8385
f 1774/8385 1704/8384 1712/8386
f 1704/8384 306/8376 1700/8387
f 1700/8387 306/8376 1672/8388
f 1700/8387 1672/8388 1696/8389
f 1696/8389 1672/8388 1684/8390
f 1672/8388 306/8376 1668/8391
f 305/8392 254/8393 306/8376
f 306/8376 254/8393 165/8394
f 161/8395 133/8396 165/8394
f 165/8394 133/8396 129/8397
f 165/8394 129/8397 306/8376
f 306/8376 129/8397 101/8398
f 97/8399 85/8400 101/8398
f 101/8398 85/8400 57/8401
f 101/8398 57/8401 306/8376
f 306/8376 57/8401 53/8402
f 49/8403 45/8404 53/8402
f 53/8402 45/8404 3/8405
f 53/8402 3/8405 306/8376
f 306/8376 3/8405 1668/8391
f 1668/8391 3/8405 1664/8406
f 1664/8406 3/8405 1652/8407
f 1988/8408 1987/8409 1962/8410
f 1988/8408 1962/8410 1963/8411
f 1963/8411 1962/8410 1968/8412
f 1963/8411 1968/8412 1964/8413
f 1964/8413 1968/8412 1982/8414
f 1982/8414 1968/8412 1981/8415
f 306/8416 587/8417 582/8418
f 306/8416 582/8418 294/8419
f 306/8420 294/8421 305/8422
f 305/8422 294/8421 293/8423
f 587/8424 586/8425 549/8426
f 587/8424 549/8426 582/8427
f 582/8427 549/8426 579/8428
f 585/8429 548/8430 586/8425
f 586/8425 548/8430 549/8426
f 552/8431 553/8432 548/8430
f 548/8430 553/8432 549/8426
f 549/8426 553/8432 557/8433
f 549/8426 557/8433 567/8434
f 549/8426 567/8434 571/8435
f 549/8426 571/8435 579/8428
f 571/8435 567/8434 566/8436
f 579/8428 571/8435 575/8437
f 571/8435 566/8436 570/8438
f 579/8428 575/8437 578/8439
f 570/8438 566/8436 568/8440
f 578/8439 575/8437 574/8441
f 578/8439 574/8441 576/8442
f 578/8439 576/8442 580/8443
f 580/8443 576/8442 577/8444
f 580/8443 577/8444 581/8445
f 576/8442 574/8441 572/8446
f 572/8446 574/8441 570/8438
f 572/8446 570/8438 568/8440
f 572/8446 568/8440 569/8447
f 581/8445 577/8444 573/8448
f 572/8446 569/8447 573/8448
f 581/8445 573/8448 551/8449
f 551/8449 573/8448 569/8447
f 581/8445 551/8449 583/8450
f 551/8449 569/8447 559/8451
f 583/8450 551/8449 588/8452
f 588/8452 551/8449 584/8453
f 551/8449 559/8451 555/8454
f 584/8453 551/8449 550/8455
f 550/8455 551/8449 555/8454
f 550/8455 555/8454 554/8456
f 1987/8457 1943/8458 1939/8459
f 1987/8457 1939/8459 1962/8460
f 1943/8461 1913/8462 1921/8463
f 1921/8463 1913/8462 1917/8464
f 1917/8464 1913/8462 1911/8465
f 1943/8466 1921/8467 1939/8468
f 1939/8468 1921/8467 1919/8469
f 1939/8468 1919/8469 1941/8470
f 1911/8471 1853/8472 1851/8473
f 1911/8471 1851/8473 1909/8474
f 1911/8475 1909/8476 1915/8477
f 1911/8475 1915/8477 1917/8478
f 1853/8479 1811/8480 1851/8481
f 1851/8481 1811/8480 1809/8482
f 1800/8483 1780/8484 1778/8485
f 1800/8483 1778/8485 1798/8486
f 1800/8487 1798/8488 1802/8489
f 1800/8487 1802/8489 1804/8490
f 1780/8491 1774/8492 1778/8493
f 1778/8493 1774/8492 1772/8494
f 1704/8495 1700/8496 1698/8497
f 1704/8495 1698/8497 1702/8498
f 1704/8499 1702/8500 1710/8501
f 1704/8499 1710/8501 1712/8502
f 1700/8503 1696/8504 1698/8505
f 1698/8505 1696/8504 1694/8506
f 1672/8507 1668/8508 1666/8509
f 1672/8507 1666/8509 1670/8510
f 1672/8511 1670/8512 1682/8513
f 1672/8511 1682/8513 1684/8514
f 1668/8515 1664/8516 1666/8517
f 1666/8517 1664/8516 1662/8518
f 3/8519 45/8520 1/8521
f 1/8521 45/8520 40/8522
f 3/8523 1/8524 1650/8525
f 3/8523 1650/8525 1652/8526
f 53/8527 57/8528 55/8529
f 53/8527 55/8529 51/8530
f 53/8531 51/8532 47/8533
f 53/8531 47/8533 49/8534
f 57/8535 85/8536 55/8537
f 55/8537 85/8536 83/8538
f 101/8539 129/8540 127/8541
f 101/8539 127/8541 99/8542
f 101/8543 99/8544 95/8545
f 101/8543 95/8545 97/8546
f 129/8547 133/8548 127/8549
f 127/8549 133/8548 131/8550
f 165/8551 254/8552 163/8553
f 163/8553 254/8552 253/8554
f 253/8554 254/8552 293/8555
f 293/8555 254/8552 305/8556
f 165/8557 163/8558 159/8559
f 165/8557 159/8559 161/8560
f 1811/8561 1804/8562 1802/8563
f 1811/8561 1802/8563 1809/8564
f 1774/8565 1712/8566 1710/8567
f 1774/8565 1710/8567 1772/8568
f 1696/8569 1684/8570 1682/8571
f 1696/8569 1682/8571 1694/8572
f 1664/8573 1652/8574 1650/8575
f 1664/8573 1650/8575 1662/8576
f 45/8577 49/8578 47/8579
f 45/8577 47/8579 43/8580
f 45/8581 43/8582 40/8583
f 85/8584 97/8585 95/8586
f 85/8584 95/8586 83/8587
f 133/8588 161/8589 159/8590
f 133/8588 159/8590 131/8591
f 1921/8592 1917/8593 1915/8594
f 1921/8592 1915/8594 1919/8595
f 586/8596 640/8597 639/8598
f 586/8596 639/8598 585/8599
f 585/8599 639/8598 671/8600
f 671/8600 639/8598 672/8601
f 2215/8602 2162/8603 2217/8604
f 2217/8604 2162/8603 2140/8605
f 2140/8605 2162/8603 2075/8606
f 2140/8605 2075/8606 2074/8607
f 2217/8604 2140/8605 2139/8608
f 2073/8609 2072/8610 2139/8608
f 2139/8608 2072/8610 2138/8611
f 2139/8608 2138/8611 2217/8604
f 2217/8604 2138/8611 2137/8612
f 2071/8613 2070/8614 2137/8612
f 2137/8612 2070/8614 2136/8615
f 2137/8612 2136/8615 2217/8604
f 2217/8604 2136/8615 2135/8616
f 2217/8604 2135/8616 2141/8617
f 2141/8617 2135/8616 2069/8618
f 2141/8617 2069/8618 2076/8619
f 2217/8604 2141/8617 2142/8620
f 2217/8604 2142/8620 2143/8621
f 2143/8621 2142/8620 2077/8622
f 2143/8621 2077/8622 2078/8623
f 2217/8604 2143/8621 2144/8624
f 2217/8604 2144/8624 2145/8625
f 2145/8625 2144/8624 2079/8626
f 2145/8625 2079/8626 2080/8627
f 2217/8604 2145/8625 2146/8628
f 2217/8604 2146/8628 2163/8629
f 2217/8604 2163/8629 2164/8630
f 2163/8629 2146/8628 2082/8631
f 2082/8631 2146/8628 2081/8632
f 2215/8633 2207/8634 2162/8635
f 2162/8635 2207/8634 2157/8636
f 2162/8635 2157/8636 2075/8637
f 2075/8637 2157/8636 2061/8638
f 2061/8638 2157/8636 2159/8639
f 2159/8639 2157/8636 2207/8634
f 2159/8639 2207/8634 2211/8640
f 2211/8640 2207/8634 2243/8641
f 2211/8640 2243/8641 2247/8642
f 2211/8640 2247/8642 2213/8643
f 2075/8644 2061/8645 2074/8646
f 2074/8646 2061/8645 2060/8647
f 2074/8648 2060/8649 2140/8650
f 2140/8650 2060/8649 2128/8651
f 2140/8652 2128/8653 2139/8654
f 2139/8654 2128/8653 2127/8655
f 2139/8656 2127/8657 2073/8658
f 2073/8658 2127/8657 2059/8659
f 2073/8660 2059/8661 2072/8662
f 2072/8662 2059/8661 2058/8663
f 2072/8664 2058/8665 2138/8666
f 2138/8666 2058/8665 2126/8667
f 2138/8668 2126/8669 2137/8670
f 2137/8670 2126/8669 2125/8671
f 2137/8672 2125/8673 2071/8674
f 2071/8674 2125/8673 2057/8675
f 2071/8676 2057/8677 2070/8678
f 2070/8678 2057/8677 2056/8679
f 2070/8680 2056/8681 2136/8682
f 2136/8682 2056/8681 2124/8683
f 2136/8684 2124/8685 2135/8686
f 2135/8686 2124/8685 2123/8687
f 585/8688 671/8689 548/8690
f 548/8690 671/8689 710/8691
f 548/8690 710/8691 649/8692
f 548/8690 649/8692 552/8693
f 671/8694 675/8695 637/8696
f 637/8696 675/8695 638/8697
f 638/8697 675/8695 676/8698
f 638/8697 676/8698 584/8699
f 584/8699 676/8698 641/8700
f 641/8700 676/8698 677/8701
f 584/8699 641/8700 642/8702
f 584/8699 642/8702 588/8703
f 588/8703 642/8702 678/8704
f 588/8703 678/8704 679/8705
f 588/8703 679/8705 309/8706
f 671/8707 637/8708 710/8709
f 710/8709 637/8708 649/8710
f 2135/8711 2123/8712 2069/8713
f 2069/8713 2123/8712 2055/8714
f 2069/8715 2055/8716 2076/8717
f 2076/8717 2055/8716 2062/8718
f 2076/8719 2062/8720 2141/8721
f 2141/8721 2062/8720 2129/8722
f 2141/8723 2129/8724 2142/8725
f 2142/8725 2129/8724 2130/8726
f 2142/8727 2130/8728 2077/8729
f 2077/8729 2130/8728 2063/8730
f 2077/8731 2063/8732 2078/8733
f 2078/8733 2063/8732 2064/8734
f 2078/8735 2064/8736 2143/8737
f 2143/8737 2064/8736 2131/8738
f 2143/8739 2131/8740 2144/8741
f 2144/8741 2131/8740 2132/8742
f 2144/8743 2132/8744 2079/8745
f 2079/8745 2132/8744 2065/8746
f 2079/8747 2065/8748 2080/8749
f 2080/8749 2065/8748 2066/8750
f 2080/8751 2066/8752 2145/8753
f 2145/8753 2066/8752 2133/8754
f 2145/8755 2133/8756 2146/8757
f 2146/8757 2133/8756 2134/8758
f 2146/8759 2134/8760 2081/8761
f 2081/8761 2134/8760 2067/8762
f 2081/8763 2067/8764 2082/8765
f 2082/8765 2067/8764 2068/8766
f 2082/8767 2068/8768 2163/8769
f 2163/8769 2068/8768 2160/8770
f 2163/8771 2160/8772 2164/8773
f 2164/8773 2160/8772 2158/8774
f 2158/8774 2160/8772 2161/8775
f 2253/8776 2217/8777 2218/8778
f 2253/8776 2218/8778 2254/8779
f 2254/8779 2218/8778 1991/8780
f 2217/8781 2164/8782 2158/8783
f 2217/8781 2158/8783 2209/8784
f 2209/8784 2158/8783 2212/8785
f 2212/8785 2158/8783 2161/8786
f 2209/8784 2212/8785 2245/8787
f 2245/8787 2212/8785 2249/8788
f 2249/8788 2212/8785 2214/8789
f 2217/8790 2209/8791 2218/8792
f 2218/8792 2209/8791 2210/8793
f 1922/8794 1918/8795 1914/8796
f 1914/8796 1918/8795 1912/8797
f 1922/8794 1914/8796 1944/8798
f 1922/8799 1944/8800 1940/8801
f 1922/8799 1940/8801 1920/8802
f 1920/8802 1940/8801 1942/8803
f 1922/8804 1920/8805 1916/8806
f 1922/8804 1916/8806 1918/8807
f 1918/8808 1916/8809 1912/8810
f 1912/8810 1916/8809 1910/8811
f 1812/8812 1805/8813 1801/8814
f 1812/8812 1801/8814 1854/8815
f 1854/8815 1801/8814 1991/8816
f 1854/8815 1991/8816 1990/8817
f 1991/8816 1801/8814 1781/8818
f 1991/8816 1781/8818 1705/8819
f 1705/8819 1781/8818 1775/8820
f 1705/8819 1775/8820 1713/8821
f 1991/8816 1705/8819 1701/8822
f 1991/8816 1701/8822 1673/8823
f 1673/8823 1701/8822 1697/8824
f 1673/8823 1697/8824 1685/8825
f 1991/8816 1673/8823 1669/8826
f 1991/8816 1669/8826 4/8827
f 4/8827 1669/8826 1665/8828
f 4/8827 1665/8828 1653/8829
f 1991/8816 4/8827 42/8830
f 1991/8816 42/8830 54/8831
f 54/8831 42/8830 46/8832
f 54/8831 46/8832 50/8833
f 1991/8816 54/8831 309/8834
f 309/8834 54/8831 58/8835
f 309/8834 58/8835 102/8836
f 102/8836 58/8835 86/8837
f 102/8836 86/8837 98/8838
f 309/8834 102/8836 130/8839
f 309/8834 130/8839 166/8840
f 166/8840 130/8839 134/8841
f 166/8840 134/8841 162/8842
f 309/8834 166/8840 176/8843
f 309/8834 176/8843 242/8844
f 242/8844 176/8843 204/8845
f 242/8844 204/8845 231/8846
f 309/8834 242/8844 270/8847
f 309/8834 270/8847 274/8848
f 309/8834 274/8848 308/8849
f 1812/8850 1854/8851 1852/8852
f 1812/8850 1852/8852 1810/8853
f 1812/8854 1810/8855 1805/8856
f 1805/8856 1810/8855 1803/8857
f 1805/8858 1803/8859 1801/8860
f 1801/8860 1803/8859 1799/8861
f 1775/8862 1781/8863 1779/8864
f 1775/8862 1779/8864 1773/8865
f 1775/8866 1773/8867 1713/8868
f 1713/8868 1773/8867 1711/8869
f 1713/8870 1711/8871 1705/8872
f 1705/8872 1711/8871 1703/8873
f 1697/8874 1701/8875 1699/8876
f 1697/8874 1699/8876 1695/8877
f 1697/8878 1695/8879 1685/8880
f 1685/8880 1695/8879 1683/8881
f 1685/8882 1683/8883 1673/8884
f 1673/8884 1683/8883 1671/8885
f 1665/8886 1669/8887 1667/8888
f 1665/8886 1667/8888 1663/8889
f 1665/8890 1663/8891 1653/8892
f 1653/8892 1663/8891 1651/8893
f 1653/8894 1651/8895 4/8896
f 4/8896 1651/8895 2/8897
f 46/8898 42/8899 41/8900
f 46/8898 41/8900 44/8901
f 46/8902 44/8903 50/8904
f 50/8904 44/8903 48/8905
f 50/8906 48/8907 54/8908
f 54/8908 48/8907 52/8909
f 86/8910 58/8911 56/8912
f 86/8910 56/8912 84/8913
f 86/8914 84/8915 98/8916
f 98/8916 84/8915 96/8917
f 98/8918 96/8919 102/8920
f 102/8920 96/8919 100/8921
f 134/8922 130/8923 128/8924
f 134/8922 128/8924 132/8925
f 134/8926 132/8927 162/8928
f 162/8928 132/8927 160/8929
f 162/8930 160/8931 166/8932
f 166/8932 160/8931 164/8933
f 204/8934 176/8935 175/8936
f 204/8934 175/8936 203/8937
f 204/8938 203/8939 231/8940
f 231/8940 203/8939 230/8941
f 231/8942 230/8943 242/8944
f 242/8944 230/8943 241/8945
f 274/8946 270/8947 269/8948
f 274/8946 269/8948 272/8949
f 274/8950 272/8951 308/8952
f 308/8952 272/8951 296/8953
f 308/8954 296/8955 309/8956
f 309/8956 296/8955 297/8957
f 1912/8958 1910/8959 1854/8960
f 1854/8960 1910/8959 1852/8961
f 1990/8962 1991/8963 1966/8964
f 1990/8962 1966/8964 1965/8965
f 1965/8965 1966/8964 1969/8966
f 1969/8966 1966/8964 1970/8967
f 1970/8967 1966/8964 1967/8968
f 1970/8967 1967/8968 1986/8969
f 1970/8967 1986/8969 1985/8970
f 1990/8971 1965/8972 1944/8973
f 1944/8973 1965/8972 1940/8974
f 1940/8974 1965/8972 1942/8975
f 1942/8975 1965/8972 1969/8976
f 1801/8977 1799/8978 1781/8979
f 1781/8979 1799/8978 1779/8980
f 1705/8981 1703/8982 1701/8983
f 1701/8983 1703/8982 1699/8984
f 1673/8985 1671/8986 1669/8987
f 1669/8987 1671/8986 1667/8988
f 4/8989 2/8990 42/8991
f 42/8991 2/8990 41/8992
f 54/8993 52/8994 58/8995
f 58/8995 52/8994 56/8996
f 102/8997 100/8998 130/8999
f 130/8999 100/8998 128/9000
f 166/9001 164/9002 176/9003
f 176/9003 164/9002 175/9004
f 242/9005 241/9006 270/9007
f 270/9007 241/9006 269/9008
f 2218/9009 2210/9010 1991/9011
f 1991/9011 2210/9010 1966/9012
f 588/9013 309/9014 297/9015
f 588/9013 297/9015 583/9016
f 637/9017 638/9018 649/9019
f 649/9019 638/9018 650/9020
f 649/9019 650/9020 552/9021
f 552/9021 650/9020 554/9022
f 552/9021 554/9022 556/9023
f 556/9023 554/9022 558/9024
f 557/9025 556/9023 561/9026
f 561/9026 556/9023 560/9027
f 560/9027 556/9023 558/9024
f 560/9027 558/9024 562/9028
f 560/9027 562/9028 564/9029
f 564/9029 562/9028 565/9030
f 562/9028 558/9024 559/9031
f 562/9028 559/9031 563/9032
f 638/9033 584/9034 550/9035
f 638/9033 550/9035 650/9036
f 650/9036 550/9035 554/9037
f 276/9038 303/9039 304/9040
f 303/9039 276/9038 273/9041
f 276/9042 275/9043 273/9044
f 273/9044 275/9043 271/9045
f 276/9046 304/9047 275/9048
f 275/9048 304/9047 292/9049
f 304/9050 291/9051 292/9052
f 291/9051 304/9050 303/9053
f 635/9054 669/9055 615/9056
f 615/9056 669/9055 657/9057
f 635/9058 615/9059 598/9060
f 635/9058 598/9060 606/9061
f 598/9060 615/9059 618/9062
f 598/9060 618/9062 601/9063
f 601/9063 618/9062 603/9064
f 603/9064 618/9062 628/9065
f 669/9066 701/9067 657/9068
f 657/9068 701/9067 697/9069
f 657/9068 697/9069 661/9070
f 661/9070 697/9069 696/9071
f 657/9068 661/9070 618/9072
f 657/9068 618/9072 615/9073
f 661/9070 696/9071 660/9074
f 660/9074 696/9071 659/9075
f 701/9076 700/9077 697/9078
f 697/9078 700/9077 696/9079
f 606/9080 598/9081 597/9082
f 597/9082 598/9081 601/9083
f 606/9080 597/9082 605/9084
f 700/9085 653/9086 696/9087
f 696/9087 653/9086 651/9088
f 651/9088 653/9086 605/9089
f 651/9088 605/9089 597/9090
f 651/9088 597/9090 617/9091
f 651/9088 617/9091 659/9092
f 659/9092 617/9091 664/9093
f 664/9093 617/9091 627/9094
f 654/9095 702/9096 652/9097
f 652/9097 702/9096 698/9098
f 654/9099 652/9100 599/9101
f 654/9099 599/9101 607/9102
f 599/9101 652/9100 619/9103
f 599/9101 619/9103 602/9104
f 602/9104 619/9103 604/9105
f 604/9105 619/9103 629/9106
f 607/9107 599/9108 600/9109
f 600/9109 599/9108 602/9110
f 607/9107 600/9109 608/9111
f 702/9112 703/9113 698/9114
f 698/9114 703/9113 699/9115
f 608/9116 600/9117 616/9118
f 608/9116 616/9118 636/9119
f 636/9119 616/9118 658/9120
f 636/9119 658/9120 670/9121
f 703/9122 670/9123 699/9124
f 699/9124 670/9123 658/9125
f 1847/9126 1848/9127 1841/9128
f 1841/9128 1848/9127 1842/9129
f 1841/9130 1842/9131 1843/9132
f 1843/9132 1842/9131 1844/9133
f 1848/9134 1850/9135 1844/9136
f 1848/9134 1844/9136 1842/9137
f 1849/9138 1843/9139 1850/9140
f 1850/9140 1843/9139 1844/9141
f 553/9142 552/9143 448/9144
f 448/9144 552/9143 447/9145
f 553/9146 448/9147 452/9148
f 553/9146 452/9148 557/9149
f 552/9150 451/9151 447/9152
f 451/9151 552/9150 556/9153
f 554/9154 555/9155 449/9156
f 449/9156 555/9155 450/9157
f 554/9158 449/9159 453/9160
f 554/9158 453/9160 558/9161
f 555/9162 454/9163 450/9164
f 454/9163 555/9162 559/9165
f 448/9166 447/9167 452/9168
f 452/9168 447/9167 451/9169
f 449/9170 450/9171 453/9172
f 453/9172 450/9171 454/9173
f 452/9174 451/9175 557/9176
f 557/9176 451/9175 556/9177
f 453/9178 454/9179 558/9180
f 558/9180 454/9179 559/9181
f 363/9182 480/9183 484/9184
f 363/9182 484/9184 367/9185
f 363/9186 362/9187 480/9188
f 480/9188 362/9187 479/9189
f 363/9190 367/9191 362/9192
f 362/9192 367/9191 366/9193
f 480/9194 479/9195 484/9196
f 484/9196 479/9195 483/9197
f 364/9198 365/9199 482/9200
f 364/9198 482/9200 481/9201
f 364/9202 368/9203 369/9204
f 364/9202 369/9204 365/9205
f 481/9206 482/9207 486/9208
f 481/9206 486/9208 485/9209
f 365/9210 369/9211 486/9212
f 365/9210 486/9212 482/9213
f 367/9214 484/9215 366/9216
f 366/9216 484/9215 483/9217
f 368/9218 485/9219 486/9220
f 368/9218 486/9220 369/9221
f 561/9222 560/9223 456/9224
f 456/9224 560/9223 455/9225
f 561/9226 456/9227 460/9228
f 561/9226 460/9228 567/9229
f 560/9230 459/9231 455/9232
f 459/9231 560/9230 566/9233
f 562/9234 563/9235 457/9236
f 457/9236 563/9235 458/9237
f 562/9238 457/9239 461/9240
f 562/9238 461/9240 568/9241
f 563/9242 462/9243 458/9244
f 462/9243 563/9242 569/9245
f 456/9246 455/9247 460/9248
f 460/9248 455/9247 459/9249
f 457/9250 458/9251 461/9252
f 461/9252 458/9251 462/9253
f 564/9254 611/9255 566/9256
f 566/9256 611/9255 613/9257
f 564/9258 565/9259 612/9260
f 564/9258 612/9260 611/9261
f 611/9261 612/9260 693/9262
f 611/9261 693/9262 692/9263
f 692/9263 693/9262 749/9264
f 692/9263 749/9264 748/9265
f 611/9266 692/9267 694/9268
f 611/9266 694/9268 613/9269
f 692/9270 748/9271 750/9272
f 692/9270 750/9272 694/9273
f 748/9274 749/9275 751/9276
f 748/9274 751/9276 750/9277
f 693/9278 612/9279 695/9280
f 695/9280 612/9279 614/9281
f 693/9282 695/9283 749/9284
f 749/9284 695/9283 751/9285
f 565/9286 568/9287 612/9288
f 612/9288 568/9287 614/9289
f 460/9290 459/9291 567/9292
f 567/9292 459/9291 566/9293
f 461/9294 462/9295 568/9296
f 568/9296 462/9295 569/9297
f 566/9298 613/9299 614/9300
f 566/9298 614/9300 568/9301
f 614/9300 613/9299 695/9302
f 695/9302 613/9299 694/9303
f 695/9302 694/9303 751/9304
f 751/9304 694/9303 750/9305
f 371/9306 488/9307 492/9308
f 371/9306 492/9308 375/9309
f 371/9310 370/9311 488/9312
f 488/9312 370/9311 487/9313
f 371/9314 375/9315 370/9316
f 370/9316 375/9315 374/9317
f 488/9318 487/9319 492/9320
f 492/9320 487/9319 491/9321
f 372/9322 373/9323 490/9324
f 372/9322 490/9324 489/9325
f 372/9326 376/9327 377/9328
f 372/9326 377/9328 373/9329
f 489/9330 490/9331 494/9332
f 489/9330 494/9332 493/9333
f 373/9334 377/9335 494/9336
f 373/9334 494/9336 490/9337
f 571/9338 570/9339 464/9340
f 464/9340 570/9339 463/9341
f 571/9342 464/9343 575/9344
f 575/9344 464/9343 468/9345
f 570/9346 467/9347 463/9348
f 467/9347 570/9346 574/9349
f 572/9350 573/9351 465/9352
f 465/9352 573/9351 466/9353
f 572/9354 465/9355 469/9356
f 572/9354 469/9356 576/9357
f 573/9358 577/9359 466/9360
f 466/9360 577/9359 470/9361
f 375/9362 492/9363 374/9364
f 374/9364 492/9363 491/9365
f 376/9366 493/9367 494/9368
f 376/9366 494/9368 377/9369
f 464/9370 463/9371 468/9372
f 468/9372 463/9371 467/9373
f 465/9374 466/9375 469/9376
f 469/9376 466/9375 470/9377
f 468/9378 467/9379 575/9380
f 575/9380 467/9379 574/9381
f 469/9382 470/9383 576/9384
f 576/9384 470/9383 577/9385
f 379/9386 496/9387 500/9388
f 379/9386 500/9388 383/9389
f 379/9390 378/9391 496/9392
f 496/9392 378/9391 495/9393
f 379/9394 383/9395 378/9396
f 378/9396 383/9395 382/9397
f 496/9398 495/9399 500/9400
f 500/9400 495/9399 499/9401
f 380/9402 381/9403 498/9404
f 380/9402 498/9404 497/9405
f 380/9406 384/9407 385/9408
f 380/9406 385/9408 381/9409
f 497/9410 498/9411 502/9412
f 497/9410 502/9412 501/9413
f 381/9414 385/9415 502/9416
f 381/9414 502/9416 498/9417
f 696/9418 651/9419 659/9420
f 597/9421 601/9422 617/9423
f 652/9424 698/9425 662/9426
f 652/9424 662/9426 619/9427
f 662/9426 698/9425 699/9428
f 662/9426 699/9428 663/9429
f 600/9430 602/9431 620/9432
f 600/9430 620/9432 616/9433
f 699/9434 658/9435 663/9436
f 663/9436 658/9435 620/9437
f 620/9437 658/9435 616/9438
f 383/9439 500/9440 382/9441
f 382/9441 500/9440 499/9442
f 618/9443 661/9444 628/9445
f 628/9445 661/9444 666/9446
f 661/9447 660/9448 666/9449
f 666/9449 660/9448 665/9450
f 665/9450 660/9448 659/9451
f 665/9450 659/9451 664/9452
f 601/9453 603/9454 627/9455
f 601/9453 627/9455 617/9456
f 619/9457 662/9458 629/9459
f 629/9459 662/9458 667/9460
f 662/9461 663/9462 667/9463
f 667/9463 663/9462 668/9464
f 602/9465 604/9466 630/9467
f 602/9465 630/9467 620/9468
f 620/9468 630/9467 668/9469
f 620/9468 668/9469 663/9470
f 384/9471 501/9472 502/9473
f 384/9471 502/9473 385/9474
f 275/9475 291/9476 271/9477
f 291/9476 275/9475 292/9478
f 2244/9479 1964/9480 1982/9481
f 2244/9479 1982/9481 2248/9482
f 2244/9483 2208/9484 1964/9485
f 1964/9485 2208/9484 1963/9486
f 2208/9484 2244/9483 2243/9487
f 2208/9484 2243/9487 2207/9488
f 2244/9489 2248/9490 2243/9491
f 2243/9491 2248/9490 2247/9492
f 1962/9493 1939/9494 1968/9495
f 1939/9496 1941/9497 1968/9498
f 2245/9499 2210/9500 2209/9501
f 2210/9500 2245/9499 2246/9502
f 2210/9500 2246/9502 1967/9503
f 2210/9500 1967/9503 1966/9504
f 2245/9505 2249/9506 2246/9507
f 2246/9507 2249/9506 2250/9508
f 2246/9509 2250/9510 1967/9511
f 1967/9511 2250/9510 1986/9512
f 579/9513 622/9514 582/9515
f 579/9516 578/9517 621/9518
f 579/9516 621/9518 622/9519
f 621/9518 578/9517 623/9520
f 623/9520 578/9517 580/9521
f 623/9520 580/9521 581/9522
f 623/9520 581/9522 624/9523
f 622/9524 621/9525 631/9526
f 622/9524 631/9526 632/9527
f 622/9524 632/9527 625/9528
f 631/9526 621/9525 633/9529
f 633/9529 621/9525 623/9530
f 633/9529 623/9530 624/9531
f 633/9529 624/9531 634/9532
f 634/9532 624/9531 626/9533
f 622/9534 625/9535 582/9536
f 581/9537 583/9538 624/9539
f 624/9540 583/9541 626/9542
f 295/9543 625/9544 632/9545
f 295/9543 632/9545 300/9546
f 295/9547 294/9548 582/9549
f 293/9550 582/9549 295/9547
f 295/9547 582/9549 625/9551
f 295/9552 300/9553 293/9554
f 293/9554 300/9553 299/9555
f 1968/9556 1941/9557 293/9558
f 1968/9559 293/9560 299/9561
f 1968/9559 299/9561 1981/9562
f 294/9563 582/9564 293/9565
f 1941/9566 1919/9567 1909/9568
f 1909/9568 1919/9567 1915/9569
f 1851/9570 1809/9571 1798/9572
f 1798/9572 1809/9571 1802/9573
f 1778/9574 1772/9575 1702/9576
f 1702/9576 1772/9575 1710/9577
f 1698/9578 1694/9579 1670/9580
f 1670/9580 1694/9579 1682/9581
f 1666/9582 1662/9583 1/9584
f 1/9584 1662/9583 1650/9585
f 40/9586 43/9587 51/9588
f 51/9588 43/9587 47/9589
f 55/9590 83/9591 99/9592
f 99/9592 83/9591 95/9593
f 127/9594 131/9595 163/9596
f 163/9596 131/9595 159/9597
f 2211/9598 2212/9599 2159/9600
f 2159/9600 2212/9599 2161/9601
f 2159/9600 2161/9601 2128/9602
f 2159/9600 2128/9602 2061/9603
f 2061/9603 2128/9602 2060/9604
f 2128/9602 2161/9601 2127/9605
f 2127/9605 2161/9601 2126/9606
f 2127/9605 2126/9606 2059/9607
f 2059/9607 2126/9606 2058/9608
f 2126/9606 2161/9601 2125/9609
f 2056/9610 2057/9611 2125/9609
f 2056/9610 2125/9609 2124/9612
f 2124/9612 2125/9609 2161/9601
f 2124/9612 2161/9601 2123/9613
f 2062/9614 2055/9615 2123/9613
f 2062/9614 2123/9613 2129/9616
f 2129/9616 2123/9613 2161/9601
f 2129/9616 2161/9601 2130/9617
f 2064/9618 2063/9619 2130/9617
f 2064/9618 2130/9617 2131/9620
f 2131/9620 2130/9617 2161/9601
f 2131/9620 2161/9601 2132/9621
f 2132/9621 2161/9601 2133/9622
f 2133/9622 2161/9601 2134/9623
f 2132/9621 2133/9622 2065/9624
f 2065/9624 2133/9622 2066/9625
f 2211/9626 2213/9627 2212/9628
f 2212/9628 2213/9627 2214/9629
f 2134/9630 2068/9631 2067/9632
f 2068/9631 2134/9630 2160/9633
f 2134/9634 2161/9635 2160/9636
f 1920/9637 1910/9638 1916/9639
f 1910/9638 1920/9637 1942/9640
f 1910/9638 1942/9640 1703/9641
f 1703/9641 1942/9640 1970/9642
f 1970/9642 1942/9640 1969/9643
f 1703/9641 1970/9642 1699/9644
f 1699/9644 1970/9642 1671/9645
f 1699/9644 1671/9645 1695/9646
f 1695/9646 1671/9645 1683/9647
f 1671/9645 1970/9642 1667/9648
f 1667/9648 1970/9642 2/9649
f 1667/9648 2/9649 1663/9650
f 1663/9650 2/9649 1651/9651
f 2/9649 1970/9642 41/9652
f 41/9652 1970/9642 52/9653
f 41/9652 52/9653 44/9654
f 44/9654 52/9653 48/9655
f 52/9653 1970/9642 56/9656
f 56/9656 1970/9642 100/9657
f 56/9656 100/9657 84/9658
f 84/9658 100/9657 96/9659
f 100/9657 1970/9642 128/9660
f 128/9660 1970/9642 164/9661
f 128/9660 164/9661 132/9662
f 132/9662 164/9661 160/9663
f 164/9661 1970/9642 175/9664
f 175/9664 1970/9642 241/9665
f 175/9664 241/9665 203/9666
f 203/9666 241/9665 230/9667
f 241/9665 1970/9642 297/9668
f 241/9665 297/9668 269/9669
f 269/9669 297/9668 272/9670
f 272/9670 297/9668 296/9671
f 296/9671 297/9668 583/9672
f 583/9672 297/9668 298/9673
f 583/9672 298/9673 626/9674
f 1810/9675 1852/9676 1799/9677
f 1810/9675 1799/9677 1803/9678
f 1773/9679 1779/9680 1703/9681
f 1773/9679 1703/9681 1711/9682
f 1910/9683 1703/9684 1852/9685
f 1970/9686 1985/9687 297/9688
f 297/9688 1985/9687 301/9689
f 297/9690 301/9691 298/9692
f 298/9692 301/9691 302/9693
f 298/9694 302/9695 626/9696
f 626/9696 302/9695 634/9697
f 628/9698 666/9699 627/9700
f 628/9698 627/9700 603/9701
f 627/9700 666/9699 665/9702
f 627/9700 665/9702 664/9703
f 629/9704 667/9705 630/9706
f 630/9706 667/9705 668/9707
f 629/9704 630/9706 604/9708
f 2172/9709 1972/9710 1971/9711
f 2172/9709 1971/9711 2171/9712
f 2172/9713 2171/9714 2176/9715
f 2176/9715 2171/9714 2175/9716
f 2176/9715 2175/9716 2180/9717
f 2180/9717 2175/9716 2179/9718
f 2172/9719 2176/9720 1972/9721
f 1972/9721 2176/9720 1976/9722
f 1976/9722 2176/9720 2180/9723
f 1976/9722 2180/9723 1980/9724
f 1972/9725 1976/9726 1971/9727
f 1971/9727 1976/9726 1975/9728
f 1975/9728 1976/9726 1980/9729
f 1975/9728 1980/9729 1979/9730
f 2171/9731 1971/9732 1975/9733
f 2171/9731 1975/9733 2175/9734
f 2175/9734 1975/9733 1979/9735
f 2175/9734 1979/9735 2179/9736
f 2173/9737 1973/9738 2174/9739
f 2174/9739 1973/9738 1974/9740
f 2173/9741 2174/9742 2178/9743
f 2173/9741 2178/9743 2177/9744
f 2177/9744 2178/9743 2182/9745
f 2177/9744 2182/9745 2181/9746
f 2173/9747 2177/9748 1973/9749
f 1973/9749 2177/9748 1977/9750
f 1977/9750 2177/9748 2181/9751
f 1977/9750 2181/9751 1983/9752
f 1973/9753 1977/9754 1974/9755
f 1974/9755 1977/9754 1978/9756
f 1978/9756 1977/9754 1983/9757
f 1978/9756 1983/9757 1984/9758
f 2174/9759 1974/9760 1978/9761
f 2174/9759 1978/9761 2178/9762
f 2178/9762 1978/9761 1984/9763
f 2178/9762 1984/9763 2182/9764
f 2248/9765 1982/9766 2180/9767
f 2180/9767 1982/9766 1981/9768
f 2180/9767 1981/9768 1980/9769
f 2248/9765 2180/9767 2247/9770
f 2247/9770 2180/9767 2179/9771
f 2247/9770 2179/9771 2213/9772
f 2213/9772 2179/9771 1979/9773
f 299/9774 1979/9773 1981/9768
f 2213/9772 1979/9773 1983/9775
f 1983/9775 1979/9773 299/9774
f 2213/9772 1983/9775 2214/9776
f 2214/9776 1983/9775 2181/9777
f 2214/9776 2181/9777 2249/9778
f 2249/9778 2181/9777 2182/9779
f 2249/9778 2182/9779 2250/9780
f 2250/9780 2182/9779 1986/9781
f 1986/9781 2182/9779 1985/9782
f 1985/9782 2182/9779 1984/9783
f 301/9784 1985/9782 1983/9775
f 301/9784 1983/9775 299/9774
f 634/9785 302/9786 301/9784
f 634/9785 301/9784 633/9787
f 633/9787 301/9784 299/9774
f 633/9787 299/9774 631/9788
f 631/9788 299/9774 632/9789
f 632/9789 299/9774 300/9790
