# Blender 4.5.0
# www.blender.org
mtllib tripo_convert_eb7dbfa1-2f65-4cea-a9f0-833991cc8ab3.mtl
o tripo_node_eb7dbfa1-2f65-4cea-a9f0-833991cc8ab3
v 0.000340 0.025408 0.239731
v 0.000340 0.074333 -0.464783
v 0.000340 0.086075 -0.492157
v 0.000340 0.176086 -0.351257
v 0.000340 -0.007861 0.468689
v 0.000340 -0.088097 -0.184937
v 0.000340 -0.093964 0.100784
v 0.000340 -0.129196 -0.363007
v 0.002297 0.017580 0.108612
v 0.002297 0.025408 -0.057732
v 0.002297 0.035191 -0.116440
v 0.002297 0.062592 -0.427582
v 0.002297 0.193710 -0.382568
v 0.002297 -0.095924 -0.253418
v 0.002297 -0.107666 0.488251
v 0.002297 -0.176163 0.310181
v 0.002297 -0.176163 0.454987
v 0.002297 -0.176163 -0.402161
v 0.002297 -0.176163 -0.458893
v 0.004254 0.035191 0.265167
v 0.004254 0.050846 -0.179062
v 0.004254 0.109558 -0.288635
v 0.004254 0.113472 0.427582
v 0.004254 0.166306 -0.458893
v 0.006211 0.048889 -0.425629
v 0.006211 0.054760 0.290619
v 0.006211 0.070419 0.300385
v 0.006211 0.080200 0.310181
v 0.006211 0.080200 0.470642
v 0.006211 -0.025473 -0.454987
v 0.006211 -0.045044 0.458893
v 0.006211 -0.062653 0.470642
v 0.008168 0.005838 0.186890
v 0.008168 0.009751 0.059689
v 0.008168 0.043018 0.484344
v 0.008168 0.068459 0.480438
v 0.008168 0.093903 0.321930
v 0.008168 0.095856 0.453033
v 0.008168 0.121300 0.392365
v 0.008168 0.125214 -0.298431
v 0.008168 0.189789 -0.400208
v 0.008168 -0.019602 0.458893
v 0.008168 -0.080269 -0.004892
v 0.008168 -0.082222 0.053818
v 0.010125 0.076286 -0.237762
v 0.010125 0.105644 0.343445
v 0.010125 0.152603 -0.312134
v 0.010125 -0.056786 -0.476501
v 0.010125 -0.070480 -0.069473
v 0.010125 -0.105705 -0.317993
v 0.010125 -0.158539 -0.382568
v 0.012082 0.017580 0.233856
v 0.012082 0.029322 0.259308
v 0.012082 0.060631 0.480438
v 0.012082 0.064545 -0.409973
v 0.012082 0.101730 -0.271027
v 0.012082 0.181961 -0.368896
v 0.012082 -0.080269 -0.126221
v 0.012082 -0.088097 0.484344
v 0.012082 -0.097878 0.141876
v 0.014039 0.005838 0.149704
v 0.014039 0.007795 0.456940
v 0.014039 0.021494 0.464783
v 0.014039 0.048889 -0.411926
v 0.014039 0.072372 -0.409973
v 0.014039 0.074333 -0.429535
v 0.014039 0.162399 -0.470642
v 0.014039 -0.088097 -0.182968
v 0.014039 -0.093964 0.100784
v 0.014039 -0.105705 0.186890
v 0.014039 -0.162460 -0.478485
v 0.014039 -0.176163 -0.392365
v 0.015997 0.015622 0.257324
v 0.015997 0.017580 0.004892
v 0.015997 0.017580 -0.057732
v 0.015997 0.021494 -0.439331
v 0.015997 0.031277 0.474548
v 0.015997 0.031277 -0.431519
v 0.015997 0.035191 -0.425629
v 0.015997 0.039104 0.286682
v 0.015997 -0.025473 0.453033
v 0.015997 -0.084183 -0.496094
v 0.015997 -0.097878 -0.247559
v 0.015997 -0.111580 0.233856
v 0.015997 -0.111580 -0.500000
v 0.015997 -0.140930 -0.492157
v 0.015997 -0.176163 -0.464783
v 0.017954 0.001924 -0.445190
v 0.017954 0.007795 0.233856
v 0.017954 0.031277 -0.116440
v 0.017954 0.035191 -0.415863
v 0.017954 0.043018 -0.179062
v 0.017954 0.048889 0.294525
v 0.017954 0.119339 0.361053
v 0.017954 -0.176163 0.310181
v 0.019911 0.005838 0.186890
v 0.019911 0.019537 0.274963
v 0.019911 0.031277 0.278870
v 0.019911 0.062592 -0.394318
v 0.019911 0.074333 -0.456940
v 0.019911 0.082161 -0.419769
v 0.019911 0.162399 -0.349304
v 0.019911 -0.129196 0.265167
v 0.019911 -0.129196 -0.351257
v 0.021868 0.005838 0.106651
v 0.021868 0.009751 0.002935
v 0.021868 0.031277 -0.415863
v 0.021868 0.044975 -0.398224
v 0.021868 0.074333 -0.400208
v 0.021868 0.080200 0.456940
v 0.021868 0.091942 0.441284
v 0.021868 -0.005904 0.449127
v 0.021868 -0.070480 -0.002935
v 0.021868 -0.166367 0.298431
v 0.023825 0.003881 0.149704
v 0.023825 0.007795 -0.057732
v 0.023825 0.033234 -0.400208
v 0.023825 0.048889 0.310181
v 0.023825 0.048889 0.474548
v 0.023825 0.056717 0.310181
v 0.023825 0.068459 0.314087
v 0.023825 0.068459 -0.243637
v 0.023825 0.070419 0.466736
v 0.023825 0.084114 -0.476501
v 0.023825 0.117386 -0.292572
v 0.023825 0.140869 -0.484344
v 0.023825 -0.048958 0.464783
v 0.023825 -0.064613 -0.067513
v 0.023825 -0.070480 0.055775
v 0.023825 -0.105705 -0.310181
v 0.023825 -0.148758 0.282776
v 0.025782 0.003881 0.057732
v 0.025782 0.015622 0.447174
v 0.025782 0.017580 -0.118393
v 0.025782 0.027365 0.456940
v 0.025782 0.103683 0.423676
v 0.025782 0.113472 -0.492157
v 0.025782 0.144775 -0.310181
v 0.025782 -0.001990 0.186890
v 0.025782 -0.029387 0.453033
v 0.025782 -0.070480 0.482391
v 0.025782 -0.158539 0.482391
v 0.025782 -0.176163 0.462830
v 0.025782 -0.176163 -0.388458
v 0.027739 0.003881 0.439331
v 0.027739 0.031277 -0.404114
v 0.027739 0.031277 -0.425629
v 0.027739 0.041061 0.306274
v 0.027739 0.076286 0.323883
v 0.027739 0.089989 0.333649
v 0.027739 0.107597 0.402161
v 0.027739 0.170227 -0.435425
v 0.027739 0.180008 -0.392365
v 0.027739 -0.000033 0.274963
v 0.027739 -0.029387 -0.458893
v 0.027739 -0.082222 0.145798
v 0.027739 -0.133102 0.492157
v 0.029696 0.001924 0.106651
v 0.029696 0.017580 0.292572
v 0.029696 0.017580 -0.435425
v 0.029696 0.025408 -0.363007
v 0.029696 0.027365 -0.431519
v 0.029696 0.031277 -0.179062
v 0.029696 0.037148 0.466736
v 0.029696 0.037148 -0.380615
v 0.029696 0.062592 0.466736
v 0.029696 0.091942 0.427582
v 0.029696 0.097816 -0.280823
v 0.029696 -0.001990 0.149704
v 0.029696 -0.013732 0.445190
v 0.029696 -0.017645 0.261261
v 0.029696 -0.027430 0.227982
v 0.029696 -0.072441 -0.124268
v 0.029696 -0.158539 -0.376709
v 0.031651 0.029322 -0.386505
v 0.031651 0.029322 -0.396271
v 0.031651 0.033234 0.300385
v 0.031651 0.064545 0.337585
v 0.031651 0.086075 -0.439331
v 0.031651 0.103683 0.378662
v 0.031651 -0.076355 -0.182968
v 0.031651 -0.080269 0.102737
v 0.031651 -0.092010 0.190796
v 0.031651 -0.113533 0.496094
v 0.031651 -0.176163 0.314087
v 0.031651 -0.176163 -0.464783
v 0.033607 0.003881 0.290619
v 0.033607 0.015622 -0.341492
v 0.033607 0.015622 -0.370850
v 0.033607 0.021494 0.441284
v 0.033607 0.041061 0.329742
v 0.033607 0.048889 -0.372803
v 0.033607 0.050846 0.462830
v 0.033607 -0.000033 0.057732
v 0.033607 -0.003947 -0.439331
v 0.033607 -0.005904 0.000978
v 0.033607 -0.005904 -0.057732
v 0.033607 -0.025473 0.149704
v 0.033607 -0.088097 -0.247559
v 0.033607 -0.176163 0.361053
v 0.035564 0.011708 0.429535
v 0.035564 0.023451 0.429535
v 0.035564 0.029322 0.323883
v 0.035564 0.031277 -0.355194
v 0.035564 0.041061 0.456940
v 0.035564 0.050846 0.331696
v 0.035564 -0.003947 0.106651
v 0.035564 -0.019602 -0.059689
v 0.035564 -0.029387 0.186890
v 0.035564 -0.052872 -0.063599
v 0.035564 -0.095924 0.494141
v 0.035564 -0.176163 0.347351
v 0.037521 0.001924 -0.118393
v 0.037521 0.011708 0.417816
v 0.037521 0.015622 0.312134
v 0.037521 0.017580 -0.177109
v 0.037521 0.021494 -0.333649
v 0.037521 0.023451 0.419769
v 0.037521 0.029322 0.451080
v 0.037521 0.031277 -0.415863
v 0.037521 0.035191 0.349304
v 0.037521 0.058674 0.333649
v 0.037521 0.066505 -0.380615
v 0.037521 0.072372 0.453033
v 0.037521 0.084114 -0.402161
v 0.037521 0.099770 0.357147
v 0.037521 0.164352 -0.341492
v 0.037521 0.172180 -0.370850
v 0.037521 -0.001990 0.282776
v 0.037521 -0.003947 -0.329742
v 0.037521 -0.005904 0.435425
v 0.037521 -0.009818 0.057732
v 0.037521 -0.025473 0.106651
v 0.037521 -0.058743 0.057732
v 0.037521 -0.060699 -0.000978
v 0.037521 -0.176163 -0.388458
v 0.039478 0.005838 0.308228
v 0.039478 0.033234 0.437378
v 0.039478 0.044975 0.351257
v 0.039478 0.072372 0.347351
v 0.039478 0.080200 0.441284
v 0.039478 0.091942 0.404114
v 0.039478 0.093903 0.419769
v 0.039478 -0.023516 0.000978
v 0.039478 -0.029387 -0.059689
v 0.039478 -0.058743 -0.124268
v 0.039478 -0.058743 -0.478485
v 0.039478 -0.095924 -0.304291
v 0.039478 -0.125275 -0.345398
v 0.039478 -0.160507 -0.478485
v 0.041435 0.001924 0.294525
v 0.041435 0.005838 -0.380615
v 0.041435 0.011708 0.408020
v 0.041435 0.021494 -0.390411
v 0.041435 0.025408 0.409973
v 0.041435 0.029322 -0.421722
v 0.041435 0.050846 -0.247559
v 0.041435 0.066505 0.453033
v 0.041435 -0.000033 0.425629
v 0.041435 -0.013732 0.282776
v 0.041435 -0.019602 0.443237
v 0.041435 -0.023516 0.057732
v 0.041435 -0.041130 0.000978
v 0.041435 -0.043087 -0.059689
v 0.041435 -0.050915 0.000978
v 0.041435 -0.093964 0.247559
v 0.041435 -0.138977 -0.490204
v 0.043392 0.003881 -0.312134
v 0.043392 0.003881 -0.351257
v 0.043392 0.005838 -0.179062
v 0.043392 0.019537 -0.425629
v 0.043392 0.023451 0.394318
v 0.043392 0.025408 0.402161
v 0.043392 0.031277 -0.404114
v 0.043392 0.037148 0.363007
v 0.043392 0.039104 0.411926
v 0.043392 0.043018 0.445190
v 0.043392 0.054760 0.451080
v 0.043392 0.095856 0.386505
v 0.043392 0.105644 -0.472595
v 0.043392 -0.011775 0.000978
v 0.043392 -0.011775 -0.120354
v 0.043392 -0.031345 -0.321930
v 0.043392 -0.035259 -0.059689
v 0.043392 -0.043087 0.057732
v 0.043392 -0.050915 0.057732
v 0.043392 -0.054829 0.186890
v 0.043392 -0.064613 0.147751
v 0.043392 -0.074394 0.188843
v 0.043392 -0.160507 -0.372803
v 0.043392 -0.176163 0.327789
v 0.045349 0.011708 0.402161
v 0.045349 0.021494 0.345398
v 0.045349 0.033234 0.427582
v 0.045349 0.033234 -0.347351
v 0.045349 0.037148 0.374756
v 0.045349 0.044975 0.433472
v 0.045349 0.046932 0.363007
v 0.045349 0.084114 0.353241
v 0.045349 0.109558 -0.298431
v 0.045349 0.160431 -0.453033
v 0.045349 -0.000033 0.417816
v 0.045349 -0.003947 -0.429535
v 0.045349 -0.043087 0.261261
v 0.045349 -0.047001 0.147751
v 0.045349 -0.052872 0.227982
v 0.045349 -0.064613 0.104698
v 0.045349 -0.064613 0.188843
v 0.045349 -0.109619 -0.498047
v 0.045349 -0.164413 0.306274
v 0.045349 -0.176163 0.335602
v 0.045349 -0.176163 0.376709
v 0.045349 -0.176163 0.460846
v 0.047306 0.001924 0.409973
v 0.047306 0.001924 -0.388458
v 0.047306 0.005838 0.310181
v 0.047306 0.009751 0.396271
v 0.047306 0.017580 -0.396271
v 0.047306 0.021494 0.384552
v 0.047306 0.035191 0.417816
v 0.047306 0.037148 0.384552
v 0.047306 0.037148 0.392365
v 0.047306 0.039104 0.400208
v 0.047306 0.044975 0.425629
v 0.047306 0.054760 0.355194
v 0.047306 0.082161 0.423676
v 0.047306 0.088028 0.374756
v 0.047306 0.127167 -0.312134
v 0.047306 0.178055 -0.411926
v 0.047306 -0.025473 -0.122307
v 0.047306 -0.031345 -0.451080
v 0.047306 -0.037216 0.458893
v 0.047306 -0.043087 -0.124268
v 0.047306 -0.047001 0.106651
v 0.047306 -0.056786 0.147751
v 0.047306 -0.062653 -0.190796
v 0.047306 -0.080269 0.492157
v 0.049263 0.011708 0.327789
v 0.049263 0.027365 -0.226028
v 0.049263 0.027365 -0.408020
v 0.049263 0.029322 -0.331696
v 0.049263 0.041061 0.408020
v 0.049263 0.043018 -0.247559
v 0.049263 0.056717 0.435425
v 0.049263 0.068459 0.355194
v 0.049263 0.070419 0.437378
v 0.049263 0.084114 -0.286682
v 0.049263 0.170227 -0.363007
v 0.049263 -0.007861 0.294525
v 0.049263 -0.029387 -0.310181
v 0.049263 -0.031345 -0.341492
v 0.049263 -0.056786 0.104698
v 0.049263 -0.056786 0.474548
v 0.049263 -0.072441 0.233856
v 0.049263 -0.082222 -0.494141
v 0.049263 -0.095924 0.496094
v 0.049263 -0.176163 -0.456940
v 0.051220 0.009751 0.386505
v 0.051220 0.017580 -0.411926
v 0.051220 0.023451 0.374756
v 0.051220 0.025408 0.363007
v 0.051220 0.029322 -0.235809
v 0.051220 0.039104 -0.249512
v 0.051220 0.050846 0.372803
v 0.051220 0.050846 0.421722
v 0.051220 0.050846 -0.349304
v 0.051220 0.064545 0.400208
v 0.051220 0.080200 0.364960
v 0.051220 0.142822 -0.464783
v 0.051220 0.152603 -0.345398
v 0.051220 -0.000033 0.308228
v 0.051220 -0.013732 0.433472
v 0.051220 -0.033302 0.282776
v 0.051220 -0.035259 -0.122307
v 0.051220 -0.062653 0.229935
v 0.051220 -0.078308 -0.255371
v 0.051220 -0.080269 -0.302338
v 0.051220 -0.107666 0.496094
v 0.051220 -0.113533 0.276917
v 0.051220 -0.176163 -0.392365
v 0.053177 0.003881 0.398224
v 0.053177 0.007795 -0.400208
v 0.053177 0.023451 -0.316040
v 0.053177 0.066505 0.423676
v 0.053177 0.066505 -0.288635
v 0.053177 0.125214 -0.472595
v 0.053177 -0.000033 -0.298431
v 0.053177 -0.007861 -0.182968
v 0.053177 -0.007861 -0.390411
v 0.053177 -0.072441 -0.286682
v 0.053177 -0.101791 -0.333649
v 0.053177 -0.131149 0.490204
v 0.055134 0.001924 0.404114
v 0.055134 0.015622 -0.229935
v 0.055134 0.033234 -0.308228
v 0.055134 0.039104 -0.265167
v 0.055134 0.050846 0.384552
v 0.055134 0.050846 0.394318
v 0.055134 0.052803 0.404114
v 0.055134 0.052803 0.413879
v 0.055134 0.070419 -0.363007
v 0.055134 0.076286 0.400208
v 0.055134 0.091942 -0.380615
v 0.055134 0.109558 -0.406067
v 0.055134 -0.007861 0.425629
v 0.055134 -0.007861 -0.419769
v 0.055134 -0.009818 -0.374756
v 0.055134 -0.027430 -0.300385
v 0.055134 -0.043087 -0.186890
v 0.055134 -0.048958 -0.308228
v 0.055134 -0.050915 -0.317993
v 0.055134 -0.062653 -0.300385
v 0.055134 -0.066566 -0.312134
v 0.055134 -0.070480 -0.263214
v 0.055134 -0.140930 0.294525
v 0.055134 -0.158539 0.480438
v 0.055134 -0.176163 0.396271
v 0.057091 0.009751 -0.220154
v 0.057091 0.019537 -0.304291
v 0.057091 0.031277 -0.235809
v 0.057091 0.039104 -0.249512
v 0.057091 0.043018 -0.274963
v 0.057091 0.066505 0.374756
v 0.057091 0.066505 0.409973
v 0.057091 -0.001990 0.413879
v 0.057091 -0.003947 0.421722
v 0.057091 -0.058743 -0.292572
v 0.057091 -0.066566 -0.282776
v 0.057091 -0.152679 0.361053
v 0.057091 -0.176163 -0.445190
v 0.059048 0.001924 0.390411
v 0.059048 0.005838 0.327789
v 0.059048 0.013665 0.378662
v 0.059048 0.058674 -0.286682
v 0.059048 0.064545 0.392365
v 0.059048 0.074333 0.384552
v 0.059048 0.162399 -0.363007
v 0.059048 -0.000033 -0.226028
v 0.059048 -0.013732 -0.408020
v 0.059048 -0.021559 -0.196671
v 0.059048 -0.023516 0.294525
v 0.059048 -0.047001 -0.300385
v 0.059048 -0.052872 0.259308
v 0.059048 -0.058743 -0.468689
v 0.059048 -0.066566 -0.267120
v 0.059048 -0.152679 0.380615
v 0.059048 -0.176163 0.415863
v 0.059048 -0.176163 -0.427582
v 0.061005 0.011708 0.351257
v 0.061005 0.017580 -0.231903
v 0.061005 0.017580 -0.296478
v 0.061005 0.031277 -0.278870
v 0.061005 0.035191 -0.302338
v 0.061005 0.035191 -0.316040
v 0.061005 0.037148 -0.263214
v 0.061005 0.039104 -0.325836
v 0.061005 0.052803 -0.288635
v 0.061005 0.062592 0.384552
v 0.061005 0.113472 -0.331696
v 0.061005 0.168259 -0.417816
v 0.061005 0.170227 -0.390411
v 0.061005 -0.000033 -0.229935
v 0.061005 -0.033302 -0.441284
v 0.061005 -0.052872 -0.333649
v 0.061005 -0.060699 -0.239731
v 0.061005 -0.084183 -0.327789
v 0.061005 -0.086136 0.490204
v 0.061005 -0.160507 -0.378662
v 0.061005 -0.176163 0.451080
v 0.061005 -0.176163 -0.402161
v 0.062965 0.015622 0.366913
v 0.062965 0.017580 -0.286682
v 0.062965 0.029322 -0.235809
v 0.062965 0.035191 -0.288635
v 0.062965 0.037148 -0.247559
v 0.062965 0.043018 -0.335602
v 0.062965 0.084114 -0.300385
v 0.062965 0.101730 -0.317993
v 0.062965 0.129120 -0.357147
v 0.062965 -0.001990 -0.290619
v 0.062965 -0.005904 0.314087
v 0.062965 -0.015688 -0.227982
v 0.062965 -0.019602 -0.400208
v 0.062965 -0.045044 0.280823
v 0.062965 -0.056786 -0.290619
v 0.062965 -0.058743 -0.251465
v 0.062965 -0.062653 -0.280823
v 0.062965 -0.064613 0.265167
v 0.062965 -0.154633 0.347351
v 0.062965 -0.160507 -0.466736
v 0.064919 0.001924 0.398224
v 0.064919 0.044975 -0.308228
v 0.064919 0.046932 -0.294525
v 0.064919 0.054760 -0.302338
v 0.064919 0.058674 -0.308228
v 0.064919 0.095856 -0.343445
v 0.064919 0.129120 -0.435425
v 0.064919 -0.025473 0.445190
v 0.064919 -0.045044 -0.231903
v 0.064919 -0.045044 -0.296478
v 0.064919 -0.062653 -0.269073
v 0.064919 -0.068527 -0.329742
v 0.064919 -0.074394 -0.480438
v 0.064919 -0.176163 0.435425
v 0.064919 -0.176163 -0.413879
v 0.066879 0.001924 -0.229935
v 0.066879 0.007795 0.382568
v 0.066879 0.031277 -0.274963
v 0.066879 0.037148 -0.261261
v 0.066879 -0.001990 0.339539
v 0.066879 -0.011775 -0.231903
v 0.066879 -0.021559 -0.237762
v 0.066879 -0.025473 -0.296478
v 0.066879 -0.031345 -0.233856
v 0.066879 -0.035259 -0.363007
v 0.066879 -0.041130 0.290619
v 0.066879 -0.133102 -0.363007
v 0.066879 -0.162460 0.323883
v 0.068832 0.001924 -0.286682
v 0.068832 0.005838 0.357147
v 0.068832 0.017580 -0.231903
v 0.068832 0.027365 -0.241684
v 0.068832 0.050846 -0.316040
v 0.068832 0.068459 -0.304291
v 0.068832 0.074333 -0.349304
v 0.068832 0.091942 -0.364960
v 0.068832 0.113472 -0.363007
v 0.068832 0.140869 -0.368896
v 0.068832 0.152603 -0.390411
v 0.068832 -0.001990 0.408020
v 0.068832 -0.031345 -0.245590
v 0.068832 -0.043087 -0.245590
v 0.068832 -0.054829 -0.288635
v 0.068832 -0.056786 -0.255371
v 0.068832 -0.060699 -0.280823
v 0.068832 -0.064613 0.486298
v 0.068832 -0.095924 0.484344
v 0.068832 -0.158539 0.400208
v 0.070793 0.011708 0.372803
v 0.070793 0.031277 -0.249512
v 0.070793 0.062592 -0.333649
v 0.070793 0.070419 -0.317993
v 0.070793 0.082161 -0.329742
v 0.070793 0.154572 -0.427582
v 0.070793 -0.009818 0.321930
v 0.070793 -0.021559 0.304291
v 0.070793 -0.025473 -0.245590
v 0.070793 -0.035259 -0.433472
v 0.070793 -0.037216 0.300385
v 0.070793 -0.045044 -0.294525
v 0.070793 -0.052872 -0.286682
v 0.070793 -0.056786 0.282776
v 0.070793 -0.060699 -0.269073
v 0.070793 -0.160507 0.335602
v 0.072746 0.005838 0.392365
v 0.072746 0.017580 -0.282776
v 0.072746 0.031277 -0.272980
v 0.072746 0.033234 -0.259308
v 0.072746 0.054760 -0.323883
v 0.072746 0.062592 -0.316040
v 0.072746 0.078247 -0.339539
v 0.072746 0.093903 -0.355194
v 0.072746 0.111511 -0.382568
v 0.072746 0.138916 -0.433472
v 0.072746 -0.001990 0.419769
v 0.072746 -0.009818 -0.233856
v 0.072746 -0.033302 -0.402161
v 0.072746 -0.043087 -0.249512
v 0.072746 -0.054829 -0.280823
v 0.072746 -0.054829 -0.357147
v 0.072746 -0.078308 0.280823
v 0.072746 -0.105705 -0.355194
v 0.072746 -0.140930 -0.472595
v 0.074707 0.003881 -0.231903
v 0.074707 0.019537 -0.239731
v 0.074707 0.066505 -0.325836
v 0.074707 0.115425 -0.374756
v 0.074707 -0.009818 0.425629
v 0.074707 -0.011775 0.437378
v 0.074707 -0.011775 -0.286682
v 0.074707 -0.017645 -0.241684
v 0.074707 -0.023516 -0.249512
v 0.074707 -0.029387 -0.294525
v 0.074707 -0.037216 -0.421722
v 0.074707 -0.045044 -0.288635
v 0.074707 -0.054829 0.290619
v 0.074707 -0.054829 -0.259308
v 0.074707 -0.054829 -0.272980
v 0.074707 -0.060699 -0.456940
v 0.074707 -0.168335 0.460846
v 0.076660 0.003881 -0.282776
v 0.076660 0.023451 -0.253418
v 0.076660 -0.031345 -0.249512
v 0.076660 -0.047001 -0.278870
v 0.076660 -0.048958 -0.267120
v 0.076660 -0.072441 -0.353241
v 0.076660 -0.086136 -0.351257
v 0.076660 -0.113533 0.474548
v 0.076660 -0.127228 0.357147
v 0.076660 -0.160507 -0.451080
v 0.078621 0.007795 0.363007
v 0.078621 0.029322 -0.265167
v 0.078621 0.127167 -0.394318
v 0.078621 0.134995 -0.392365
v 0.078621 -0.001990 0.345398
v 0.078621 -0.005904 -0.235809
v 0.078621 -0.013732 -0.239731
v 0.078621 -0.031345 -0.286682
v 0.078621 -0.041130 -0.255371
v 0.078621 -0.052872 0.300385
v 0.078621 -0.070480 0.482391
v 0.078621 -0.115494 -0.478485
v 0.078621 -0.137024 0.382568
v 0.078621 -0.158539 -0.431519
v 0.078621 -0.162460 -0.394318
v 0.078621 -0.164413 0.419769
v 0.080574 0.005838 0.406067
v 0.080574 0.007795 -0.241684
v 0.080574 0.019537 -0.276917
v 0.080574 -0.005904 -0.282776
v 0.080574 -0.015688 -0.286682
v 0.080574 -0.021559 -0.255371
v 0.080574 -0.029387 -0.255371
v 0.080574 -0.033302 0.308228
v 0.080574 -0.037216 -0.263214
v 0.080574 -0.092010 -0.478485
v 0.082535 0.013665 0.382568
v 0.082535 0.013665 -0.255371
v 0.082535 -0.009818 -0.239731
v 0.082535 -0.015688 -0.251465
v 0.082535 -0.017645 -0.282776
v 0.082535 -0.019602 0.314087
v 0.082535 -0.033302 -0.274963
v 0.082535 -0.039173 0.472595
v 0.082535 -0.050915 0.310181
v 0.082535 -0.168335 0.443237
v 0.084488 0.005838 -0.278870
v 0.084488 0.017580 -0.269073
v 0.084488 -0.001990 -0.243637
v 0.084488 -0.007861 0.327789
v 0.084488 -0.009818 -0.280823
v 0.084488 -0.017645 -0.263214
v 0.084488 -0.021559 -0.272980
v 0.084488 -0.025473 -0.263214
v 0.084488 -0.062653 -0.443237
v 0.084488 -0.074394 0.292572
v 0.084488 -0.078308 -0.468689
v 0.084488 -0.162460 -0.413879
v 0.086449 0.001924 -0.257324
v 0.086449 -0.003947 -0.278870
v 0.086449 -0.007861 -0.247559
v 0.086449 -0.011775 -0.278870
v 0.086449 -0.013732 -0.251465
v 0.086449 -0.013732 -0.263214
v 0.086449 -0.013732 -0.272980
v 0.086449 -0.072441 0.312134
v 0.086449 -0.135056 0.312134
v 0.086449 -0.135056 0.468689
v 0.088402 0.005838 -0.271027
v 0.088402 -0.000033 0.411926
v 0.088402 -0.007861 -0.276917
v 0.088402 -0.009818 -0.276917
v 0.088402 -0.011775 -0.271027
v 0.088402 -0.048958 -0.398224
v 0.088402 -0.072441 0.302338
v 0.088402 -0.078308 0.474548
v 0.088402 -0.105705 0.296478
v 0.088402 -0.129196 0.339539
v 0.088402 -0.140930 0.398224
v 0.088402 -0.140930 -0.388458
v 0.090363 0.011708 0.366913
v 0.090363 0.011708 0.394318
v 0.090363 -0.003947 -0.271027
v 0.090363 -0.005904 -0.259308
v 0.090363 -0.007861 -0.271027
v 0.090363 -0.009818 -0.261261
v 0.090363 -0.056786 -0.425629
v 0.090363 -0.070480 0.321930
v 0.090363 -0.097878 0.331696
v 0.090363 -0.142883 -0.454987
v 0.092316 0.005838 0.349304
v 0.092316 -0.029387 0.317993
v 0.092316 -0.054829 0.480438
v 0.092316 -0.133102 0.325836
v 0.094276 -0.000033 0.421722
v 0.094276 -0.015688 0.323883
v 0.094276 -0.062653 0.482391
v 0.094276 -0.093964 0.343445
v 0.094276 -0.097878 -0.462830
v 0.094276 -0.099838 0.319946
v 0.094276 -0.115494 0.364960
v 0.094276 -0.115494 -0.384552
v 0.094276 -0.127228 0.378662
v 0.094276 -0.140930 -0.437378
v 0.094276 -0.142883 -0.413879
v 0.096230 -0.003947 0.335602
v 0.096230 -0.045044 0.319946
v 0.096230 -0.117447 -0.460846
v 0.098190 0.007795 0.404114
v 0.098190 -0.005904 0.433472
v 0.098190 -0.017645 0.453033
v 0.098190 -0.066566 -0.392365
v 0.098190 -0.101791 0.310181
v 0.098190 -0.144852 0.415863
v 0.100143 -0.113533 -0.441284
v 0.100143 -0.115494 -0.413879
v 0.100143 -0.146805 0.451080
v 0.102104 0.011708 0.378662
v 0.102104 -0.082222 -0.384552
v 0.102104 -0.088097 -0.443237
v 0.102104 -0.097878 -0.382568
v 0.104057 -0.023516 0.331696
v 0.104057 -0.127228 0.390411
v 0.106018 -0.009818 0.341492
v 0.106018 -0.066566 0.331696
v 0.106018 -0.074394 -0.417816
v 0.106018 -0.148758 0.433472
v 0.107971 0.003881 0.361053
v 0.107971 -0.093964 0.470642
v 0.109932 0.003881 0.398224
v 0.109932 -0.066566 0.478485
v 0.109932 -0.086136 -0.406067
v 0.109932 -0.097878 -0.409973
v 0.111885 -0.037216 0.333649
v 0.113846 -0.021559 0.337585
v 0.113846 -0.107666 0.372803
v 0.115799 -0.088097 0.351257
v 0.117760 -0.003947 0.413879
v 0.117760 -0.127228 0.404114
v 0.119713 0.001924 0.374756
v 0.119713 -0.009818 0.353241
v 0.121674 -0.115494 0.460846
v 0.123627 -0.017645 0.427582
v 0.123627 -0.048958 0.468689
v 0.123627 -0.060699 0.341492
v 0.125580 -0.031345 0.453033
v 0.125580 -0.035259 0.343445
v 0.127548 -0.007861 0.386505
v 0.127548 -0.129196 0.417816
v 0.129501 -0.015688 0.364960
v 0.129501 -0.103752 0.384552
v 0.129501 -0.127228 0.435425
v 0.131454 -0.070480 0.466736
v 0.131454 -0.082222 0.359100
v 0.133408 -0.031345 0.353241
v 0.133408 -0.056786 0.349304
v 0.135376 -0.021559 0.392365
v 0.137329 -0.027430 0.368896
v 0.139282 -0.037216 0.411926
v 0.141235 -0.048958 0.361053
v 0.141235 -0.052872 0.443237
v 0.141235 -0.076355 0.366913
v 0.141235 -0.101791 0.392365
v 0.143204 -0.088097 0.441284
v 0.147110 -0.041130 0.378662
v 0.147110 -0.099838 0.408020
v 0.151031 -0.060699 0.409973
v 0.151031 -0.070480 0.378662
v -0.001616 0.015622 -0.445190
v -0.001616 0.021494 0.004892
v -0.001616 -0.082222 0.051861
v -0.001616 -0.084183 -0.126221
v -0.001616 -0.101791 0.139923
v -0.001616 -0.168335 0.298431
v -0.003573 0.005838 0.188843
v -0.003573 0.005838 0.476501
v -0.003573 0.011708 0.151657
v -0.003573 0.015622 0.486298
v -0.003573 0.041061 -0.433472
v -0.003573 -0.039173 0.458893
v -0.003573 -0.074394 -0.069473
v -0.003573 -0.082222 -0.004892
v -0.003573 -0.109619 0.182968
v -0.003573 -0.150711 0.282776
v -0.005530 0.068459 -0.443237
v -0.005530 -0.115494 0.229935
v -0.005530 -0.129196 0.486298
v -0.005530 -0.131149 0.261261
v -0.007487 0.056717 0.492157
v -0.007487 0.101730 -0.265167
v -0.007487 -0.078308 0.472595
v -0.007487 -0.156586 0.472595
v -0.007487 -0.162460 -0.470642
v -0.007487 -0.176163 -0.417816
v -0.009444 0.021494 0.061646
v -0.009444 0.078247 -0.235809
v -0.009444 0.156525 -0.323883
v -0.009444 -0.140930 -0.480438
v -0.009444 -0.156586 -0.396271
v -0.009444 -0.176163 -0.447174
v -0.011401 0.027365 0.496094
v -0.011401 0.058674 -0.431519
v -0.011401 0.064545 0.490204
v -0.011401 0.068459 -0.480438
v -0.011401 0.095856 0.460846
v -0.011401 0.115425 -0.284729
v -0.011401 -0.058743 0.460846
v -0.011401 -0.105705 -0.325836
v -0.011401 -0.113533 -0.490204
v -0.011401 -0.176163 -0.433472
v -0.013358 0.076286 0.480438
v -0.013358 0.133041 -0.302338
v -0.013358 -0.035259 0.466736
v -0.013358 -0.088097 -0.488251
v -0.015315 0.050846 -0.182968
v -0.015315 0.064545 -0.441284
v -0.015315 -0.058743 -0.470642
v -0.015315 -0.092010 0.476501
v -0.015315 -0.176163 0.316040
v -0.017271 0.023451 0.112526
v -0.017271 0.023451 0.237762
v -0.017271 0.023451 -0.057732
v -0.017271 0.117386 0.429535
v -0.017271 0.172180 -0.417816
v -0.017271 -0.021559 -0.451080
v -0.017271 -0.082222 0.049904
v -0.017271 -0.176163 0.433472
v -0.019228 0.021494 0.059689
v -0.019228 0.033234 -0.118393
v -0.019228 0.064545 -0.453033
v -0.019228 0.129120 0.380615
v -0.019228 -0.123322 -0.380615
v -0.021187 0.021494 0.002935
v -0.021187 -0.052872 0.458893
v -0.021187 -0.070480 -0.067513
v -0.021187 -0.078308 -0.128174
v -0.021187 -0.080269 -0.004892
v -0.021187 -0.084183 -0.186890
v -0.021187 -0.092010 0.098824
v -0.021187 -0.093964 -0.259308
v -0.021187 -0.097878 0.141876
v -0.023144 0.017580 0.198624
v -0.023144 0.093903 0.316040
v -0.023144 0.187836 -0.368896
v -0.023144 -0.070480 0.460846
v -0.023144 -0.103752 0.184937
v -0.023144 -0.105705 0.472595
v -0.023144 -0.176163 0.325836
v -0.023144 -0.176163 0.341492
v -0.023144 -0.176163 0.378662
v -0.023144 -0.176163 0.404114
v -0.025101 0.025408 0.157532
v -0.025101 0.113472 0.337585
v -0.025101 -0.095924 0.464783
v -0.025101 -0.176163 0.359100
v -0.027056 0.076286 0.302338
v -0.027056 0.178055 -0.343445
v -0.027056 0.191742 -0.388458
v -0.027056 -0.111580 0.233856
v -0.027056 -0.154633 -0.415863
v -0.027056 -0.160507 -0.453033
v -0.027056 -0.166367 0.306274
v -0.027056 -0.166367 0.441284
v -0.029015 0.013665 0.114479
v -0.029015 0.015622 0.059689
v -0.029015 0.021494 -0.441284
v -0.029015 0.031277 0.259308
v -0.029015 0.037148 0.500000
v -0.029015 0.050846 -0.445190
v -0.029015 0.056717 0.284729
v -0.029015 -0.115494 0.466736
v -0.030972 0.019537 0.235809
v -0.030972 0.109558 -0.500000
v -0.030972 -0.027430 0.478485
v -0.030972 -0.082222 0.462830
v -0.030972 -0.093964 -0.339539
v -0.030972 -0.115494 -0.474548
v -0.030972 -0.129196 0.267120
v -0.030972 -0.148758 0.290619
v -0.032928 0.015622 0.198624
v -0.032928 0.019537 -0.059689
v -0.032928 0.062592 -0.462830
v -0.032928 0.072372 -0.237762
v -0.032928 0.095856 -0.265167
v -0.032928 0.115425 -0.286682
v -0.032928 -0.005904 0.496094
v -0.032928 -0.048958 0.464783
v -0.032928 -0.138977 -0.462830
v -0.032928 -0.154633 0.435425
v -0.032928 -0.158539 -0.435425
v -0.034885 0.005838 0.500000
v -0.034885 0.015622 0.002935
v -0.034885 0.021494 0.157532
v -0.034885 0.027365 -0.120354
v -0.034885 0.044975 -0.186890
v -0.034885 0.088028 -0.496094
v -0.034885 -0.013732 0.484344
v -0.034885 -0.064613 0.454987
v -0.034885 -0.101791 0.460846
v -0.034885 -0.146805 0.451080
v -0.036842 0.168259 -0.453033
v -0.036842 -0.037216 -0.437378
v -0.036842 -0.066566 -0.451080
v -0.036842 -0.086136 0.454987
v -0.036842 -0.107666 0.464783
v -0.038799 0.072372 -0.482391
v -0.038799 0.138916 -0.486298
v -0.038799 -0.115494 0.453033
v -0.038799 -0.127228 0.458893
v -0.038799 -0.162460 0.406067
v -0.040756 0.009751 0.059689
v -0.040756 0.017580 0.112526
v -0.040756 0.046932 0.498047
v -0.040756 -0.058743 -0.067513
v -0.040756 -0.068527 0.049904
v -0.040756 -0.093964 0.453033
v -0.040756 -0.099838 -0.462830
v -0.040756 -0.115494 -0.400208
v -0.042713 0.056717 0.486298
v -0.042713 0.084114 0.462830
v -0.042713 0.162399 -0.466736
v -0.042713 -0.064613 -0.004892
v -0.042713 -0.064613 -0.128174
v -0.042713 -0.068527 -0.190796
v -0.042713 -0.078308 0.098824
v -0.042713 -0.099838 0.454987
v -0.042713 -0.105705 0.454987
v -0.042713 -0.133102 -0.445190
v -0.044670 0.007795 -0.059689
v -0.044670 -0.074394 0.451080
v -0.044670 -0.076355 -0.355194
v -0.044670 -0.082222 0.141876
v -0.044670 -0.088097 0.186890
v -0.044670 -0.160507 0.376709
v -0.044670 -0.164413 0.317993
v -0.046627 0.003881 0.155579
v -0.046627 0.144775 -0.314087
v -0.046627 -0.000033 0.194717
v -0.046627 -0.047001 0.474548
v -0.046627 -0.062653 0.456940
v -0.046627 -0.078308 -0.265167
v -0.046627 -0.080269 0.445190
v -0.046627 -0.088097 0.443237
v -0.046627 -0.097878 0.447174
v -0.048584 0.003881 0.000978
v -0.048584 0.009751 0.112526
v -0.048584 -0.060699 -0.417816
v -0.048584 -0.150711 0.408020
v -0.050541 0.007795 -0.413879
v -0.050541 0.015622 -0.122307
v -0.050541 0.031277 -0.190796
v -0.050541 0.058674 -0.456940
v -0.050541 -0.003947 0.055775
v -0.050541 -0.043087 -0.065559
v -0.050541 -0.052872 0.049904
v -0.050541 -0.090050 -0.411926
v -0.050541 -0.099838 0.447174
v -0.050541 -0.105705 0.443237
v -0.052498 0.001924 0.237762
v -0.052498 0.062592 -0.239731
v -0.052498 0.111511 0.429535
v -0.052498 0.181961 -0.417816
v -0.052498 -0.007861 -0.061646
v -0.052498 -0.047001 -0.002935
v -0.052498 -0.092010 0.441284
v -0.052498 -0.158539 0.355194
v -0.052498 -0.162460 0.335602
v -0.054455 0.007795 0.500000
v -0.054455 -0.007861 0.108612
v -0.054455 -0.013732 -0.000978
v -0.054455 -0.025473 -0.063599
v -0.054455 -0.029387 -0.000978
v -0.054455 -0.035259 0.051861
v -0.054455 -0.060699 -0.363007
v -0.054455 -0.097878 0.247559
v -0.054455 -0.115494 0.441284
v -0.054455 -0.146805 0.304291
v -0.056412 0.082161 -0.269073
v -0.056412 -0.019602 0.053818
v -0.056412 -0.033302 -0.378662
v -0.056412 -0.045044 -0.126221
v -0.056412 -0.058743 0.466736
v -0.056412 -0.060699 0.100784
v -0.056412 -0.064613 0.143829
v -0.056412 -0.070480 0.186890
v -0.056412 -0.121361 0.280823
v -0.058369 0.017580 0.259308
v -0.058369 0.089989 0.321930
v -0.058369 0.121300 0.384552
v -0.058369 0.178055 -0.355194
v -0.058369 0.183914 -0.380615
v -0.058369 -0.003947 -0.126221
v -0.058369 -0.011775 0.151657
v -0.058369 -0.045044 -0.200592
v -0.058369 -0.072441 0.447174
v -0.058369 -0.078308 0.439331
v -0.058369 -0.086136 0.437378
v -0.058369 -0.093964 0.437378
v -0.058369 -0.099838 0.433472
v -0.060326 0.009751 -0.196671
v -0.060326 -0.015688 0.190796
v -0.060326 -0.023516 -0.126221
v -0.060326 -0.025473 0.104698
v -0.060326 -0.029387 0.190796
v -0.060326 -0.041130 0.102737
v -0.060326 -0.105705 0.427582
v -0.060326 -0.117447 0.423676
v -0.060326 -0.125275 0.419769
v -0.060326 -0.135056 0.409973
v -0.060326 -0.144852 0.376709
v -0.062283 0.176086 -0.425629
v -0.062283 -0.050915 0.186890
v -0.064240 0.023451 0.498047
v -0.064240 0.107597 0.349304
v -0.064240 -0.019602 0.229935
v -0.064240 -0.027430 0.149704
v -0.064240 -0.047001 0.145798
v -0.064240 -0.074394 0.237762
v -0.064240 -0.111580 0.421722
v -0.064240 -0.113533 0.406067
v -0.066193 0.052803 -0.443237
v -0.066193 0.072372 0.308228
v -0.066193 0.101730 -0.296478
v -0.066193 -0.003947 0.500000
v -0.066193 -0.013732 -0.196671
v -0.066193 -0.068527 0.453033
v -0.066193 -0.097878 0.421722
v -0.066193 -0.146805 0.323883
v -0.068153 0.062592 0.472595
v -0.068153 -0.056786 0.235809
v -0.068153 -0.090050 0.427582
v -0.068153 -0.109619 0.408020
v -0.068153 -0.117447 0.402161
v -0.068153 -0.133102 0.378662
v -0.068153 -0.142883 0.359100
v -0.068153 -0.144852 0.345398
v -0.070107 0.041061 -0.243637
v -0.070107 0.043018 0.482391
v -0.070107 -0.033302 0.484344
v -0.070107 -0.082222 0.429535
v -0.070107 -0.103752 0.413879
v -0.070107 -0.123322 0.398224
v -0.072067 -0.033302 0.241684
v -0.072067 -0.050915 0.476501
v -0.074020 0.156525 -0.447174
v -0.074020 -0.060699 0.466736
v -0.074020 -0.066566 0.458893
v -0.074020 -0.078308 0.435425
v -0.074020 -0.107666 0.390411
v -0.075981 0.148697 -0.345398
v -0.075981 -0.101791 0.396271
v -0.075981 -0.113533 0.386505
v -0.075981 -0.121361 0.382568
v -0.075981 -0.125275 0.304291
v -0.075981 -0.131149 0.341492
v -0.077934 0.043018 0.290619
v -0.077934 0.056717 -0.276917
v -0.077934 -0.058743 -0.292572
v -0.077934 -0.097878 0.404114
v -0.077934 -0.117447 0.384552
v -0.077934 -0.127228 0.361053
v -0.077934 -0.137024 0.331696
v -0.079895 0.019537 -0.245590
v -0.079895 0.078247 -0.464783
v -0.079895 0.091942 0.451080
v -0.079895 -0.092010 0.409973
v -0.079895 -0.131149 0.351257
v -0.081848 0.086075 0.339539
v -0.081848 0.095856 0.359100
v -0.081848 0.131088 -0.464783
v -0.081848 -0.009818 0.263214
v -0.081848 -0.025473 0.261261
v -0.081848 -0.074394 0.443237
v -0.081848 -0.086136 0.413879
v -0.081848 -0.105705 0.290619
v -0.081848 -0.123322 0.355194
v -0.081848 -0.125275 0.321930
v -0.083809 0.101730 -0.472595
v -0.083809 -0.082222 0.278870
v -0.083809 -0.105705 0.372803
v -0.083809 -0.109619 0.370850
v -0.083809 -0.113533 0.347351
v -0.083809 -0.115494 0.353241
v -0.083809 -0.117447 0.319946
v -0.083809 -0.119408 0.353241
v -0.083809 -0.121361 0.368896
v -0.085762 0.164352 -0.388458
v -0.085762 -0.000033 0.274963
v -0.085762 -0.013732 0.490204
v -0.085762 -0.099838 0.378662
v -0.085762 -0.113533 0.366913
v -0.085762 -0.117447 0.347351
v -0.085762 -0.117447 0.357147
v -0.085762 -0.119408 0.361053
v -0.085762 -0.121361 0.345398
v -0.085762 -0.123322 0.331696
v -0.087723 0.017580 0.492157
v -0.087723 -0.011775 -0.251465
v -0.087723 -0.072441 0.451080
v -0.087723 -0.084183 0.421722
v -0.087723 -0.111580 0.323883
v -0.087723 -0.111580 0.329742
v -0.087723 -0.119408 0.335602
v -0.089676 0.099770 0.425629
v -0.089676 -0.064613 0.274963
v -0.089676 -0.095924 0.386505
v -0.089676 -0.111580 0.339539
v -0.089676 -0.111580 0.353241
v -0.091637 0.019537 -0.280823
v -0.091637 0.101730 0.384552
v -0.091637 0.107597 -0.339539
v -0.091637 -0.031345 -0.306274
v -0.091637 -0.068527 0.456940
v -0.091637 -0.093964 0.390411
v -0.091637 -0.103752 0.310181
v -0.091637 -0.103752 0.323883
v -0.093590 0.044975 -0.388458
v -0.093590 -0.050915 0.278870
v -0.093590 -0.082222 0.429535
v -0.093590 -0.105705 0.335602
v -0.093590 -0.107666 0.357147
v -0.095551 0.003881 -0.325836
v -0.095551 0.054760 -0.310181
v -0.095551 0.068459 0.466736
v -0.095551 0.072372 -0.425629
v -0.095551 0.074333 0.325836
v -0.095551 -0.060699 0.464783
v -0.095551 -0.090050 0.304291
v -0.095551 -0.090050 0.396271
v -0.095551 -0.097878 0.363007
v -0.095551 -0.103752 0.361053
v -0.097504 -0.090050 0.316040
v -0.097504 -0.097878 0.341492
v -0.099464 0.041061 0.480438
v -0.099464 -0.064613 0.294525
v -0.099464 -0.076355 0.296478
v -0.099464 -0.088097 0.404114
v -0.099464 -0.092010 0.368896
v -0.101418 0.134995 -0.400208
v -0.101418 -0.045044 0.472595
v -0.101418 -0.047001 0.290619
v -0.101418 -0.078308 0.308228
v -0.101418 -0.078308 0.435425
v -0.101418 -0.092010 0.327789
v -0.101418 -0.092010 0.345398
v -0.103378 0.080200 -0.366913
v -0.103378 0.084114 0.357147
v -0.103378 -0.035259 0.290619
v -0.103378 -0.066566 0.302338
v -0.105331 0.074333 0.439331
v -0.105331 0.101730 -0.415863
v -0.105331 -0.074394 0.437378
v -0.105331 -0.082222 0.325836
v -0.105331 -0.084183 0.411926
v -0.105331 -0.090050 0.372803
v -0.107292 -0.086136 0.349304
v -0.109245 0.011708 0.300385
v -0.109245 0.048889 0.316040
v -0.109245 -0.027430 0.298431
v -0.109245 -0.080269 0.417816
v -0.109245 -0.088097 0.378662
v -0.111206 -0.070480 0.445190
v -0.111206 -0.072441 0.327789
v -0.113159 0.009751 0.476501
v -0.113159 -0.060699 0.319946
v -0.113159 -0.080269 0.355194
v -0.115120 0.064545 0.445190
v -0.115120 -0.068527 0.337585
v -0.115120 -0.084183 0.386505
v -0.117073 0.066505 0.347351
v -0.117073 0.076286 0.421722
v -0.117073 0.080200 0.388458
v -0.117073 -0.050915 0.319946
v -0.117073 -0.056786 0.454987
v -0.119034 -0.021559 0.470642
v -0.119034 -0.064613 0.339539
v -0.119034 -0.076355 0.359100
v -0.119034 -0.078308 0.396271
v -0.122948 0.041061 0.456940
v -0.122948 -0.072441 0.411926
v -0.124901 0.062592 0.427582
v -0.124901 -0.043087 0.325836
v -0.124901 -0.060699 0.343445
v -0.124901 -0.072441 0.366913
v -0.126862 0.050846 0.433472
v -0.128815 0.048889 0.345398
v -0.130768 0.003881 0.458893
v -0.130768 0.058674 0.372803
v -0.130768 -0.015688 0.321930
v -0.130768 -0.062653 0.421722
v -0.132736 -0.052872 0.351257
v -0.132736 -0.062653 0.378662
v -0.132736 -0.064613 0.394318
v -0.134689 0.017580 0.329742
v -0.134689 0.025408 0.447174
v -0.134689 0.046932 0.427582
v -0.134689 0.054760 0.390411
v -0.138596 0.044975 0.370850
v -0.138596 0.046932 0.386505
v -0.138596 0.046932 0.398224
v -0.138596 -0.043087 0.437378
v -0.140564 0.039104 0.392365
v -0.140564 -0.048958 0.376709
v -0.140564 -0.052872 0.398224
v -0.142517 0.023451 0.355194
v -0.144470 0.037148 0.409973
v -0.144470 -0.031345 0.357147
v -0.148392 0.005838 0.368896
v -0.148392 0.017580 0.425629
v -0.148392 0.027365 0.380615
v -0.148392 -0.007861 0.435425
v -0.148392 -0.033302 0.398224
v -0.150345 -0.005904 0.359100
v -0.152298 0.007795 0.390411
v -0.154251 -0.011775 0.396271
vt 0.674072 0.297119
vt 0.671875 0.278320
vt 0.700928 0.294189
vt 0.698486 0.265869
vt 0.675049 0.247314
vt 0.662354 0.261475
vt 0.648193 0.254639
vt 0.667725 0.317871
vt 0.658691 0.236572
vt 0.630615 0.256592
vt 0.648682 0.332275
vt 0.612793 0.256348
vt 0.622070 0.332031
vt 0.595459 0.261719
vt 0.599121 0.327148
vt 0.581543 0.269775
vt 0.581299 0.325195
vt 0.568848 0.265381
vt 0.565186 0.319824
vt 0.593018 0.238281
vt 0.551025 0.316895
vt 0.579346 0.230957
vt 0.602051 0.208984
vt 0.584717 0.195068
vt 0.565430 0.223389
vt 0.570068 0.190186
vt 0.558105 0.253662
vt 0.553711 0.225586
vt 0.551025 0.254150
vt 0.541992 0.307373
vt 0.538818 0.262451
vt 0.536133 0.289551
vt 0.535645 0.274658
vt 0.496582 0.181885
vt 0.505615 0.207520
vt 0.470947 0.211426
vt 0.471680 0.182861
vt 0.510254 0.234619
vt 0.477295 0.242188
vt 0.432617 0.237305
vt 0.437256 0.191162
vt 0.442383 0.176270
vt 0.433838 0.215088
vt 0.427490 0.199707
vt 0.406738 0.179199
vt 0.397949 0.192871
vt 0.387207 0.210205
vt 0.391602 0.223877
vt 0.407715 0.242188
vt 0.393066 0.232910
vt 0.374023 0.223633
vt 0.370850 0.217041
vt 0.355713 0.217041
vt 0.182129 0.592529
vt 0.177002 0.610840
vt 0.160889 0.593018
vt 0.171631 0.573486
vt 0.141846 0.562500
vt 0.151855 0.614502
vt 0.171143 0.627441
vt 0.142578 0.635986
vt 0.167480 0.648682
vt 0.135986 0.651123
vt 0.165771 0.668945
vt 0.122070 0.619629
vt 0.104492 0.639160
vt 0.127930 0.601074
vt 0.134521 0.581055
vt 0.110596 0.557129
vt 0.106201 0.610352
vt 0.107178 0.574219
vt 0.106934 0.594482
vt 0.090332 0.620117
vt 0.079102 0.599609
vt 0.074463 0.579346
vt 0.071289 0.564697
vt 0.073242 0.549316
vt 0.034180 0.567383
vt 0.038818 0.583008
vt 0.011719 0.587646
vt 0.017090 0.601807
vt 0.044678 0.595947
vt 0.021240 0.614746
vt 0.052734 0.613525
vt 0.029297 0.635254
vt 0.001221 0.629883
vt 0.062744 0.635742
vt 0.063477 0.646729
vt 0.034912 0.654297
vt 0.008789 0.651611
vt 0.015381 0.668945
vt 0.001709 0.199707
vt 0.000977 0.183105
vt 0.035156 0.189453
vt 0.028076 0.209717
vt 0.050537 0.221680
vt 0.062500 0.198242
vt 0.040527 0.174316
vt 0.067871 0.229736
vt 0.072266 0.177490
vt 0.048340 0.155273
vt 0.083008 0.201904
vt 0.083252 0.239258
vt 0.077637 0.163574
vt 0.089600 0.179443
vt 0.065918 0.146484
vt 0.081299 0.148926
vt 0.081787 0.144043
vt 0.100586 0.187256
vt 0.103760 0.167725
vt 0.098145 0.213867
vt 0.112061 0.174805
vt 0.114746 0.159912
vt 0.124756 0.162109
vt 0.118164 0.199951
vt 0.117676 0.182129
vt 0.097168 0.246582
vt 0.112061 0.228516
vt 0.120117 0.246826
vt 0.105225 0.256348
vt 0.124268 0.268555
vt 0.109131 0.270752
vt 0.134766 0.216797
vt 0.144043 0.239990
vt 0.147949 0.262939
vt 0.175537 0.238037
vt 0.177979 0.258789
vt 0.169678 0.209717
vt 0.148193 0.188477
vt 0.133057 0.176270
vt 0.125732 0.167725
vt 0.139404 0.170654
vt 0.171631 0.177979
vt 0.211914 0.211182
vt 0.214600 0.244629
vt 0.214355 0.263184
vt 0.261719 0.265137
vt 0.258789 0.282715
vt 0.270264 0.239746
vt 0.302979 0.282715
vt 0.301025 0.299072
vt 0.339844 0.313721
vt 0.313232 0.257080
vt 0.344238 0.299316
vt 0.234375 0.193604
vt 0.353271 0.276123
vt 0.392578 0.318359
vt 0.281006 0.220215
vt 0.322266 0.236816
vt 0.401855 0.293945
vt 0.442139 0.340332
vt 0.362305 0.254395
vt 0.292236 0.203369
vt 0.330811 0.218994
vt 0.246338 0.180420
vt 0.371826 0.238037
vt 0.254395 0.159424
vt 0.300781 0.188477
vt 0.213379 0.139404
vt 0.208984 0.153076
vt 0.411133 0.277100
vt 0.419678 0.261963
vt 0.426758 0.249268
vt 0.469482 0.282959
vt 0.461182 0.296875
vt 0.526855 0.310059
vt 0.452393 0.315918
vt 0.518555 0.325195
vt 0.583740 0.334473
vt 0.502930 0.363525
vt 0.501221 0.378662
vt 0.510742 0.343018
vt 0.571289 0.351318
vt 0.561279 0.374268
vt 0.552002 0.397461
vt 0.600586 0.429199
vt 0.614258 0.406494
vt 0.659180 0.469727
vt 0.637207 0.385254
vt 0.651611 0.357422
vt 0.674805 0.445557
vt 0.710449 0.515381
vt 0.730469 0.501465
vt 0.712158 0.425049
vt 0.702637 0.367920
vt 0.740479 0.404297
vt 0.755127 0.488037
vt 0.749756 0.548096
vt 0.771484 0.474854
vt 0.798096 0.520264
vt 0.772705 0.537842
vt 0.802734 0.569580
vt 0.763916 0.580322
vt 0.800781 0.462891
vt 0.819336 0.504639
vt 0.777588 0.387451
vt 0.854248 0.456055
vt 0.848877 0.505859
vt 0.855469 0.391113
vt 0.868408 0.514893
vt 0.884521 0.473877
vt 0.906250 0.429688
vt 0.791992 0.346191
vt 0.856934 0.351074
vt 0.903809 0.389160
vt 0.912109 0.358398
vt 0.940430 0.413818
vt 0.920654 0.442383
vt 0.960693 0.399414
vt 0.949951 0.452881
vt 0.970459 0.451660
vt 0.447754 0.102783
vt 0.437500 0.069336
vt 0.454590 0.069336
vt 0.523438 0.002930
vt 0.537598 0.015137
vt 0.522217 0.026611
vt 0.497803 0.010986
vt 0.545410 0.035645
vt 0.550293 0.020752
vt 0.565918 0.039062
vt 0.563232 0.023926
vt 0.562988 0.063477
vt 0.539062 0.059326
vt 0.505127 0.050293
vt 0.459717 0.025879
vt 0.489502 0.003174
vt 0.470215 0.035400
vt 0.442871 0.058838
vt 0.457520 0.067871
vt 0.498779 0.083740
vt 0.460449 0.102295
vt 0.537354 0.087158
vt 0.560791 0.093750
vt 0.505615 0.121094
vt 0.466064 0.125488
vt 0.540771 0.123535
vt 0.562012 0.127686
vt 0.491699 0.145264
vt 0.530762 0.165771
vt 0.554199 0.162109
vt 0.543213 0.206055
vt 0.565918 0.200684
vt 0.511963 0.177490
vt 0.519775 0.214355
vt 0.486084 0.154785
vt 0.464600 0.139160
vt 0.505127 0.184326
vt 0.914062 0.257324
vt 0.903320 0.257080
vt 0.911377 0.235352
vt 0.896973 0.234131
vt 0.931641 0.239258
vt 0.926270 0.260010
vt 0.940918 0.266602
vt 0.919678 0.194824
vt 0.900879 0.187500
vt 0.942139 0.202637
vt 0.945068 0.159912
vt 0.922607 0.154541
vt 0.972412 0.158936
vt 0.968994 0.209229
vt 0.955566 0.246582
vt 0.956055 0.276611
vt 0.980225 0.257812
vt 0.999023 0.215576
vt 0.997070 0.154541
vt 0.084473 0.899658
vt 0.092529 0.892334
vt 0.078125 0.937744
vt 0.084473 0.948242
vt 0.104492 0.888672
vt 0.075684 0.923340
vt 0.079346 0.909668
vt 0.055664 0.906006
vt 0.096680 0.951904
vt 0.119629 0.890137
vt 0.132324 0.896729
vt 0.109619 0.961182
vt 0.140869 0.906982
vt 0.079102 0.972168
vt 0.121094 0.962158
vt 0.094727 0.982666
vt 0.064697 0.990479
vt 0.049805 0.975586
vt 0.143555 0.924072
vt 0.134521 0.952148
vt 0.141602 0.939209
vt 0.055908 0.948730
vt 0.066895 0.965820
vt 0.033691 0.955078
vt 0.051758 0.924316
vt 0.020752 0.921875
vt 0.015869 0.888672
vt 0.436768 0.178711
vt 0.422852 0.182129
vt 0.422852 0.155029
vt 0.441650 0.154541
vt 0.438721 0.132324
vt 0.053711 0.381592
vt 0.055664 0.351318
vt 0.068604 0.381592
vt 0.630371 0.494141
vt 0.604736 0.505859
vt 0.625732 0.480713
vt 0.602051 0.486572
vt 0.574707 0.505859
vt 0.605469 0.460693
vt 0.626465 0.464600
vt 0.630371 0.452637
vt 0.612305 0.443359
vt 0.576904 0.484131
vt 0.582275 0.456543
vt 0.589355 0.433838
vt 0.554199 0.453369
vt 0.561279 0.431885
vt 0.553223 0.476562
vt 0.540283 0.494873
vt 0.532471 0.460693
vt 0.057861 0.141602
vt 0.038330 0.115967
vt 0.057861 0.112305
vt 0.054199 0.086670
vt 0.757324 0.904785
vt 0.769287 0.912842
vt 0.756104 0.931396
vt 0.737061 0.920898
vt 0.781494 0.939941
vt 0.788086 0.918457
vt 0.742676 0.950928
vt 0.803955 0.938965
vt 0.801514 0.918945
vt 0.800049 0.965576
vt 0.776611 0.965088
vt 0.791992 0.994629
vt 0.765381 0.994141
vt 0.730225 0.975586
vt 0.719238 0.994629
vt 0.702881 0.979248
vt 0.708008 0.961914
vt 0.720215 0.937500
vt 0.708008 0.927490
vt 0.694092 0.952393
vt 0.676514 0.212891
vt 0.659424 0.204590
vt 0.671631 0.174072
vt 0.654541 0.173340
vt 0.660400 0.141357
vt 0.696777 0.146729
vt 0.700928 0.181885
vt 0.698975 0.224609
vt 0.089111 0.706787
vt 0.098633 0.741943
vt 0.074463 0.739746
vt 0.060791 0.699219
vt 0.037842 0.682129
vt 0.020020 0.702148
vt 0.038818 0.718750
vt 0.009521 0.719971
vt 0.051514 0.750977
vt 0.020752 0.736084
vt 0.002197 0.737549
vt 0.092041 0.778076
vt 0.064697 0.786133
vt 0.098633 0.818359
vt 0.031250 0.758789
vt 0.011963 0.744873
vt 0.038818 0.787109
vt 0.046387 0.808350
vt 0.069336 0.820068
vt 0.030518 0.801758
vt 0.049561 0.833496
vt 0.024902 0.807861
vt 0.010742 0.817383
vt 0.045898 0.853271
vt 0.016602 0.849365
vt 0.023438 0.786377
vt 0.010986 0.784668
vt 0.017090 0.761230
vt 0.002197 0.757812
vt 0.375000 0.338623
vt 0.375000 0.315674
vt 0.385986 0.328369
vt 0.014893 0.163330
vt 0.002197 0.175781
vt 0.002197 0.140625
vt 0.031494 0.527344
vt 0.019287 0.519287
vt 0.038574 0.510986
vt 0.022461 0.500244
vt 0.031006 0.494385
vt 0.021729 0.493164
vt 0.024902 0.484375
vt 0.019287 0.489746
vt 0.211670 0.300049
vt 0.211670 0.284180
vt 0.222900 0.287109
vt 0.219971 0.271240
vt 0.216064 0.266846
vt 0.175293 0.646240
vt 0.177490 0.622314
vt 0.197021 0.641846
vt 0.199463 0.613770
vt 0.179443 0.673096
vt 0.199463 0.672852
vt 0.801758 0.154297
vt 0.774902 0.151367
vt 0.801514 0.121582
vt 0.772949 0.116455
vt 0.801758 0.086914
vt 0.475830 0.282959
vt 0.459961 0.272705
vt 0.475830 0.245361
vt 0.144043 0.786377
vt 0.137451 0.818359
vt 0.117676 0.806396
vt 0.102295 0.837891
vt 0.085449 0.837402
vt 0.091309 0.849854
vt 0.075928 0.863037
vt 0.085449 0.867676
vt 0.080322 0.881104
vt 0.114258 0.839355
vt 0.129883 0.844482
vt 0.116943 0.852295
vt 0.104492 0.854004
vt 0.100098 0.848145
vt 0.094482 0.857666
vt 0.097900 0.862305
vt 0.089844 0.870117
vt 0.102539 0.867188
vt 0.111084 0.870361
vt 0.094238 0.869873
vt 0.099365 0.879639
vt 0.091553 0.880127
vt 0.084717 0.883301
vt 0.089600 0.889404
vt 0.076904 0.895996
vt 0.159912 0.797363
vt 0.173340 0.810303
vt 0.179688 0.793945
vt 0.185059 0.803711
vt 0.192139 0.818604
vt 0.156494 0.831787
vt 0.178223 0.840820
vt 0.204102 0.846191
vt 0.218018 0.825439
vt 0.241943 0.847168
vt 0.242188 0.826660
vt 0.210938 0.871094
vt 0.143799 0.854004
vt 0.119873 0.866455
vt 0.164062 0.861572
vt 0.185791 0.868164
vt 0.196777 0.889404
vt 0.213623 0.895996
vt 0.172363 0.881836
vt 0.149902 0.877441
vt 0.133057 0.873291
vt 0.144775 0.887207
vt 0.167725 0.890381
vt 0.125732 0.885986
vt 0.110840 0.884766
vt 0.370605 0.210205
vt 0.371338 0.194824
vt 0.386719 0.194824
vt 0.370605 0.189941
vt 0.387939 0.187500
vt 0.093994 0.150146
vt 0.097168 0.161621
vt 0.102051 0.151367
vt 0.104736 0.159180
vt 0.100098 0.144531
vt 0.106689 0.151855
vt 0.108887 0.156250
vt 0.111084 0.153809
vt 0.113525 0.147217
vt 0.117188 0.155273
vt 0.112549 0.140137
vt 0.111572 0.134521
vt 0.125732 0.153809
vt 0.132080 0.138672
vt 0.132324 0.130371
vt 0.132812 0.149170
vt 0.115234 0.156494
vt 0.134277 0.159668
vt 0.147705 0.138672
vt 0.144043 0.154541
vt 0.139404 0.162354
vt 0.156006 0.161133
vt 0.158936 0.145264
vt 0.155273 0.130371
vt 0.169189 0.152100
vt 0.132568 0.120605
vt 0.113037 0.129639
vt 0.172607 0.138672
vt 0.159424 0.119141
vt 0.111328 0.120361
vt 0.195068 0.166748
vt 0.184082 0.144287
vt 0.097412 0.129883
vt 0.093018 0.121094
vt 0.109375 0.113525
vt 0.192383 0.137451
vt 0.184570 0.132324
vt 0.205811 0.126221
vt 0.242188 0.138428
vt 0.212402 0.117188
vt 0.173096 0.113770
vt 0.178711 0.104736
vt 0.154053 0.103271
vt 0.210205 0.104248
vt 0.153320 0.109375
vt 0.153076 0.094971
vt 0.131104 0.110107
vt 0.130127 0.101807
vt 0.105713 0.106689
vt 0.090820 0.116699
vt 0.125732 0.091797
vt 0.101318 0.096680
vt 0.121582 0.074463
vt 0.151123 0.081055
vt 0.178467 0.091553
vt 0.158691 0.056152
vt 0.096191 0.085693
vt 0.131348 0.061279
vt 0.197510 0.071289
vt 0.230225 0.077393
vt 0.244629 0.112549
vt 0.209473 0.042969
vt 0.171631 0.034424
vt 0.135742 0.018311
vt 0.121582 0.035400
vt 0.103027 0.000977
vt 0.081055 0.029785
vt 0.110107 0.053711
vt 0.083252 0.055420
vt 0.106689 0.068359
vt 0.085938 0.071777
vt 0.075439 0.083008
vt 0.078125 0.091064
vt 0.082520 0.101074
vt 0.340576 0.188721
vt 0.307861 0.185547
vt 0.312744 0.175537
vt 0.278809 0.169678
vt 0.346924 0.174805
vt 0.285400 0.161621
vt 0.261230 0.154785
vt 0.318848 0.164062
vt 0.355957 0.154785
vt 0.990967 0.280518
vt 0.985840 0.331055
vt 0.955322 0.286621
vt 0.937988 0.317139
vt 0.919189 0.280518
vt 0.910889 0.311768
vt 0.960693 0.344238
vt 0.999023 0.387207
vt 0.926514 0.345703
vt 0.898438 0.349365
vt 0.970215 0.390137
vt 0.360107 0.673096
vt 0.340088 0.673096
vt 0.351807 0.630859
vt 0.096436 0.107178
vt 0.088135 0.107178
vt 0.095947 0.090820
vt 0.077148 0.055664
vt 0.067871 0.039551
vt 0.073242 0.035889
vt 0.072754 0.018799
vt 0.077148 0.017822
vt 0.072510 0.001953
vt 0.534424 0.252930
vt 0.528076 0.214844
vt 0.544434 0.214844
vt 0.083496 0.699707
vt 0.093262 0.659668
vt 0.109863 0.685547
vt 0.121826 0.723145
vt 0.108887 0.652588
vt 0.126953 0.675781
vt 0.135498 0.708496
vt 0.148682 0.694092
vt 0.189209 0.712402
vt 0.177490 0.753418
vt 0.186523 0.734375
vt 0.251953 0.737793
vt 0.171143 0.763184
vt 0.112549 0.732910
vt 0.162842 0.782227
vt 0.101807 0.749756
vt 0.229248 0.808594
vt 0.232666 0.790527
vt 0.282227 0.830566
vt 0.237061 0.778564
vt 0.283936 0.814697
vt 0.247314 0.759033
vt 0.289062 0.801025
vt 0.342041 0.822754
vt 0.337158 0.836670
vt 0.298584 0.783203
vt 0.308594 0.770508
vt 0.349854 0.809326
vt 0.389893 0.853027
vt 0.268311 0.726807
vt 0.231201 0.700195
vt 0.214600 0.704834
vt 0.221680 0.690674
vt 0.319336 0.759033
vt 0.326416 0.754150
vt 0.372559 0.790283
vt 0.362305 0.796875
vt 0.400146 0.838623
vt 0.410645 0.822021
vt 0.449707 0.860107
vt 0.460938 0.845215
vt 0.437988 0.876953
vt 0.434570 0.885254
vt 0.468994 0.906250
vt 0.471680 0.893555
vt 0.386475 0.864502
vt 0.384277 0.880371
vt 0.429932 0.899170
vt 0.464355 0.924805
vt 0.503418 0.912842
vt 0.496826 0.925781
vt 0.484863 0.874268
vt 0.527832 0.946777
vt 0.519043 0.895752
vt 0.536865 0.931152
vt 0.563477 0.968994
vt 0.573242 0.949463
vt 0.498291 0.858154
vt 0.534180 0.877197
vt 0.503662 0.852539
vt 0.539551 0.871582
vt 0.443115 0.138672
vt 0.443115 0.130127
vt 0.445801 0.135498
vt 0.447266 0.147949
vt 0.446533 0.128662
vt 0.450195 0.134033
vt 0.224121 0.283936
vt 0.227295 0.276367
vt 0.227295 0.287354
vt 0.423340 0.443848
vt 0.423340 0.425049
vt 0.432617 0.436768
vt 0.437256 0.429199
vt 0.315430 0.036377
vt 0.311035 0.030273
vt 0.321533 0.019287
vt 0.315674 0.017578
vt 0.321533 0.001221
vt 0.307617 0.018066
vt 0.313477 0.001709
vt 0.305176 0.004883
vt 0.264648 0.014893
vt 0.264648 0.002441
vt 0.270020 0.010254
vt 0.001953 0.445068
vt 0.006348 0.458984
vt 0.001953 0.463135
vt 0.081543 0.280762
vt 0.076904 0.280762
vt 0.077393 0.270752
vt 0.796143 0.681641
vt 0.822266 0.679688
vt 0.802246 0.699707
vt 0.779785 0.692627
vt 0.783936 0.715332
vt 0.752197 0.718018
vt 0.764648 0.737793
vt 0.751221 0.730713
vt 0.816895 0.717773
vt 0.800781 0.742920
vt 0.784668 0.754395
vt 0.824707 0.701660
vt 0.808105 0.775391
vt 0.818359 0.740967
vt 0.821289 0.775879
vt 0.814209 0.809814
vt 0.840332 0.720459
vt 0.860596 0.710693
vt 0.861816 0.683838
vt 0.860107 0.740967
vt 0.838623 0.741211
vt 0.838867 0.776367
vt 0.859131 0.778809
vt 0.829102 0.811523
vt 0.815430 0.837646
vt 0.844727 0.809814
vt 0.861572 0.815918
vt 0.848389 0.832275
vt 0.861816 0.837158
vt 0.847168 0.843262
vt 0.831543 0.835693
vt 0.831543 0.846680
vt 0.815674 0.848877
vt 0.001465 0.024170
vt 0.011719 0.030029
vt 0.002197 0.041260
vt 0.009033 0.013916
vt 0.013428 0.041016
vt 0.013672 0.054932
vt 0.020020 0.051270
vt 0.019775 0.066650
vt 0.026123 0.062744
vt 0.031494 0.076172
vt 0.021973 0.080322
vt 0.013916 0.073242
vt 0.016357 0.089844
vt 0.022461 0.101562
vt 0.030273 0.097656
vt 0.037598 0.095459
vt 0.039795 0.074951
vt 0.032959 0.061279
vt 0.035645 0.118652
vt 0.040527 0.058350
vt 0.027344 0.048584
vt 0.047363 0.139404
vt 0.038818 0.141113
vt 0.028564 0.120605
vt 0.024658 0.122314
vt 0.033447 0.142578
vt 0.015625 0.106201
vt 0.017090 0.125488
vt 0.007812 0.109863
vt 0.002686 0.092529
vt 0.002441 0.115234
vt 0.009277 0.129150
vt 0.005127 0.131104
vt 0.018799 0.143311
vt 0.027588 0.141113
vt 0.013184 0.145752
vt 0.001465 0.136230
vt 0.648193 0.507080
vt 0.651611 0.535889
vt 0.632080 0.532715
vt 0.630859 0.504639
vt 0.651611 0.468018
vt 0.080078 0.390137
vt 0.081299 0.367676
vt 0.100830 0.390137
vt 0.866211 0.009277
vt 0.864258 0.030273
vt 0.836914 0.001709
vt 0.833008 0.025391
vt 0.806396 0.002197
vt 0.798340 0.025635
vt 0.805664 0.055664
vt 0.835938 0.060791
vt 0.862793 0.065430
vt 0.814453 0.092773
vt 0.836182 0.100342
vt 0.860107 0.107910
vt 0.820312 0.127197
vt 0.838379 0.139160
vt 0.866211 0.148682
vt 0.819580 0.146484
vt 0.837158 0.167236
vt 0.023682 0.035645
vt 0.017334 0.040771
vt 0.017334 0.024170
vt 0.452881 0.123535
vt 0.419189 0.135010
vt 0.422607 0.117676
vt 0.455078 0.105713
vt 0.423340 0.106934
vt 0.398926 0.126709
vt 0.401123 0.148438
vt 0.399658 0.117432
vt 0.400635 0.106689
vt 0.384277 0.128418
vt 0.399414 0.184326
vt 0.388184 0.151123
vt 0.391602 0.183105
vt 0.379639 0.184326
vt 0.372070 0.153076
vt 0.383301 0.116699
vt 0.367432 0.128662
vt 0.340820 0.152344
vt 0.363525 0.111328
vt 0.382324 0.105225
vt 0.401367 0.095703
vt 0.422607 0.099854
vt 0.423584 0.088867
vt 0.384521 0.092041
vt 0.403809 0.078369
vt 0.368408 0.096191
vt 0.373535 0.081299
vt 0.387695 0.076416
vt 0.376709 0.065674
vt 0.406006 0.055908
vt 0.389404 0.056885
vt 0.378662 0.042725
vt 0.367920 0.050537
vt 0.393311 0.046143
vt 0.368408 0.020508
vt 0.357666 0.037842
vt 0.386719 0.025879
vt 0.376953 0.003662
vt 0.397705 0.012939
vt 0.412109 0.040039
vt 0.433594 0.051758
vt 0.435791 0.038574
vt 0.413330 0.026367
vt 0.412598 0.009766
vt 0.433594 0.021973
vt 0.430420 0.001465
vt 0.458740 0.009766
vt 0.070801 0.857910
vt 0.056885 0.895996
vt 0.050049 0.856689
vt 0.070801 0.829346
vt 0.040527 0.894531
vt 0.035889 0.855225
vt 0.008545 0.529541
vt 0.002686 0.529053
vt 0.008545 0.511719
vt 0.246582 0.109375
vt 0.243408 0.100586
vt 0.246582 0.097900
vt 0.450195 0.972168
vt 0.417480 0.999023
vt 0.416992 0.967285
vt 0.446533 0.937012
vt 0.389160 0.994385
vt 0.414307 0.930420
vt 0.432129 0.906006
vt 0.409668 0.898926
vt 0.390381 0.913086
vt 0.390869 0.958740
vt 0.370361 0.935791
vt 0.369873 0.974854
vt 0.369873 0.999023
vt 0.354492 0.998779
vt 0.351562 0.945557
vt 0.349854 0.919678
vt 0.365723 0.901855
vt 0.352295 0.976318
vt 0.336914 0.957275
vt 0.336914 0.983887
vt 0.002441 0.287354
vt 0.002441 0.253418
vt 0.010742 0.259033
vt 0.554932 0.154297
vt 0.558105 0.129639
vt 0.568115 0.154297
vt 0.250977 0.105469
vt 0.265869 0.139893
vt 0.250977 0.152100
vt 0.765625 0.002197
vt 0.794922 0.007324
vt 0.789551 0.016602
vt 0.765137 0.016846
vt 0.768799 0.035156
vt 0.797607 0.032471
vt 0.723877 0.026855
vt 0.796387 0.057617
vt 0.723389 0.045654
vt 0.768066 0.056885
vt 0.783691 0.080811
vt 0.793213 0.087891
vt 0.760986 0.104492
vt 0.770020 0.114990
vt 0.763672 0.079102
vt 0.723877 0.067627
vt 0.755859 0.094971
vt 0.748047 0.123779
vt 0.757080 0.137207
vt 0.740967 0.106689
vt 0.727051 0.099365
vt 0.740723 0.134033
vt 0.751221 0.145508
vt 0.744629 0.150391
vt 0.735352 0.117432
vt 0.732178 0.138184
vt 0.725098 0.121094
vt 0.697754 0.109375
vt 0.711182 0.130127
vt 0.723389 0.148193
vt 0.732910 0.151367
vt 0.700684 0.138184
vt 0.715820 0.154297
vt 0.682861 0.121094
vt 0.676025 0.098145
vt 0.696045 0.072021
vt 0.674805 0.068604
vt 0.696045 0.045166
vt 0.678467 0.044678
vt 0.668945 0.043213
vt 0.696289 0.028076
vt 0.724121 0.013916
vt 0.675293 0.028564
vt 0.663330 0.028564
vt 0.666504 0.014893
vt 0.695312 0.015137
vt 0.650879 0.016357
vt 0.620850 0.002197
vt 0.016113 0.018799
vt 0.018311 0.002441
vt 0.030518 0.021973
vt 0.027588 0.032715
vt 0.040527 0.039062
vt 0.034668 0.045898
vt 0.047852 0.052002
vt 0.053711 0.034424
vt 0.046875 0.072998
vt 0.418213 0.381592
vt 0.418213 0.333252
vt 0.441650 0.357910
vt 0.458740 0.171387
vt 0.443604 0.171143
vt 0.458740 0.119629
vt 0.497559 0.986084
vt 0.451904 0.986084
vt 0.453857 0.965820
vt 0.499512 0.962891
vt 0.455322 0.946777
vt 0.498779 0.941162
vt 0.496094 0.932373
vt 0.453613 0.936768
vt 0.255127 0.495117
vt 0.245850 0.494141
vt 0.255127 0.477295
vt 0.351562 0.376709
vt 0.371826 0.380859
vt 0.354492 0.385498
vt 0.373535 0.391113
vt 0.357178 0.395996
vt 0.390137 0.384766
vt 0.375244 0.401367
vt 0.393311 0.392334
vt 0.405273 0.384277
vt 0.394775 0.404053
vt 0.375732 0.411621
vt 0.396484 0.414551
vt 0.413818 0.401123
vt 0.413086 0.390625
vt 0.413086 0.411133
vt 0.399658 0.422119
vt 0.420898 0.417725
vt 0.431885 0.390625
vt 0.433350 0.405273
vt 0.433594 0.424561
vt 0.451172 0.405273
vt 0.453613 0.387939
vt 0.475830 0.398682
vt 0.475830 0.376709
vt 0.014160 0.525146
vt 0.008301 0.501709
vt 0.019287 0.501709
vt 0.239990 0.497314
vt 0.224854 0.440674
vt 0.239990 0.433350
vt 0.179932 0.330078
vt 0.179932 0.302246
vt 0.195068 0.309814
vt 0.189697 0.288086
vt 0.686035 0.500000
vt 0.679443 0.520508
vt 0.678711 0.500000
vt 0.671143 0.517334
vt 0.665527 0.514893
vt 0.662354 0.538086
vt 0.655029 0.538086
vt 0.670654 0.484619
vt 0.655029 0.483154
vt 0.343018 0.200439
vt 0.360107 0.156006
vt 0.360107 0.212158
vt 0.009766 0.182129
vt 0.016602 0.165283
vt 0.023682 0.182129
vt 0.651611 0.222900
vt 0.636963 0.169678
vt 0.651611 0.163086
vt 0.404785 0.161133
vt 0.420166 0.139160
vt 0.415771 0.157471
vt 0.420166 0.177979
vt 0.452637 0.443359
vt 0.488770 0.385254
vt 0.488770 0.471680
vt 0.079102 0.252930
vt 0.079102 0.240234
vt 0.090088 0.245605
vt 0.040771 0.244385
vt 0.029785 0.244385
vt 0.033691 0.217285
vt 0.067871 0.430908
vt 0.067871 0.407471
vt 0.077148 0.425537
vt 0.005615 0.094238
vt 0.005615 0.050537
vt 0.012939 0.091064
vt 0.166748 0.696533
vt 0.187744 0.697266
vt 0.187988 0.703613
vt 0.206299 0.697754
vt 0.205322 0.690186
vt 0.219238 0.685303
vt 0.204346 0.682861
vt 0.216553 0.677002
vt 0.191895 0.684082
vt 0.192871 0.677246
vt 0.189697 0.689941
vt 0.181641 0.681152
vt 0.179443 0.687256
vt 0.174316 0.692871
vt 0.495361 0.595703
vt 0.493408 0.588135
vt 0.503906 0.579590
vt 0.480713 0.589355
vt 0.478516 0.595947
vt 0.491943 0.580566
vt 0.480713 0.582520
vt 0.462402 0.593750
vt 0.466064 0.586182
vt 0.490479 0.574707
vt 0.467285 0.578613
vt 0.480713 0.575928
vt 0.449951 0.581543
vt 0.451416 0.568848
vt 0.456299 0.562988
vt 0.468994 0.572754
vt 0.486084 0.569092
vt 0.480469 0.572510
vt 0.472900 0.566895
vt 0.463379 0.556885
vt 0.481201 0.561523
vt 0.450684 0.548828
vt 0.491211 0.563965
vt 0.498291 0.567871
vt 0.472900 0.549316
vt 0.483643 0.547363
vt 0.490479 0.557129
vt 0.500244 0.557861
vt 0.491699 0.547119
vt 0.454834 0.546387
vt 0.449951 0.540527
vt 0.464600 0.541992
vt 0.458252 0.537109
vt 0.452881 0.538818
vt 0.452637 0.535400
vt 0.458252 0.533691
vt 0.455078 0.530518
vt 0.463135 0.526855
vt 0.433105 0.527344
vt 0.426514 0.510986
vt 0.433105 0.505615
vt 0.147949 0.959961
vt 0.145996 0.936279
vt 0.157471 0.933594
vt 0.149658 0.914795
vt 0.161133 0.905762
vt 0.166260 0.957031
vt 0.154297 0.990479
vt 0.180664 0.984619
vt 0.176758 0.931641
vt 0.178955 0.897461
vt 0.204834 0.904297
vt 0.204102 0.944824
vt 0.215332 0.990479
vt 0.227295 0.959717
vt 0.503906 0.257324
vt 0.490967 0.242920
vt 0.503906 0.239258
vt 0.405762 0.082275
vt 0.416016 0.065918
vt 0.416016 0.085693
vt 0.248779 0.150146
vt 0.240234 0.117676
vt 0.248779 0.114258
vt 0.321289 0.541016
vt 0.360352 0.560059
vt 0.320801 0.551270
vt 0.281738 0.539307
vt 0.283691 0.527344
vt 0.358154 0.569824
vt 0.313965 0.577637
vt 0.398438 0.581787
vt 0.402588 0.572754
vt 0.444580 0.595215
vt 0.271973 0.569092
vt 0.248291 0.537842
vt 0.238281 0.567383
vt 0.443359 0.602295
vt 0.498535 0.614014
vt 0.391357 0.605469
vt 0.497070 0.622803
vt 0.555664 0.639893
vt 0.256348 0.604004
vt 0.231934 0.604492
vt 0.252686 0.615234
vt 0.226318 0.617920
vt 0.302734 0.615967
vt 0.306152 0.606445
vt 0.340332 0.624268
vt 0.348389 0.593506
vt 0.343262 0.616455
vt 0.384277 0.633545
vt 0.387451 0.625732
vt 0.433105 0.645264
vt 0.436035 0.634766
vt 0.488525 0.657715
vt 0.439697 0.620850
vt 0.493164 0.648193
vt 0.493652 0.639404
vt 0.479980 0.676270
vt 0.552734 0.653076
vt 0.549805 0.663574
vt 0.545166 0.676270
vt 0.555176 0.646240
vt 0.615479 0.672852
vt 0.618408 0.662354
vt 0.610107 0.686279
vt 0.673340 0.705078
vt 0.690918 0.694580
vt 0.683350 0.673828
vt 0.663818 0.720459
vt 0.603760 0.700439
vt 0.708008 0.730957
vt 0.731201 0.694092
vt 0.730713 0.681885
vt 0.745117 0.686279
vt 0.743164 0.697021
vt 0.733398 0.704102
vt 0.721680 0.708008
vt 0.715820 0.723145
vt 0.720459 0.723633
vt 0.715820 0.740234
vt 0.708008 0.751953
vt 0.717773 0.756104
vt 0.657959 0.732910
vt 0.726318 0.772949
vt 0.729492 0.769043
vt 0.746094 0.772217
vt 0.596924 0.719727
vt 0.755615 0.778076
vt 0.762695 0.767090
vt 0.654785 0.749268
vt 0.772949 0.756348
vt 0.772217 0.772705
vt 0.776855 0.784424
vt 0.768799 0.789551
vt 0.590088 0.734863
vt 0.648438 0.764893
vt 0.534912 0.704834
vt 0.722168 0.783203
vt 0.765381 0.794922
vt 0.539307 0.692627
vt 0.474609 0.685303
vt 0.429443 0.652100
vt 0.763672 0.805176
vt 0.784424 0.805176
vt 0.757812 0.822021
vt 0.708984 0.805420
vt 0.642090 0.777832
vt 0.697021 0.816650
vt 0.742432 0.841064
vt 0.725830 0.849121
vt 0.748535 0.864746
vt 0.783203 0.793945
vt 0.790283 0.786865
vt 0.788330 0.799316
vt 0.798584 0.792969
vt 0.806885 0.797119
vt 0.062988 0.245850
vt 0.070801 0.236084
vt 0.070801 0.250732
vt 0.153809 0.268311
vt 0.208008 0.266846
vt 0.207520 0.278809
vt 0.155762 0.278809
vt 0.108643 0.275391
vt 0.710205 0.303223
vt 0.731445 0.311035
vt 0.724854 0.319824
vt 0.749512 0.326416
vt 0.756836 0.319336
vt 0.742188 0.335449
vt 0.714111 0.327881
vt 0.769043 0.332520
vt 0.778320 0.322754
vt 0.782959 0.336182
vt 0.793213 0.323975
vt 0.763184 0.343262
vt 0.775879 0.349365
vt 0.735107 0.351074
vt 0.696289 0.343018
vt 0.757568 0.360352
vt 0.774902 0.362793
vt 0.786377 0.365234
vt 0.759277 0.375244
vt 0.733154 0.366943
vt 0.695068 0.358643
vt 0.656738 0.350098
vt 0.646973 0.375244
vt 0.677002 0.327881
vt 0.652100 0.332031
vt 0.300049 0.012207
vt 0.291016 0.062256
vt 0.291016 0.009766
vt 0.250732 0.449707
vt 0.305664 0.445068
vt 0.300049 0.465576
vt 0.343506 0.464844
vt 0.339355 0.482910
vt 0.387207 0.482910
vt 0.382812 0.496826
vt 0.437988 0.500488
vt 0.392090 0.463867
vt 0.443848 0.484131
vt 0.349609 0.448242
vt 0.311035 0.433838
vt 0.271973 0.420166
vt 0.253662 0.429199
vt 0.206299 0.435303
vt 0.235840 0.417480
vt 0.240234 0.403564
vt 0.198975 0.420898
vt 0.232178 0.391602
vt 0.193359 0.413086
vt 0.276367 0.393555
vt 0.260986 0.372803
vt 0.317139 0.413086
vt 0.323486 0.392578
vt 0.291016 0.370605
vt 0.363525 0.407959
vt 0.355225 0.428467
vt 0.402344 0.435059
vt 0.396973 0.445068
vt 0.448242 0.466797
vt 0.504883 0.486328
vt 0.498535 0.502930
vt 0.565430 0.512207
vt 0.491699 0.520996
vt 0.485596 0.533936
vt 0.545410 0.560547
vt 0.557617 0.526855
vt 0.624268 0.535400
vt 0.551025 0.544189
vt 0.617432 0.552734
vt 0.611084 0.574219
vt 0.602783 0.591064
vt 0.670654 0.619141
vt 0.687256 0.572266
vt 0.693359 0.552490
vt 0.681641 0.597168
vt 0.725830 0.620605
vt 0.735352 0.597656
vt 0.744873 0.570557
vt 0.716797 0.652588
vt 0.770508 0.603760
vt 0.755615 0.642334
vt 0.759033 0.696533
vt 0.790283 0.678467
vt 0.795898 0.628906
vt 0.809570 0.570801
vt 0.865234 0.673340
vt 0.420166 0.443848
vt 0.406982 0.424805
vt 0.420166 0.423340
vt 0.193848 0.296387
vt 0.205811 0.281494
vt 0.205811 0.304443
vt 0.274414 0.152100
vt 0.268555 0.141602
vt 0.274414 0.137207
vt 0.998291 0.542969
vt 0.977051 0.556396
vt 0.977539 0.542725
vt 0.998047 0.533691
vt 0.949219 0.559082
vt 0.978027 0.530762
vt 0.999023 0.526611
vt 0.951904 0.522949
vt 0.944092 0.539062
vt 0.925781 0.555664
vt 0.929688 0.565918
vt 0.981934 0.520264
vt 0.958008 0.511475
vt 0.972656 0.503906
vt 0.989258 0.515137
vt 0.979248 0.501709
vt 0.957031 0.503662
vt 0.975342 0.492920
vt 0.969971 0.495850
vt 0.958984 0.495361
vt 0.944336 0.494141
vt 0.939697 0.502930
vt 0.925781 0.493896
vt 0.928467 0.487305
vt 0.970947 0.488525
vt 0.960938 0.487061
vt 0.981689 0.497803
vt 0.978027 0.490723
vt 0.977051 0.487305
vt 0.975342 0.486816
vt 0.976074 0.480957
vt 0.972412 0.479736
vt 0.962402 0.478271
vt 0.949463 0.475830
vt 0.946289 0.484131
vt 0.935791 0.472900
vt 0.931396 0.482178
vt 0.383789 0.336914
vt 0.416016 0.331787
vt 0.416016 0.385986
vt 0.553223 0.590332
vt 0.547852 0.591797
vt 0.550293 0.578369
vt 0.541504 0.580566
vt 0.539307 0.591553
vt 0.534668 0.580078
vt 0.547119 0.572998
vt 0.541260 0.572266
vt 0.553223 0.567139
vt 0.089844 0.141602
vt 0.089844 0.132324
vt 0.098633 0.136963
vt 0.600098 0.651611
vt 0.600098 0.615967
vt 0.623779 0.620117
vt 0.619629 0.600342
vt 0.605225 0.596191
vt 0.231445 0.681641
vt 0.203613 0.668945
vt 0.231445 0.645996
vt 0.213867 0.640625
vt 0.230713 0.623535
vt 0.456543 0.365234
vt 0.449707 0.373047
vt 0.449219 0.358154
vt 0.456543 0.354004
vt 0.575684 0.640137
vt 0.595947 0.591309
vt 0.595947 0.651611
vt 0.344727 0.126709
vt 0.324707 0.135498
vt 0.303711 0.150879
vt 0.344238 0.110840
vt 0.332031 0.124756
vt 0.302979 0.132812
vt 0.289307 0.146240
vt 0.324951 0.118164
vt 0.331055 0.111328
vt 0.292725 0.125244
vt 0.310791 0.113525
vt 0.327148 0.099609
vt 0.317383 0.093994
vt 0.298096 0.100586
vt 0.328125 0.076172
vt 0.304688 0.080322
vt 0.283936 0.117920
vt 0.280029 0.143555
vt 0.264648 0.114258
vt 0.289307 0.094971
vt 0.293457 0.072266
vt 0.276367 0.106934
vt 0.280273 0.090820
vt 0.285889 0.066162
vt 0.273193 0.088135
vt 0.251221 0.100586
vt 0.262939 0.080566
vt 0.280029 0.060547
vt 0.242676 0.088867
vt 0.258545 0.067627
vt 0.271729 0.058350
vt 0.232178 0.073242
vt 0.246582 0.054688
vt 0.223633 0.050049
vt 0.269287 0.043457
vt 0.278564 0.033203
vt 0.244141 0.026367
vt 0.216309 0.026367
vt 0.262207 0.031250
vt 0.269531 0.019775
vt 0.285156 0.013428
vt 0.279785 0.001465
vt 0.291260 0.004639
vt 0.173584 0.416992
vt 0.166504 0.426514
vt 0.166504 0.407959
vt 0.436768 0.024902
vt 0.446289 0.025879
vt 0.441650 0.035889
vt 0.448730 0.035400
vt 0.452393 0.024902
vt 0.446533 0.044678
vt 0.439209 0.044922
vt 0.263672 0.647461
vt 0.235107 0.647461
vt 0.259033 0.618652
vt 0.081543 0.072998
vt 0.074463 0.072754
vt 0.081543 0.064697
vt 0.009033 0.104980
vt 0.009033 0.096924
vt 0.017090 0.098877
vt 0.501709 0.262207
vt 0.500488 0.267822
vt 0.491943 0.262451
vt 0.496582 0.253662
vt 0.486816 0.249268
vt 0.489014 0.243652
vt 0.483398 0.255127
vt 0.486084 0.263916
vt 0.492188 0.275391
vt 0.499512 0.276611
vt 0.499512 0.285156
vt 0.495850 0.286621
vt 0.488770 0.278320
vt 0.481445 0.266846
vt 0.482666 0.275391
vt 0.489990 0.288330
vt 0.498047 0.293701
vt 0.501709 0.293701
vt 0.350586 0.086670
vt 0.358643 0.077393
vt 0.338623 0.073242
vt 0.338867 0.095703
vt 0.331543 0.093994
vt 0.335449 0.050537
vt 0.350342 0.062012
vt 0.317871 0.060059
vt 0.344971 0.043457
vt 0.318359 0.041016
vt 0.301514 0.055908
vt 0.303467 0.040771
vt 0.333496 0.034912
vt 0.341553 0.027344
vt 0.095215 0.285645
vt 0.141113 0.283936
vt 0.144531 0.295898
vt 0.192871 0.283936
vt 0.631104 0.014648
vt 0.657471 0.046143
vt 0.618896 0.042969
vt 0.601318 0.024658
vt 0.578613 0.037109
vt 0.583984 0.001221
vt 0.562256 0.019531
vt 0.581787 0.058105
vt 0.638428 0.068604
vt 0.668945 0.068359
vt 0.609863 0.076904
vt 0.668457 0.085693
vt 0.586670 0.099365
vt 0.564697 0.080566
vt 0.609863 0.114990
vt 0.571777 0.126953
vt 0.626709 0.099609
vt 0.651855 0.090332
vt 0.665039 0.126221
vt 0.651123 0.125000
vt 0.605225 0.148926
vt 0.636719 0.130127
vt 0.652344 0.158691
vt 0.637939 0.165527
vt 0.614990 0.180176
vt 0.562256 0.159912
vt 0.002441 0.381592
vt 0.004883 0.360352
vt 0.014893 0.375000
vt 0.019287 0.356689
vt 0.002441 0.341309
vt 0.027832 0.366943
vt 0.032227 0.349854
vt 0.014404 0.338867
vt 0.006104 0.323242
vt 0.030273 0.332275
vt 0.016602 0.319092
vt 0.009277 0.307861
vt 0.029297 0.314941
vt 0.503662 0.610840
vt 0.513428 0.591064
vt 0.533447 0.605957
vt 0.557129 0.613037
vt 0.557373 0.603271
vt 0.538818 0.594727
vt 0.522949 0.581055
vt 0.503662 0.563721
vt 0.518799 0.551514
vt 0.002930 0.012939
vt 0.002930 0.003418
vt 0.006348 0.010254
vt 0.409424 0.688232
vt 0.403320 0.685303
vt 0.407227 0.672119
vt 0.401367 0.671143
vt 0.396729 0.684570
vt 0.402832 0.654297
vt 0.409424 0.655029
vt 0.401855 0.639893
vt 0.396729 0.643066
vt 0.395508 0.655762
vt 0.392822 0.670654
vt 0.389404 0.681885
vt 0.379883 0.679688
vt 0.389404 0.690430
vt 0.385010 0.687012
vt 0.143555 0.416016
vt 0.093994 0.412109
vt 0.126465 0.398438
vt 0.094482 0.397217
vt 0.056396 0.401855
vt 0.057373 0.387695
vt 0.031006 0.399414
vt 0.030273 0.385010
vt 0.015381 0.400635
vt 0.012939 0.385742
vt 0.002441 0.390869
vt 0.014893 0.415771
vt 0.003662 0.416016
vt 0.001709 0.402344
vt 0.445801 0.385986
vt 0.435791 0.385742
vt 0.433350 0.371338
vt 0.445557 0.371094
vt 0.445801 0.356201
vt 0.256836 0.986084
vt 0.245605 0.984131
vt 0.247314 0.980713
vt 0.235596 0.981689
vt 0.260498 0.980957
vt 0.235352 0.978027
vt 0.249756 0.971680
vt 0.235107 0.968262
vt 0.264404 0.974854
vt 0.269531 0.981201
vt 0.251709 0.958984
vt 0.237061 0.955566
vt 0.266602 0.964111
vt 0.278320 0.965332
vt 0.278809 0.949707
vt 0.254395 0.947266
vt 0.241699 0.942139
vt 0.269043 0.950684
vt 0.248779 0.936035
vt 0.268066 0.940430
vt 0.275391 0.935791
vt 0.262695 0.927979
vt 0.259277 0.937256
vt 0.248047 0.929199
vt 0.235107 0.937012
vt 0.835205 0.942871
vt 0.803467 0.916504
vt 0.823486 0.901367
vt 0.811523 0.877930
vt 0.838867 0.871094
vt 0.849854 0.929443
vt 0.847412 0.892334
vt 0.869385 0.940674
vt 0.872559 0.956055
vt 0.868408 0.917236
vt 0.864258 0.888184
vt 0.891357 0.931396
vt 0.913818 0.946289
vt 0.848633 0.854492
vt 0.865479 0.898438
vt 0.874756 0.894287
vt 0.887939 0.904297
vt 0.875732 0.884277
vt 0.862305 0.843262
vt 0.894531 0.888916
vt 0.915527 0.910400
vt 0.947510 0.917969
vt 0.945068 0.956055
vt 0.924805 0.890381
vt 0.954102 0.886719
vt 0.927979 0.865479
vt 0.894043 0.857666
vt 0.914307 0.832031
vt 0.876953 0.811035
vt 0.932617 0.802734
vt 0.053955 0.066650
vt 0.064209 0.064941
vt 0.064209 0.124268
vt 0.060059 0.004395
vt 0.348389 0.020264
vt 0.355225 0.037354
vt 0.349609 0.038086
vt 0.360107 0.049316
vt 0.358398 0.023438
vt 0.360107 0.002441
vt 0.448486 0.261475
vt 0.438721 0.242676
vt 0.454590 0.242676
vt 0.045410 0.451416
vt 0.061279 0.447510
vt 0.062988 0.479248
vt 0.105225 0.459229
vt 0.088867 0.422363
vt 0.128662 0.425293
vt 0.140137 0.473145
vt 0.154785 0.441650
vt 0.035645 0.485352
vt 0.047363 0.510010
vt 0.072754 0.511230
vt 0.051270 0.524414
vt 0.110352 0.511963
vt 0.079102 0.545654
vt 0.053711 0.542725
vt 0.002930 0.540771
vt 0.001221 0.553223
vt 0.112061 0.547852
vt 0.131104 0.548828
vt 0.137939 0.514648
vt 0.145508 0.549072
vt 0.161133 0.519775
vt 0.164307 0.551514
vt 0.163086 0.482178
vt 0.173096 0.455811
vt 0.184570 0.431885
vt 0.194580 0.455322
vt 0.217285 0.443604
vt 0.231445 0.480469
vt 0.196289 0.475830
vt 0.191406 0.518066
vt 0.233643 0.522217
vt 0.188477 0.553223
vt 0.246582 0.017090
vt 0.238037 0.005859
vt 0.246582 0.002441
vt 0.459961 0.354736
vt 0.471680 0.373047
vt 0.458008 0.373047
vt 0.364502 0.375244
vt 0.363037 0.362305
vt 0.379395 0.353516
vt 0.394531 0.360596
vt 0.345215 0.334473
vt 0.326172 0.366943
vt 0.332275 0.350830
vt 0.315186 0.324707
vt 0.350586 0.321045
vt 0.314697 0.316162
vt 0.291992 0.321289
vt 0.303955 0.344971
vt 0.297852 0.361084
vt 0.291748 0.330322
vt 0.271973 0.327637
vt 0.270020 0.337402
vt 0.283936 0.346924
vt 0.280518 0.361816
vt 0.269775 0.350830
vt 0.252686 0.340332
vt 0.254883 0.352783
vt 0.269775 0.362061
vt 0.257324 0.365234
vt 0.270508 0.375244
vt 0.283936 0.371826
vt 0.437744 0.551025
vt 0.422607 0.557373
vt 0.433350 0.543701
vt 0.445801 0.540771
vt 0.439941 0.534424
vt 0.419678 0.544922
vt 0.429688 0.533447
vt 0.417725 0.533447
vt 0.428223 0.526855
vt 0.418945 0.523438
vt 0.407471 0.531982
vt 0.407715 0.548340
vt 0.407227 0.519775
vt 0.392334 0.542236
vt 0.390625 0.555664
vt 0.377197 0.557373
vt 0.392822 0.527344
vt 0.373291 0.534668
vt 0.355957 0.542236
vt 0.359131 0.523438
vt 0.377686 0.518066
vt 0.366943 0.504395
vt 0.386230 0.508789
vt 0.398438 0.512695
vt 0.411865 0.511230
vt 0.402100 0.502686
vt 0.423340 0.514648
vt 0.190918 0.403809
vt 0.190918 0.426270
vt 0.181152 0.419434
vt 0.171143 0.428711
vt 0.174805 0.410645
vt 0.449951 0.428711
vt 0.449951 0.410645
vt 0.458740 0.420410
vt 0.450684 0.260986
vt 0.458740 0.249268
vt 0.458740 0.268066
vt 0.006104 0.287598
vt 0.018311 0.282471
vt 0.020508 0.301758
vt 0.001709 0.294678
vt 0.029541 0.300781
vt 0.032959 0.315918
vt 0.039795 0.310547
vt 0.036133 0.279053
vt 0.042725 0.301270
vt 0.063965 0.289307
vt 0.059570 0.303467
vt 0.043701 0.315918
vt 0.053223 0.319092
vt 0.046387 0.333740
vt 0.061523 0.323730
vt 0.052246 0.339600
vt 0.075928 0.303955
vt 0.086182 0.295898
vt 0.069580 0.281982
vt 0.093018 0.287354
vt 0.112061 0.296631
vt 0.108887 0.308594
vt 0.082031 0.322021
vt 0.064453 0.344482
vt 0.058105 0.350342
vt 0.074951 0.358398
vt 0.083008 0.352783
vt 0.094238 0.371094
vt 0.099365 0.340332
vt 0.103271 0.366943
vt 0.118164 0.389648
vt 0.120850 0.325439
vt 0.123779 0.385254
vt 0.136719 0.401611
vt 0.122803 0.357666
vt 0.139160 0.310547
vt 0.150635 0.371826
vt 0.145508 0.339600
vt 0.147949 0.321289
vt 0.167969 0.326172
vt 0.158936 0.314453
vt 0.175293 0.316162
vt 0.156494 0.306885
vt 0.174805 0.298828
vt 0.178955 0.337402
vt 0.177246 0.394287
vt 0.176025 0.407227
vt 0.211182 0.383301
vt 0.207764 0.361084
vt 0.235840 0.355469
vt 0.211670 0.330811
vt 0.193848 0.320068
vt 0.210449 0.306885
vt 0.237061 0.316406
vt 0.270020 0.314209
vt 0.226318 0.294434
vt 0.259521 0.294189
vt 0.243896 0.279053
vt 0.951172 0.629639
vt 0.949463 0.620850
vt 0.964111 0.621582
vt 0.950439 0.612305
vt 0.964844 0.634033
vt 0.975342 0.632812
vt 0.974121 0.645264
vt 0.974609 0.622314
vt 0.962402 0.610596
vt 0.974854 0.611328
vt 0.960693 0.603760
vt 0.974121 0.602783
vt 0.946533 0.604248
vt 0.949707 0.598633
vt 0.986084 0.611328
vt 0.984619 0.598633
vt 0.983154 0.590820
vt 0.972656 0.595215
vt 0.958008 0.597656
vt 0.956299 0.586670
vt 0.945068 0.589600
vt 0.969238 0.584473
vt 0.983398 0.583008
vt 0.969238 0.573486
vt 0.956055 0.576416
vt 0.956299 0.563477
vt 0.984619 0.573486
vt 0.971436 0.561279
vt 0.986084 0.562012
vt 0.087402 0.282959
vt 0.086426 0.268799
vt 0.100830 0.268799
vt 0.334473 0.001709
vt 0.334473 0.030029
vt 0.326172 0.020508
vt 0.224121 0.121338
vt 0.233643 0.112549
vt 0.233643 0.128662
vt 0.427002 0.706787
vt 0.424316 0.714600
vt 0.379150 0.690918
vt 0.475342 0.741211
vt 0.376465 0.698730
vt 0.336182 0.679199
vt 0.415771 0.731445
vt 0.472168 0.746826
vt 0.368164 0.717773
vt 0.332275 0.688721
vt 0.299561 0.667969
vt 0.465332 0.764160
vt 0.323975 0.705322
vt 0.357178 0.735596
vt 0.408447 0.748535
vt 0.294678 0.679199
vt 0.287842 0.689697
vt 0.253418 0.657471
vt 0.244141 0.666992
vt 0.272217 0.705566
vt 0.238281 0.684570
vt 0.233887 0.697998
vt 0.267822 0.714600
vt 0.311279 0.724854
vt 0.306641 0.733887
vt 0.348877 0.745117
vt 0.346436 0.757568
vt 0.401123 0.767578
vt 0.395508 0.778320
vt 0.452637 0.796387
vt 0.459229 0.783691
vt 0.513428 0.820312
vt 0.406006 0.758789
vt 0.518555 0.804932
vt 0.576660 0.832275
vt 0.571289 0.847656
vt 0.527100 0.786377
vt 0.531738 0.772461
vt 0.590088 0.795654
vt 0.636963 0.876465
vt 0.584229 0.811035
vt 0.651123 0.822266
vt 0.646484 0.836182
vt 0.642090 0.856445
vt 0.689941 0.897705
vt 0.682129 0.916504
vt 0.698486 0.875000
vt 0.708252 0.856934
vt 0.730469 0.887207
vt 0.719238 0.911133
vt 0.749512 0.900391
vt 0.744385 0.870850
vt 0.758789 0.886475
vt 0.771729 0.869873
vt 0.074951 0.067139
vt 0.067627 0.077148
vt 0.067627 0.060547
vt 0.241699 0.352539
vt 0.247803 0.345459
vt 0.248779 0.364258
vt 0.241699 0.369141
vt 0.246338 0.385986
vt 0.273193 0.480225
vt 0.273193 0.459229
vt 0.280762 0.464844
vt 0.085693 0.143555
vt 0.073730 0.137695
vt 0.085693 0.127441
vt 0.506836 0.296875
vt 0.506836 0.258057
vt 0.531738 0.263672
vt 0.519287 0.217773
vt 0.529297 0.306641
vt 0.430176 0.100830
vt 0.415771 0.057617
vt 0.437256 0.057617
vt 0.094238 0.215576
vt 0.085205 0.222900
vt 0.085205 0.207031
vt 0.054688 0.270020
vt 0.060547 0.250488
vt 0.104980 0.263428
vt 0.000977 0.250488
vt 0.043213 0.034180
vt 0.032227 0.013672
vt 0.055664 0.018066
vt 0.053711 0.001221
vt 0.032715 0.001221
vt 0.231445 0.009766
vt 0.172852 0.012939
vt 0.174805 0.002686
vt 0.114502 0.002686
vt 0.183594 0.030029
vt 0.186523 0.015381
vt 0.239990 0.015625
vt 0.139160 0.015381
vt 0.002197 0.576660
vt 0.008545 0.554688
vt 0.019287 0.576172
vt 0.019287 0.553223
vt 0.062988 0.019287
vt 0.062988 0.001709
vt 0.068604 0.004395
vt 0.368652 0.343018
vt 0.356934 0.336914
vt 0.368652 0.315918
vt 0.361084 0.310059
vt 0.027832 0.276611
vt 0.020752 0.276611
vt 0.025391 0.263672
vt 0.033691 0.180176
vt 0.034668 0.163086
vt 0.040771 0.164062
vt 0.039551 0.149658
vt 0.033691 0.148682
vt 0.010742 0.434082
vt 0.003174 0.439453
vt 0.003174 0.419678
vt 0.449463 0.463135
vt 0.449463 0.445068
vt 0.460938 0.452148
vt 0.049072 0.277100
vt 0.060059 0.271973
vt 0.060059 0.285156
vt 0.474121 0.149414
vt 0.474854 0.160400
vt 0.463623 0.152832
vt 0.461426 0.164551
vt 0.475830 0.169922
vt 0.461426 0.173584
vt 0.474365 0.180176
vt 0.226807 0.383789
vt 0.226807 0.369385
vt 0.235840 0.377686
vt 0.234131 0.361084
vt 0.325439 0.673096
vt 0.318115 0.658936
vt 0.332520 0.662598
vt 0.336182 0.672119
vt 0.338623 0.655273
vt 0.333496 0.653320
vt 0.338623 0.637695
vt 0.319580 0.645508
vt 0.311035 0.657959
vt 0.313721 0.641602
vt 0.334961 0.639893
vt 0.325684 0.632568
vt 0.337158 0.627686
vt 0.373047 0.069092
vt 0.359863 0.070068
vt 0.362061 0.055908
vt 0.354980 0.058838
vt 0.352783 0.070801
vt 0.352783 0.045410
vt 0.053711 0.477051
vt 0.025635 0.479248
vt 0.043945 0.468262
vt 0.039795 0.462402
vt 0.005615 0.501709
vt 0.005615 0.478027
vt 0.022461 0.465088
vt 0.025146 0.448975
vt 0.009521 0.444824
vt 0.008057 0.465820
vt 0.013916 0.427734
vt 0.031494 0.433838
vt 0.040039 0.453125
vt 0.031494 0.405029
vt 0.043457 0.437256
vt 0.041260 0.416504
vt 0.049805 0.422119
vt 0.940430 0.037842
vt 0.968750 0.034912
vt 0.964111 0.062988
vt 0.956787 0.007080
vt 0.972900 0.010010
vt 0.984619 0.019531
vt 0.999023 0.001221
vt 0.987549 0.037109
vt 0.984375 0.048340
vt 0.976807 0.058105
vt 0.992188 0.054443
vt 0.983398 0.071533
vt 0.999023 0.079346
vt 0.971680 0.076172
vt 0.237549 0.518799
vt 0.237549 0.500732
vt 0.242188 0.504883
vt 0.398682 0.381592
vt 0.389160 0.372070
vt 0.398682 0.368896
vt 0.395752 0.361328
vt 0.599854 0.252930
vt 0.599365 0.230469
vt 0.624268 0.234375
vt 0.621094 0.212402
vt 0.634521 0.226318
vt 0.632812 0.202637
vt 0.607178 0.191162
vt 0.634521 0.171631
vt 0.362793 0.201416
vt 0.362793 0.170654
vt 0.373047 0.174072
vt 0.364014 0.156982
vt 0.345215 0.027832
vt 0.337646 0.016846
vt 0.345215 0.013672
vt 0.341064 0.001465
vt 0.440430 0.512695
vt 0.450195 0.512695
vt 0.443848 0.533691
vt 0.233398 0.574463
vt 0.227295 0.573242
vt 0.229736 0.558105
vt 0.235840 0.558838
vt 0.221191 0.572754
vt 0.223389 0.559570
vt 0.221191 0.544922
vt 0.233887 0.542480
vt 0.227539 0.543701
vt 0.222900 0.531982
vt 0.042969 0.240967
vt 0.049316 0.232666
vt 0.049316 0.246582
vt 0.051514 0.377197
vt 0.029297 0.377197
vt 0.040283 0.324707
vt 0.066406 0.136963
vt 0.060059 0.137207
vt 0.060059 0.120117
vt 0.047119 0.094238
vt 0.042969 0.081787
vt 0.047119 0.077881
vt 0.490967 0.173584
vt 0.479736 0.173584
vt 0.488037 0.168945
vt 0.481934 0.155518
vt 0.289307 0.156494
vt 0.279541 0.156494
vt 0.282227 0.144043
vt 0.300049 0.629150
vt 0.289307 0.632324
vt 0.289062 0.621582
vt 0.278564 0.629395
vt 0.289795 0.640381
vt 0.284180 0.644043
vt 0.300049 0.652344
vt 0.295166 0.657959
vt 0.281738 0.652588
vt 0.300049 0.664551
vt 0.019287 0.270996
vt 0.009277 0.274414
vt 0.011963 0.263672
vt 0.019287 0.259521
vt 0.773926 0.849121
vt 0.780762 0.830078
vt 0.783203 0.849609
vt 0.775879 0.863037
vt 0.790039 0.830566
vt 0.785645 0.862061
vt 0.774658 0.873535
vt 0.795166 0.855713
vt 0.793213 0.804932
vt 0.797607 0.831787
vt 0.808105 0.853760
vt 0.806885 0.874512
vt 0.790283 0.872803
vt 0.803467 0.885498
vt 0.790039 0.884277
vt 0.773926 0.882324
vt 0.788086 0.891846
vt 0.306152 0.193359
vt 0.317383 0.189209
vt 0.317383 0.201416
vt 0.300049 0.203613
vt 0.291016 0.197754
vt 0.300049 0.191162
vt 0.304443 0.070801
vt 0.295654 0.070801
vt 0.298096 0.057373
vt 0.041992 0.238037
vt 0.041992 0.222168
vt 0.049316 0.226807
vt 0.360107 0.507324
vt 0.359863 0.514404
vt 0.345947 0.509766
vt 0.346436 0.500732
vt 0.359619 0.499023
vt 0.345947 0.490723
vt 0.080078 0.019287
vt 0.080078 0.002930
vt 0.086426 0.015869
vt 0.087891 0.002441
vt 0.511475 0.210205
vt 0.503906 0.192139
vt 0.512451 0.192139
vt 0.895508 0.121826
vt 0.896240 0.105957
vt 0.906982 0.119873
vt 0.916992 0.114258
vt 0.906738 0.099365
vt 0.923340 0.110107
vt 0.928711 0.126953
vt 0.937256 0.121582
vt 0.894287 0.090332
vt 0.883545 0.098145
vt 0.878174 0.090576
vt 0.884277 0.079102
vt 0.872803 0.082275
vt 0.908203 0.080322
vt 0.886719 0.064697
vt 0.921143 0.095703
vt 0.939697 0.107178
vt 0.956055 0.117432
vt 0.952393 0.132812
vt 0.956055 0.093018
vt 0.938965 0.086914
vt 0.956055 0.060547
vt 0.935059 0.065186
vt 0.927002 0.076172
vt 0.918457 0.069092
vt 0.924805 0.044922
vt 0.908447 0.057129
vt 0.899170 0.040283
vt 0.906738 0.027588
vt 0.939697 0.026367
vt 0.915527 0.001953
vt 0.888916 0.012451
vt 0.885010 0.035400
vt 0.871582 0.019287
vt 0.872070 0.032227
vt 0.874512 0.053223
vt 0.872070 0.065674
vt 0.865479 0.060303
vt 0.866211 0.075195
vt 0.051514 0.242188
vt 0.051514 0.227051
vt 0.060059 0.237305
vt 0.077148 0.383789
vt 0.067139 0.372559
vt 0.077148 0.367920
vt 0.068848 0.358154
vt 0.214355 0.042969
vt 0.204590 0.034668
vt 0.214355 0.027588
vt 0.829834 0.533447
vt 0.871826 0.572998
vt 0.829834 0.596436
vt 0.889893 0.622070
vt 0.849365 0.638428
vt 0.900635 0.666504
vt 0.866455 0.670898
vt 0.921875 0.637939
vt 0.923828 0.606445
vt 0.944580 0.629639
vt 0.909668 0.582520
vt 0.930420 0.582275
vt 0.915771 0.554688
vt 0.889893 0.542969
vt 0.861572 0.521484
vt 0.903076 0.511963
vt 0.923828 0.520752
vt 0.947510 0.525879
vt 0.810303 0.336670
vt 0.770020 0.293945
vt 0.807861 0.275146
vt 0.768066 0.228516
vt 0.728027 0.275635
vt 0.803955 0.221191
vt 0.781006 0.161133
vt 0.810303 0.160400
vt 0.749756 0.171387
vt 0.731201 0.230469
vt 0.696533 0.255859
vt 0.720459 0.186279
vt 0.698730 0.229004
vt 0.029297 0.184326
vt 0.022949 0.175049
vt 0.030029 0.165527
vt 0.020020 0.161133
vt 0.030029 0.143555
vt 0.904785 0.175293
vt 0.898682 0.183594
vt 0.895020 0.173096
vt 0.889648 0.179688
vt 0.882568 0.166748
vt 0.866211 0.173340
vt 0.887695 0.196533
vt 0.896729 0.202637
vt 0.882080 0.217041
vt 0.894287 0.225342
vt 0.863281 0.198730
vt 0.837402 0.187988
vt 0.851074 0.162598
vt 0.833496 0.209961
vt 0.882568 0.243896
vt 0.861328 0.217529
vt 0.890869 0.254639
vt 0.865234 0.248535
vt 0.835938 0.253418
vt 0.808105 0.220703
vt 0.817871 0.258057
vt 0.831787 0.279053
vt 0.842773 0.273682
vt 0.853271 0.301514
vt 0.866699 0.265137
vt 0.869873 0.290527
vt 0.869141 0.323975
vt 0.851562 0.325928
vt 0.889648 0.323486
vt 0.888672 0.281006
vt 0.904785 0.319092
vt 0.895264 0.278076
vt 0.349365 0.396484
vt 0.342773 0.389893
vt 0.349365 0.376221
vt 0.260498 0.480225
vt 0.266113 0.456787
vt 0.270020 0.480225
vt 0.564453 0.634521
vt 0.561523 0.608398
vt 0.576660 0.622314
vt 0.585205 0.585449
vt 0.561523 0.573975
vt 0.572510 0.420166
vt 0.555664 0.420166
vt 0.556152 0.402832
vt 0.214600 0.617432
vt 0.187012 0.606689
vt 0.213867 0.602295
vt 0.192871 0.587646
vt 0.213379 0.585693
vt 0.220703 0.594238
vt 0.186523 0.570557
vt 0.212646 0.562256
vt 0.194824 0.547119
vt 0.217773 0.548828
vt 0.220703 0.527344
vt 0.618408 0.503418
vt 0.625977 0.525146
vt 0.605469 0.525146
vt 0.921143 0.643799
vt 0.943848 0.648193
vt 0.922363 0.656006
vt 0.945068 0.660400
vt 0.930664 0.677979
vt 0.952637 0.679932
vt 0.934570 0.714355
vt 0.956543 0.709229
vt 0.899170 0.723877
vt 0.979248 0.704834
vt 0.987549 0.726318
vt 0.971191 0.744141
vt 0.947510 0.765137
vt 0.990479 0.771729
vt 0.906982 0.771729
vt 0.862793 0.736816
vt 0.864746 0.707520
vt 0.898438 0.683594
vt 0.031982 0.276611
vt 0.031982 0.264160
vt 0.042969 0.273682
vt 0.328857 0.208496
vt 0.338623 0.191895
vt 0.338623 0.218750
vt 0.146240 0.432129
vt 0.146240 0.410400
vt 0.163330 0.416260
vt 0.165039 0.435303
vt 0.001953 0.248779
vt 0.005859 0.222656
vt 0.025391 0.239014
vt 0.030029 0.219482
vt 0.001953 0.203125
vt 0.543945 0.450195
vt 0.532959 0.430664
vt 0.553223 0.421387
vt 0.532959 0.386719
vt 0.566406 0.109375
vt 0.566406 0.086914
vt 0.576660 0.100342
vt 0.647461 0.994629
vt 0.588867 0.994629
vt 0.646729 0.979248
vt 0.579346 0.967773
vt 0.625732 0.953857
vt 0.572266 0.935303
vt 0.681885 0.921143
vt 0.694580 0.944824
vt 0.661377 0.902344
vt 0.607666 0.927246
vt 0.568604 0.903076
vt 0.605713 0.912354
vt 0.572754 0.889648
vt 0.646484 0.897461
vt 0.471680 0.010010
vt 0.462646 0.019287
vt 0.462646 0.001465
vt 0.045898 0.650391
vt 0.083496 0.650391
vt 0.070068 0.690430
vt 0.068359 0.137207
vt 0.068359 0.082520
vt 0.087891 0.123047
vt 0.327148 0.390137
vt 0.327148 0.370117
vt 0.343018 0.379395
vt 0.249512 0.014893
vt 0.261475 0.001221
vt 0.261475 0.027832
vt 0.986084 0.857422
vt 0.957520 0.850586
vt 0.980713 0.822754
vt 0.961426 0.816650
vt 0.930420 0.844482
vt 0.966064 0.777344
vt 0.939941 0.809814
vt 0.949219 0.772705
vt 0.930420 0.770508
vt 0.393799 0.567383
vt 0.413818 0.551270
vt 0.413818 0.574463
vt 0.433350 0.445557
vt 0.445801 0.415283
vt 0.445801 0.458740
vt 0.242188 0.488770
vt 0.242188 0.445557
vt 0.261475 0.465820
vt 0.429688 0.568115
vt 0.445801 0.545166
vt 0.445801 0.583008
vt 0.052490 0.445801
vt 0.052490 0.403564
vt 0.064209 0.414551
vt 0.321533 0.835205
vt 0.329102 0.871826
vt 0.304688 0.836426
vt 0.309814 0.877441
vt 0.338379 0.896484
vt 0.282715 0.846680
vt 0.245850 0.830078
vt 0.325195 0.903320
vt 0.347412 0.926025
vt 0.298584 0.899658
vt 0.312012 0.925293
vt 0.330078 0.947510
vt 0.290283 0.932617
vt 0.286133 0.914307
vt 0.255127 0.916504
vt 0.261719 0.896240
vt 0.288574 0.879150
vt 0.260986 0.867920
vt 0.227295 0.876221
vt 0.223877 0.903076
vt 0.225586 0.941650
vt 0.214844 0.947510
vt 0.647461 0.664551
vt 0.625977 0.637207
vt 0.647461 0.629639
vt 0.638916 0.610107
vt 0.250977 0.500977
vt 0.283691 0.482666
vt 0.269531 0.517822
vt 0.234619 0.535889
vt 0.293945 0.494385
vt 0.343018 0.487305
vt 0.316650 0.535889
vt 0.337158 0.500488
vt 0.353760 0.534668
vt 0.508789 0.371338
vt 0.527344 0.400146
vt 0.500977 0.387695
vt 0.494141 0.431396
vt 0.525879 0.450195
vt 0.494141 0.470215
vt 0.527344 0.486572
vt 0.274658 0.321533
vt 0.274658 0.292236
vt 0.293701 0.299805
s 1
usemtl tripo_mat_eb7dbfa1-2f65-4cea-a9f0-833991cc8ab3
f 143/1 313/2 142/3
f 142/3 313/2 416/4
f 416/4 313/2 590/5
f 313/2 143/1 469/6
f 313/2 469/6 590/5
f 469/6 143/1 504/7
f 504/7 143/1 17/8
f 590/5 469/6 636/9
f 636/9 469/6 504/7
f 504/7 17/8 447/10
f 447/10 17/8 817/11
f 447/10 817/11 417/12
f 417/12 817/11 841/13
f 417/12 841/13 312/14
f 312/14 841/13 840/15
f 312/14 840/15 200/16
f 200/16 840/15 845/17
f 200/16 845/17 212/18
f 212/18 845/17 839/19
f 200/16 212/18 429/20
f 212/18 839/19 838/21
f 429/20 212/18 489/22
f 429/20 489/22 599/23
f 599/23 489/22 668/24
f 668/24 489/22 554/25
f 668/24 554/25 684/26
f 489/22 212/18 311/27
f 489/22 311/27 554/25
f 311/27 212/18 838/21
f 554/25 311/27 518/28
f 518/28 311/27 291/29
f 291/29 311/27 838/21
f 291/29 838/21 809/30
f 291/29 809/30 185/31
f 185/31 809/30 16/32
f 185/31 16/32 95/33
f 143/34 142/35 782/36
f 143/34 782/36 17/37
f 157/38 777/39 142/35
f 142/35 777/39 782/36
f 782/36 777/39 899/40
f 17/37 782/36 853/41
f 17/37 853/41 817/42
f 853/41 782/36 890/43
f 890/43 782/36 899/40
f 879/44 900/45 853/41
f 900/45 879/44 938/46
f 938/46 879/44 999/47
f 999/47 879/44 890/43
f 890/43 899/40 998/48
f 890/43 998/48 999/47
f 998/48 899/40 966/49
f 998/48 966/49 997/50
f 999/47 998/48 1023/51
f 999/47 1023/51 1032/52
f 1032/52 1023/51 1050/53
f 504/54 447/55 616/56
f 504/54 616/56 636/57
f 636/57 616/56 717/58
f 616/56 447/55 538/59
f 538/59 447/55 417/60
f 538/59 417/60 446/61
f 446/61 417/60 312/62
f 446/61 312/62 429/63
f 429/63 312/62 200/64
f 538/59 446/61 613/65
f 599/66 613/65 429/63
f 669/67 616/56 538/59
f 669/67 538/59 613/65
f 704/68 717/58 616/56
f 704/68 616/56 669/67
f 717/58 704/68 739/69
f 613/65 599/66 693/70
f 613/65 693/70 669/67
f 704/68 669/67 729/71
f 704/68 729/71 739/69
f 669/67 693/70 713/72
f 669/67 713/72 729/71
f 693/70 599/66 691/73
f 713/72 693/70 726/74
f 726/74 693/70 691/73
f 729/71 713/72 741/75
f 741/75 713/72 726/74
f 753/76 739/69 729/71
f 753/76 729/71 741/75
f 739/69 753/76 756/77
f 756/77 753/76 758/78
f 758/78 753/76 752/79
f 752/79 753/76 741/75
f 758/78 752/79 750/80
f 750/80 752/79 746/81
f 752/79 741/75 744/82
f 752/79 744/82 746/81
f 744/82 741/75 726/74
f 746/81 744/82 735/83
f 744/82 726/74 727/84
f 744/82 727/84 735/83
f 727/84 726/74 691/73
f 735/83 727/84 715/85
f 735/83 715/85 724/86
f 727/84 691/73 688/87
f 727/84 688/87 715/85
f 688/87 691/73 599/66
f 688/87 599/66 679/88
f 715/85 688/87 678/89
f 724/86 715/85 697/90
f 697/90 715/85 678/89
f 697/90 678/89 635/91
f 817/92 853/93 900/94
f 817/92 900/94 841/95
f 841/95 900/94 840/96
f 840/96 900/94 924/97
f 924/97 900/94 938/98
f 840/96 924/97 845/99
f 924/97 938/98 1000/100
f 1000/100 938/98 999/101
f 845/99 924/97 956/102
f 956/102 924/97 1000/100
f 845/99 956/102 839/103
f 1000/100 999/101 1024/104
f 956/102 1000/100 1025/105
f 1024/104 999/101 1032/106
f 1024/104 1032/106 1043/107
f 1043/107 1032/106 1050/108
f 956/102 1025/105 1026/109
f 1026/109 1025/105 1057/110
f 956/102 1026/109 957/111
f 1026/109 1057/110 1045/112
f 1045/112 1057/110 1085/113
f 1045/112 1085/113 1093/114
f 957/111 1026/109 1018/115
f 1018/115 1026/109 1052/116
f 838/117 839/103 957/111
f 838/117 957/111 925/118
f 925/118 957/111 1018/115
f 838/117 925/118 852/119
f 838/117 852/119 809/120
f 809/120 852/119 764/121
f 809/120 764/121 16/122
f 852/119 925/118 967/123
f 967/123 925/118 1018/115
f 764/121 852/119 869/124
f 869/124 852/119 967/123
f 764/121 869/124 774/125
f 774/125 869/124 868/126
f 774/125 868/126 778/127
f 869/124 967/123 976/128
f 869/124 976/128 868/126
f 967/123 1018/115 1044/129
f 967/123 1044/129 976/128
f 1044/129 1018/115 1067/130
f 1067/130 1018/115 1052/116
f 1067/130 1052/116 1086/131
f 1067/130 1086/131 1074/132
f 1067/130 1074/132 1044/129
f 1074/132 1086/131 1093/114
f 976/128 1044/129 1065/133
f 1065/133 1044/129 1074/132
f 965/134 868/126 976/128
f 965/134 976/128 1065/133
f 849/135 778/127 868/126
f 849/135 868/126 965/134
f 778/127 849/135 776/136
f 776/136 849/135 836/137
f 776/136 836/137 773/138
f 849/135 965/134 923/139
f 849/135 923/139 836/137
f 773/138 836/137 831/140
f 831/140 836/137 923/139
f 773/138 831/140 763/141
f 763/141 831/140 7/142
f 831/140 923/139 922/143
f 831/140 922/143 829/144
f 1008/145 923/139 965/134
f 829/144 922/143 915/146
f 829/144 915/146 816/147
f 922/143 923/139 975/148
f 975/148 923/139 1008/145
f 915/146 922/143 974/149
f 974/149 922/143 975/148
f 816/147 915/146 905/150
f 816/147 905/150 827/151
f 905/150 915/146 973/152
f 973/152 915/146 974/149
f 974/149 975/148 1002/153
f 974/149 1002/153 1007/154
f 1002/153 975/148 1020/155
f 1020/155 975/148 1008/145
f 974/149 1007/154 995/156
f 974/149 995/156 973/152
f 1033/157 994/158 1020/155
f 1033/157 1020/155 1108/159
f 1020/155 1008/145 1095/160
f 1020/155 1095/160 1108/159
f 973/152 995/156 945/161
f 973/152 945/161 905/150
f 945/161 995/156 963/162
f 963/162 995/156 969/163
f 963/162 969/163 962/164
f 963/162 962/164 954/165
f 963/162 954/165 945/161
f 954/165 962/164 961/166
f 905/150 945/161 912/167
f 912/167 945/161 954/165
f 905/150 912/167 827/151
f 954/165 961/166 944/168
f 954/165 944/168 912/167
f 944/168 961/166 992/169
f 827/151 912/167 825/170
f 827/151 825/170 771/171
f 912/167 944/168 904/172
f 912/167 904/172 825/170
f 944/168 992/169 971/173
f 944/168 971/173 904/172
f 825/170 904/172 913/174
f 913/174 904/172 971/173
f 825/170 913/174 826/175
f 826/175 913/174 828/176
f 828/176 913/174 914/177
f 914/177 913/174 971/173
f 828/176 914/177 830/178
f 984/179 971/173 992/169
f 971/173 984/179 914/177
f 984/179 992/169 1015/180
f 830/178 914/177 931/181
f 931/181 914/177 984/179
f 830/178 931/181 798/182
f 798/182 931/181 866/183
f 866/183 931/181 1048/184
f 1088/185 1048/184 984/179
f 1048/184 1088/185 1102/186
f 866/183 1048/184 921/187
f 866/183 921/187 822/188
f 1048/184 1102/186 964/189
f 1048/184 964/189 921/187
f 921/187 964/189 946/190
f 921/187 946/190 908/191
f 908/191 946/190 918/192
f 908/191 918/192 850/193
f 964/189 1102/186 970/194
f 964/189 970/194 937/195
f 970/194 1102/186 1112/196
f 970/194 1112/196 939/197
f 970/194 939/197 892/198
f 939/197 1112/196 1107/199
f 815/200 939/197 856/201
f 856/201 939/197 1011/202
f 1011/202 939/197 1107/199
f 1113/203 1136/204 1107/199
f 1107/199 1136/204 1115/205
f 1107/199 1115/205 1011/202
f 1115/205 1136/204 1141/206
f 1011/202 1115/205 1054/207
f 1054/207 1115/205 1141/206
f 1011/202 1054/207 942/208
f 1054/207 1141/206 1068/209
f 942/208 1054/207 896/210
f 1054/207 1068/209 886/211
f 1054/207 886/211 896/210
f 839/212 956/213 957/214
f 291/215 185/216 310/217
f 291/215 310/217 518/218
f 310/217 185/216 114/219
f 114/219 185/216 95/220
f 114/219 95/220 764/221
f 764/221 95/220 16/222
f 114/219 764/221 774/223
f 310/217 114/219 131/224
f 131/224 114/219 774/223
f 415/225 518/218 310/217
f 415/225 310/217 131/224
f 684/226 554/227 518/218
f 684/226 518/218 657/228
f 657/228 518/218 415/225
f 684/226 657/228 703/229
f 703/229 657/228 667/230
f 667/230 657/228 415/225
f 667/230 415/225 379/231
f 379/231 415/225 131/224
f 667/230 379/231 571/232
f 103/233 131/224 774/223
f 131/224 103/233 379/231
f 103/233 774/223 778/234
f 571/232 379/231 266/235
f 266/235 379/231 103/233
f 571/232 266/235 488/236
f 103/233 778/234 84/237
f 103/233 84/237 266/235
f 84/237 778/234 776/238
f 488/236 266/235 354/239
f 266/235 84/237 183/240
f 266/235 183/240 354/239
f 183/240 84/237 70/241
f 183/240 70/241 156/242
f 156/242 70/241 60/243
f 183/240 156/242 289/244
f 183/240 289/244 354/239
f 289/244 156/242 288/245
f 354/239 289/244 375/246
f 354/239 375/246 443/247
f 375/246 289/244 308/248
f 144/249 236/250 174/251
f 174/251 236/250 290/252
f 144/249 174/251 51/253
f 144/249 51/253 72/254
f 72/254 51/253 18/255
f 174/251 290/252 104/256
f 104/256 290/252 249/257
f 51/253 174/251 8/258
f 8/258 174/251 104/256
f 8/258 104/256 798/259
f 798/259 104/256 50/260
f 8/258 798/259 866/261
f 8/258 866/261 822/262
f 8/258 822/262 51/253
f 789/263 18/255 51/253
f 789/263 51/253 822/262
f 18/255 789/263 784/264
f 784/264 789/263 850/265
f 850/265 789/263 908/266
f 908/266 789/263 822/262
f 908/266 822/262 921/267
f 144/268 72/269 470/270
f 470/270 72/269 505/271
f 505/271 72/269 18/272
f 144/268 470/270 380/273
f 144/268 380/273 236/274
f 236/274 380/273 290/275
f 505/271 18/272 448/276
f 448/276 18/272 784/277
f 448/276 784/277 800/278
f 448/276 800/278 430/279
f 430/279 800/278 790/280
f 448/276 430/279 614/281
f 430/279 790/280 357/282
f 614/281 430/279 600/283
f 614/281 600/283 694/284
f 614/281 694/284 695/285
f 357/282 790/280 19/286
f 357/282 19/286 186/287
f 186/287 19/286 87/288
f 615/289 648/290 695/285
f 648/290 615/289 505/271
f 615/289 695/285 670/291
f 505/271 615/289 470/270
f 615/289 670/291 468/292
f 615/289 468/292 470/270
f 470/270 468/292 380/273
f 468/292 670/291 517/293
f 380/273 468/292 290/275
f 290/275 468/292 517/293
f 290/275 517/293 249/294
f 505/295 448/296 614/297
f 505/295 614/297 648/298
f 648/298 614/297 695/299
f 784/300 850/301 800/302
f 800/303 880/304 790/305
f 790/305 880/304 851/306
f 851/306 880/304 918/307
f 790/305 851/306 783/308
f 790/305 783/308 19/309
f 19/309 783/308 87/310
f 87/310 783/308 71/311
f 783/308 851/306 878/312
f 878/312 851/306 918/307
f 71/311 783/308 788/313
f 788/313 783/308 878/312
f 71/311 788/313 86/314
f 86/314 788/313 799/315
f 86/314 799/315 85/316
f 788/313 878/312 867/317
f 867/317 878/312 918/307
f 788/313 867/317 799/315
f 867/317 918/307 907/318
f 799/315 867/317 804/319
f 804/319 867/317 907/318
f 800/320 850/321 880/322
f 880/322 850/321 918/323
f 430/324 357/325 490/326
f 430/324 490/326 600/327
f 490/326 357/325 250/328
f 250/328 357/325 186/329
f 600/327 490/326 573/330
f 573/330 490/326 250/328
f 250/328 186/329 71/331
f 71/331 186/329 87/332
f 250/328 71/331 86/333
f 250/328 86/333 267/334
f 250/328 267/334 573/330
f 267/334 86/333 85/335
f 267/334 85/335 309/336
f 267/334 309/336 612/337
f 267/334 612/337 573/330
f 612/337 309/336 626/338
f 612/337 626/338 689/339
f 573/330 612/337 698/340
f 680/341 600/327 573/330
f 680/341 573/330 698/340
f 600/327 680/341 694/342
f 694/342 680/341 698/340
f 694/342 698/340 705/343
f 707/344 590/5 636/9
f 707/344 636/9 717/345
f 707/344 717/345 742/346
f 742/346 717/345 739/347
f 742/346 739/347 756/348
f 742/346 756/348 754/349
f 742/346 754/349 732/350
f 742/346 732/350 707/344
f 707/344 732/350 658/351
f 590/352 707/353 658/354
f 590/352 658/354 416/355
f 142/356 416/355 157/357
f 157/357 416/355 392/358
f 392/358 416/355 658/354
f 157/357 392/358 184/359
f 392/358 658/354 598/360
f 184/359 392/358 378/361
f 184/359 378/361 211/362
f 378/361 392/358 598/360
f 598/360 658/354 732/363
f 598/360 732/363 719/364
f 719/364 732/363 754/365
f 378/361 598/360 537/366
f 378/361 537/366 356/367
f 598/360 719/364 666/368
f 598/360 666/368 537/366
f 666/368 719/364 721/369
f 721/369 719/364 743/370
f 666/368 721/369 687/371
f 721/369 743/370 734/372
f 687/371 721/369 683/373
f 683/373 721/369 734/372
f 683/373 734/372 634/374
f 634/374 734/372 736/375
f 634/374 736/375 701/376
f 611/377 537/366 666/368
f 536/378 611/377 683/373
f 537/366 611/377 467/379
f 467/379 611/377 536/378
f 537/366 467/379 356/367
f 467/379 536/378 337/380
f 467/379 337/380 356/367
f 853/381 890/382 879/383
f 446/384 429/385 613/386
f 1000/387 1024/388 1025/389
f 1025/389 1024/388 1051/390
f 1025/389 1051/390 1057/391
f 1057/391 1051/390 1066/392
f 1057/391 1066/392 1085/393
f 1085/393 1066/392 1075/394
f 1026/395 1045/396 1052/397
f 1052/397 1045/396 1086/398
f 1086/398 1045/396 1093/399
f 695/400 694/401 706/402
f 706/402 694/401 705/403
f 695/400 706/402 670/404
f 670/404 706/402 692/405
f 670/406 692/407 517/408
f 517/408 692/407 572/409
f 517/408 572/409 249/410
f 157/411 184/412 15/413
f 157/414 15/415 777/416
f 861/417 899/418 777/416
f 899/418 861/417 898/419
f 899/418 898/419 966/420
f 966/420 898/419 948/421
f 966/420 948/421 989/422
f 861/417 777/416 837/423
f 837/423 777/416 15/415
f 837/423 15/415 808/424
f 837/423 808/424 844/425
f 837/423 844/425 889/426
f 837/423 889/426 895/427
f 895/427 889/426 917/428
f 917/428 889/426 916/429
f 917/428 916/429 947/430
f 889/426 844/425 906/431
f 889/426 906/431 916/429
f 906/431 844/425 894/432
f 916/429 906/431 934/433
f 906/431 894/432 933/434
f 906/431 933/434 934/433
f 955/435 947/430 934/433
f 955/435 934/433 933/434
f 947/430 955/435 988/436
f 955/435 933/434 987/437
f 955/435 987/437 988/436
f 988/436 987/437 1021/438
f 184/439 211/440 15/415
f 378/441 356/442 211/440
f 211/440 356/442 337/443
f 15/415 211/440 59/444
f 15/415 59/444 808/424
f 211/440 337/443 141/445
f 211/440 141/445 59/444
f 141/445 337/443 353/446
f 353/446 337/443 536/447
f 353/446 536/447 634/448
f 634/448 536/447 683/449
f 353/446 634/448 332/450
f 781/451 808/424 59/444
f 808/424 781/451 865/452
f 32/453 59/444 141/445
f 59/444 32/453 781/451
f 127/454 141/445 353/446
f 127/454 353/446 332/450
f 141/445 127/454 32/453
f 127/454 332/450 140/455
f 140/455 332/450 261/456
f 127/454 140/455 31/457
f 127/454 31/457 32/453
f 32/453 31/457 797/458
f 32/453 797/458 781/451
f 781/451 797/458 835/459
f 781/451 835/459 865/452
f 835/459 797/458 824/460
f 824/460 797/458 770/461
f 835/459 824/460 888/462
f 835/459 888/462 865/452
f 865/452 888/462 920/463
f 1024/464 1043/465 1076/466
f 1076/466 1043/465 1050/467
f 1076/466 1050/467 1081/468
f 1076/469 1051/470 1024/104
f 1051/470 1076/469 1084/471
f 1051/470 1084/471 1066/472
f 1084/471 1076/469 1081/473
f 1066/472 1084/471 1083/474
f 1066/472 1083/474 1075/475
f 1075/475 1083/474 1073/476
f 1073/476 1083/474 1098/477
f 1098/477 1083/474 1081/473
f 1073/476 1098/477 1072/478
f 1098/477 1081/473 1111/479
f 1111/479 1081/473 1121/480
f 1072/478 1098/477 1097/481
f 1111/479 1121/480 1123/482
f 1111/479 1123/482 1098/477
f 1123/482 1121/480 1135/483
f 1097/481 1098/477 1110/484
f 1110/484 1098/477 1123/482
f 1082/485 1097/481 1093/114
f 1093/114 1097/481 1092/486
f 1092/486 1097/481 1110/484
f 1093/114 1092/486 1074/132
f 1110/484 1123/482 1134/487
f 1134/487 1123/482 1135/483
f 1092/486 1110/484 1106/488
f 1106/488 1110/484 1134/487
f 1074/132 1092/486 1091/489
f 1091/489 1092/486 1106/488
f 1074/132 1091/489 1105/490
f 1105/490 1091/489 1106/488
f 1074/132 1105/490 1065/133
f 1106/488 1134/487 1122/491
f 1106/488 1122/491 1105/490
f 1122/491 1134/487 1143/492
f 1143/492 1134/487 1135/483
f 1105/490 1122/491 1118/493
f 1105/490 1118/493 1065/133
f 1143/492 1135/483 1146/494
f 1146/494 1135/483 1120/495
f 1122/491 1143/492 1132/496
f 1122/491 1132/496 1118/493
f 1132/496 1143/492 1153/497
f 1153/497 1143/492 1146/494
f 1146/494 1120/495 1128/498
f 1069/499 1065/133 1118/493
f 1065/133 1069/499 965/134
f 965/134 1069/499 1008/145
f 1008/145 1069/499 1095/160
f 1069/499 1118/493 1126/500
f 1069/499 1126/500 1095/160
f 1126/500 1118/493 1132/496
f 1080/501 1096/502 1128/498
f 1128/498 1096/502 1145/503
f 1095/160 1126/500 1125/504
f 1095/160 1125/504 1108/159
f 1126/500 1132/496 1139/505
f 1126/500 1139/505 1125/504
f 1139/505 1132/496 1153/497
f 1108/159 1125/504 1131/506
f 1131/506 1125/504 1139/505
f 1108/159 1131/506 1062/507
f 1062/507 1131/506 1138/508
f 1131/506 1139/505 1155/509
f 1155/509 1139/505 1153/497
f 1138/508 1131/506 1163/510
f 1163/510 1131/506 1155/509
f 1155/509 1153/497 1166/511
f 1155/509 1166/511 1163/510
f 1138/508 1163/510 1149/512
f 1166/511 1153/497 1158/513
f 1158/513 1153/497 1146/494
f 1163/510 1166/511 1173/514
f 1158/513 1146/494 1156/515
f 1156/515 1146/494 1128/498
f 1166/511 1158/513 1167/516
f 1167/516 1158/513 1156/515
f 1156/515 1128/498 1145/503
f 1156/515 1145/503 1167/516
f 1166/511 1167/516 1173/514
f 1167/516 1145/503 1151/517
f 1151/517 1145/503 1104/518
f 1167/516 1151/517 1174/519
f 1167/516 1174/519 1173/514
f 1174/519 1151/517 1159/520
f 1174/519 1159/520 1182/521
f 1173/514 1174/519 1181/522
f 1181/522 1174/519 1182/521
f 1173/514 1181/522 1172/523
f 1173/514 1172/523 1163/510
f 1163/510 1172/523 1149/512
f 1172/523 1181/522 1197/524
f 1182/521 1159/520 1168/525
f 1181/522 1182/521 1193/526
f 1181/522 1193/526 1197/524
f 1149/512 1172/523 1179/527
f 1179/527 1172/523 1197/524
f 1149/512 1179/527 1147/528
f 1149/512 1147/528 1078/529
f 1147/528 1179/527 1184/530
f 1184/530 1179/527 1203/531
f 1203/531 1179/527 1197/524
f 1203/531 1197/524 1205/532
f 1205/532 1197/524 1202/533
f 1202/533 1197/524 1193/526
f 1205/532 1202/533 1201/534
f 1201/534 1202/533 1191/535
f 1202/533 1193/526 1194/536
f 1202/533 1194/536 1191/535
f 1194/536 1193/526 1182/521
f 1191/535 1194/536 1180/537
f 1194/536 1182/521 1183/538
f 1194/536 1183/538 1180/537
f 1180/537 1183/538 1170/539
f 1183/538 1182/521 1168/525
f 1183/538 1168/525 1170/539
f 1170/539 1168/525 1150/540
f 1150/540 1168/525 1144/541
f 1144/541 1168/525 1127/542
f 684/543 703/544 690/545
f 690/545 703/544 665/546
f 684/543 690/545 668/547
f 690/545 665/546 656/548
f 656/548 665/546 610/549
f 690/545 656/548 679/550
f 690/545 679/550 668/547
f 668/547 679/550 599/551
f 918/552 946/553 907/554
f 907/554 946/553 893/555
f 907/554 893/555 804/556
f 804/556 893/555 807/557
f 893/555 946/553 937/558
f 937/558 946/553 964/559
f 807/557 893/555 892/560
f 892/560 893/555 937/558
f 807/557 892/560 815/561
f 892/560 937/558 970/562
f 104/563 249/564 50/565
f 998/566 997/567 1010/568
f 998/569 1010/570 1023/571
f 1023/571 1010/570 1042/572
f 1023/571 1042/572 1050/573
f 1050/573 1042/572 1071/574
f 249/575 130/576 50/577
f 249/578 572/579 391/580
f 249/578 391/580 130/581
f 597/582 466/583 391/580
f 391/580 466/583 248/584
f 391/580 248/584 130/581
f 248/584 466/583 377/585
f 248/584 377/585 376/586
f 130/581 248/584 83/587
f 248/584 376/586 199/588
f 248/584 199/588 83/587
f 199/588 376/586 336/589
f 130/581 83/587 14/590
f 130/581 14/590 50/591
f 50/591 14/590 830/592
f 50/591 830/592 798/593
f 830/592 14/590 828/594
f 828/594 14/590 6/595
f 6/595 14/590 83/587
f 828/594 6/595 826/596
f 6/595 83/587 68/597
f 68/597 83/587 199/588
f 6/595 68/597 762/598
f 68/597 199/588 181/599
f 181/599 199/588 336/589
f 762/598 68/597 58/600
f 58/600 68/597 181/599
f 762/598 58/600 49/601
f 762/598 49/601 771/602
f 58/600 181/599 173/603
f 58/600 173/603 49/601
f 173/603 181/599 246/604
f 246/604 181/599 336/589
f 49/601 173/603 128/605
f 128/605 173/603 246/604
f 771/602 49/601 43/606
f 43/606 49/601 128/605
f 246/604 336/589 409/607
f 409/607 336/589 499/608
f 499/608 336/589 465/609
f 465/609 336/589 376/586
f 499/608 465/609 532/610
f 246/604 409/607 333/611
f 333/611 409/607 374/612
f 333/611 374/612 264/613
f 333/611 264/613 210/614
f 333/611 210/614 246/604
f 246/604 210/614 128/605
f 128/605 210/614 113/615
f 128/605 113/615 43/606
f 113/615 210/614 235/616
f 113/615 235/616 129/617
f 129/617 235/616 234/618
f 113/615 129/617 44/619
f 113/615 44/619 43/606
f 43/606 44/619 761/620
f 761/620 44/619 7/621
f 7/621 44/619 69/622
f 43/606 761/620 772/623
f 43/606 772/623 771/602
f 771/602 772/623 827/624
f 827/624 772/623 816/625
f 816/625 772/623 761/620
f 816/625 761/620 829/626
f 7/621 69/622 60/627
f 7/621 60/627 763/628
f 60/627 69/622 182/629
f 763/628 60/627 773/630
f 60/627 182/629 156/631
f 773/630 60/627 70/632
f 773/630 70/632 776/633
f 776/633 70/632 84/634
f 156/631 182/629 307/635
f 156/631 307/635 288/636
f 288/636 307/635 352/637
f 288/636 352/637 335/638
f 1085/639 1075/640 1082/641
f 1085/639 1082/641 1093/642
f 1082/641 1075/640 1073/643
f 1082/641 1073/643 1072/644
f 1084/645 1081/646 1083/647
f 997/648 966/649 996/650
f 996/650 966/649 989/651
f 997/652 1009/653 1010/654
f 1010/654 1009/653 1022/655
f 1010/654 1022/655 1039/656
f 1022/655 1009/653 1031/657
f 1039/656 1022/655 1041/658
f 1041/658 1022/655 1031/657
f 1041/658 1031/657 1049/659
f 997/660 996/661 1009/662
f 1050/663 1071/664 1081/665
f 1082/666 1072/667 1097/668
f 698/669 612/670 689/671
f 698/669 689/671 705/672
f 705/672 689/671 710/673
f 705/672 710/673 723/674
f 723/674 710/673 716/675
f 723/674 716/675 722/676
f 710/673 689/671 647/677
f 716/675 710/673 645/678
f 645/678 710/673 647/677
f 716/675 645/678 677/679
f 647/677 689/671 626/680
f 677/679 645/678 548/681
f 548/681 645/678 589/682
f 589/682 645/678 647/677
f 548/681 589/682 463/683
f 548/681 463/683 406/684
f 589/682 647/677 503/685
f 503/685 647/677 626/680
f 503/685 626/680 355/686
f 355/686 626/680 309/687
f 503/685 355/686 247/688
f 589/682 503/685 444/689
f 444/689 503/685 247/688
f 589/682 444/689 463/683
f 444/689 247/688 331/690
f 444/689 331/690 463/683
f 331/690 247/688 155/691
f 303/692 406/684 463/683
f 303/692 463/683 331/690
f 406/684 303/692 359/693
f 331/690 155/691 195/694
f 331/690 195/694 303/692
f 195/694 155/691 88/695
f 195/694 88/695 160/696
f 195/694 160/696 303/692
f 160/696 88/695 76/697
f 160/696 76/697 162/698
f 303/692 160/696 271/699
f 271/699 160/696 162/698
f 303/692 271/699 359/693
f 271/699 162/698 256/700
f 271/699 256/700 359/693
f 359/693 256/700 340/701
f 861/702 895/703 898/704
f 895/703 861/702 837/705
f 898/704 895/703 917/706
f 898/704 917/706 948/707
f 948/707 917/706 947/708
f 948/707 947/708 989/709
f 989/709 947/708 988/710
f 989/709 988/710 1021/711
f 989/709 1021/711 1017/712
f 989/709 1017/712 996/713
f 996/713 1017/712 1031/714
f 1031/714 1017/712 1049/715
f 1017/712 1021/711 1056/716
f 1017/712 1056/716 1049/715
f 1056/716 1021/711 1064/717
f 1064/717 1021/711 1030/718
f 1030/718 1021/711 987/719
f 1056/716 1064/717 1119/720
f 1030/718 987/719 986/721
f 986/721 987/719 933/722
f 1159/723 1151/724 1119/720
f 1119/720 1151/724 1104/725
f 1119/720 1104/725 1056/716
f 1056/716 1104/725 1049/715
f 1049/715 1104/725 1096/726
f 1096/726 1104/725 1145/727
f 1049/715 1096/726 1041/728
f 1041/728 1096/726 1080/729
f 1041/728 1080/729 1039/730
f 1010/731 1039/730 1042/732
f 1042/732 1039/730 1070/733
f 1070/733 1039/730 1080/729
f 1042/732 1070/733 1071/734
f 1070/733 1080/729 1120/735
f 1070/733 1120/735 1071/734
f 1120/735 1080/729 1128/736
f 1071/734 1120/735 1121/737
f 1071/734 1121/737 1081/738
f 692/739 706/740 723/741
f 692/739 723/741 711/742
f 692/739 711/742 572/743
f 706/744 705/745 723/746
f 799/747 804/748 85/749
f 85/749 804/748 82/750
f 85/749 82/750 309/751
f 309/751 82/750 355/752
f 355/752 82/750 247/753
f 82/750 804/748 48/754
f 82/750 48/754 247/753
f 48/754 804/748 807/755
f 247/753 48/754 155/756
f 48/754 807/755 30/757
f 48/754 30/757 155/756
f 30/757 807/755 815/758
f 155/756 30/757 88/759
f 30/757 815/758 759/760
f 30/757 759/760 88/759
f 759/760 815/758 856/761
f 88/759 759/760 76/762
f 759/760 856/761 769/763
f 759/760 769/763 76/762
f 1009/764 996/765 1031/766
f 667/767 571/768 646/769
f 667/767 646/769 703/770
f 703/770 646/769 665/771
f 646/769 571/768 552/772
f 552/772 571/768 488/773
f 665/771 646/769 586/774
f 586/774 646/769 552/772
f 665/771 586/774 610/775
f 552/772 488/773 484/776
f 552/772 484/776 586/774
f 354/777 443/778 488/773
f 488/773 443/778 484/776
f 375/779 306/780 443/778
f 443/778 306/780 304/781
f 443/778 304/781 484/776
f 586/774 484/776 516/782
f 586/774 516/782 610/775
f 484/776 304/781 373/783
f 484/776 373/783 516/782
f 373/783 304/781 171/784
f 516/782 373/783 441/785
f 610/775 516/782 549/786
f 549/786 516/782 441/785
f 610/775 549/786 635/787
f 610/775 635/787 656/788
f 656/788 635/787 678/789
f 635/787 549/786 624/790
f 635/787 624/790 697/791
f 624/790 549/786 546/792
f 546/792 549/786 441/785
f 624/790 546/792 632/793
f 697/791 624/790 682/794
f 682/794 624/790 632/793
f 682/794 632/793 686/795
f 697/791 682/794 724/796
f 682/794 686/795 712/797
f 682/794 712/797 724/796
f 712/797 686/795 714/798
f 714/798 686/795 696/799
f 724/796 712/797 725/800
f 725/800 712/797 714/798
f 714/798 696/799 718/801
f 718/801 696/799 681/802
f 714/798 718/801 731/803
f 714/798 731/803 725/800
f 731/803 718/801 730/804
f 731/803 730/804 740/805
f 725/800 731/803 737/806
f 725/800 737/806 724/796
f 737/806 731/803 740/805
f 724/796 737/806 735/807
f 735/807 737/806 746/808
f 737/806 740/805 745/809
f 745/809 740/805 748/810
f 746/808 737/806 750/811
f 750/811 737/806 745/809
f 750/811 745/809 748/810
f 750/811 748/810 755/812
f 750/811 755/812 758/813
f 572/814 711/815 597/816
f 572/814 597/816 391/817
f 597/816 711/815 709/818
f 597/816 709/818 596/819
f 1121/820 1120/821 1135/822
f 916/823 934/824 947/825
f 756/826 758/827 757/828
f 756/826 757/828 754/829
f 757/828 758/827 755/830
f 754/829 757/828 751/831
f 754/829 751/831 743/832
f 743/832 751/831 734/833
f 734/833 751/831 736/834
f 751/831 757/828 749/835
f 751/831 749/835 736/834
f 749/835 757/828 755/830
f 736/834 749/835 733/836
f 749/835 755/830 747/837
f 749/835 747/837 733/836
f 747/837 755/830 748/838
f 747/837 748/838 740/839
f 733/836 747/837 728/840
f 733/836 728/840 700/841
f 733/836 700/841 701/842
f 728/840 747/837 738/843
f 738/843 747/837 740/839
f 728/840 738/843 720/844
f 738/843 740/839 730/845
f 738/843 730/845 720/844
f 679/846 656/847 678/848
f 679/849 678/850 688/851
f 831/852 829/853 7/854
f 711/855 723/856 722/857
f 711/855 722/857 709/858
f 709/858 722/857 702/859
f 702/859 722/857 716/860
f 709/858 702/859 596/861
f 702/859 716/860 677/862
f 596/861 702/859 570/863
f 702/859 677/862 664/864
f 702/859 664/864 570/863
f 664/864 677/862 584/865
f 584/865 677/862 548/866
f 584/865 548/866 439/867
f 439/867 548/866 406/868
f 664/864 584/865 567/869
f 567/869 584/865 439/867
f 570/863 664/864 515/870
f 515/870 664/864 567/869
f 567/869 439/867 483/871
f 439/867 406/868 382/872
f 382/872 406/868 359/873
f 483/871 439/867 389/874
f 389/874 439/867 382/872
f 567/869 483/871 407/875
f 567/869 407/875 515/870
f 407/875 483/871 389/874
f 382/872 359/873 318/876
f 318/876 359/873 340/877
f 318/876 340/877 274/878
f 389/874 382/872 315/879
f 315/879 382/872 318/876
f 389/874 315/879 407/875
f 318/876 274/878 254/880
f 315/879 318/876 252/881
f 315/879 252/881 407/875
f 252/881 318/876 254/880
f 407/875 252/881 269/882
f 252/881 254/880 189/883
f 252/881 189/883 269/882
f 189/883 254/880 175/884
f 175/884 254/880 176/885
f 189/883 175/884 161/886
f 161/886 175/884 165/887
f 189/883 161/886 188/888
f 189/883 188/888 269/882
f 269/882 188/888 230/889
f 351/890 407/875 269/882
f 351/890 269/882 230/889
f 407/875 351/890 515/870
f 351/890 230/889 283/891
f 515/870 351/890 464/892
f 464/892 351/890 283/891
f 515/870 464/892 570/863
f 464/892 283/891 411/893
f 411/893 283/891 410/894
f 570/863 464/892 502/895
f 502/895 464/892 411/893
f 570/863 502/895 596/861
f 596/861 502/895 597/896
f 502/895 411/893 413/897
f 413/897 411/893 410/894
f 413/897 410/894 412/898
f 413/897 412/898 377/899
f 413/897 377/899 466/900
f 377/899 412/898 390/901
f 377/899 390/901 376/902
f 844/903 808/904 865/905
f 844/903 865/905 894/906
f 894/906 865/905 920/907
f 894/906 920/907 932/908
f 894/906 932/908 933/722
f 933/722 932/908 986/721
f 932/908 920/907 985/909
f 932/908 985/909 986/721
f 985/909 920/907 930/910
f 986/721 985/909 1038/911
f 719/912 754/913 743/914
f 7/915 829/916 761/917
f 69/918 44/919 129/920
f 69/918 129/920 182/921
f 182/921 129/920 234/922
f 182/921 234/922 307/923
f 307/923 234/922 352/924
f 352/924 234/922 286/925
f 1119/926 1127/927 1159/928
f 1119/929 1064/930 1127/931
f 1127/931 1064/930 1090/932
f 1127/931 1090/932 1144/933
f 1090/932 1064/930 1030/934
f 1144/933 1090/932 1109/935
f 1090/932 1030/934 1038/936
f 1090/932 1038/936 1109/935
f 1038/936 1030/934 986/937
f 1109/935 1038/936 1063/938
f 1109/935 1063/938 1133/939
f 1133/939 1063/938 1089/940
f 1063/938 1038/936 1016/941
f 1016/941 1038/936 985/942
f 1089/940 1063/938 1037/943
f 1037/943 1063/938 1016/941
f 1089/940 1037/943 1103/944
f 1103/944 1037/943 1036/945
f 1036/945 1037/943 1016/941
f 1016/941 985/942 930/946
f 1036/945 1016/941 972/947
f 972/947 1016/941 930/946
f 1036/945 972/947 1034/948
f 1034/948 972/947 929/949
f 929/949 972/947 930/946
f 929/949 930/946 877/950
f 929/949 877/950 864/951
f 864/951 877/950 803/952
f 1127/953 1168/954 1159/955
f 6/956 762/957 826/958
f 597/959 502/960 466/961
f 466/961 502/960 413/962
f 1144/963 1109/964 1150/965
f 1150/965 1109/964 1133/966
f 1150/965 1133/966 1142/967
f 1142/967 1133/966 1089/968
f 1142/967 1089/968 1103/969
f 1150/965 1142/967 1170/970
f 1170/970 1142/967 1180/971
f 762/972 771/973 826/974
f 666/975 687/976 611/977
f 826/978 771/979 825/980
f 376/981 390/982 414/983
f 376/981 414/983 465/984
f 931/985 984/986 1048/987
f 920/988 888/989 930/990
f 1142/991 1152/992 1180/993
f 1142/994 1103/995 1152/996
f 289/997 288/998 308/999
f 390/1000 445/1001 414/1002
f 414/1002 445/1001 486/1003
f 414/1002 486/1003 465/609
f 465/609 486/1003 532/610
f 532/610 486/1003 534/1004
f 532/610 534/1004 568/1005
f 568/1005 534/1004 587/1006
f 568/1005 587/1006 609/1007
f 587/1006 534/1004 553/1008
f 587/1006 553/1008 588/1009
f 534/1004 486/1003 501/1010
f 534/1004 501/1010 553/1008
f 501/1010 486/1003 445/1001
f 553/1008 501/1010 535/1011
f 535/1011 501/1010 487/1012
f 487/1012 501/1010 445/1001
f 487/1012 445/1001 428/1013
f 390/1014 428/1015 445/1016
f 428/1015 390/1014 427/1017
f 427/1017 390/1014 412/1018
f 428/1015 427/1017 487/1019
f 487/1019 427/1017 485/1020
f 410/1021 442/1022 427/1017
f 427/1017 442/1022 485/1020
f 487/1019 485/1020 535/1023
f 485/1020 442/1022 500/1024
f 535/1023 485/1020 533/1025
f 533/1025 485/1020 500/1024
f 408/1026 513/1027 500/1024
f 500/1024 513/1027 583/1028
f 533/1025 500/1024 550/1029
f 550/1029 500/1024 583/1028
f 535/1023 533/1025 569/1030
f 533/1025 550/1029 551/1031
f 533/1025 551/1031 569/1030
f 550/1029 583/1028 585/1032
f 550/1029 585/1032 551/1031
f 585/1032 583/1028 608/1033
f 551/1031 585/1032 594/1034
f 551/1031 594/1034 569/1030
f 594/1034 585/1032 608/1033
f 608/1033 583/1028 621/1035
f 588/1036 535/1023 569/1030
f 588/1036 569/1030 594/1034
f 535/1023 588/1036 553/1037
f 594/1034 608/1033 633/1038
f 594/1034 633/1038 625/1039
f 594/1034 625/1039 595/1040
f 594/1034 595/1040 588/1036
f 588/1036 595/1040 587/1041
f 587/1041 595/1040 609/1042
f 631/1043 608/1033 621/1035
f 631/1043 621/1035 641/1044
f 608/1033 631/1043 643/1045
f 643/1045 631/1043 655/1046
f 655/1046 631/1043 652/1047
f 655/1046 652/1047 662/1048
f 655/1046 662/1048 663/1049
f 663/1049 662/1048 675/1050
f 663/1049 675/1050 676/1051
f 611/1052 687/1053 683/1054
f 1152/1055 1103/1056 1117/1057
f 1117/1057 1103/1056 1036/1058
f 1117/1057 1036/1058 1034/1059
f 1152/1055 1117/1057 1164/1060
f 1152/1055 1164/1060 1180/1061
f 1180/1061 1164/1060 1191/1062
f 1117/1057 1034/1059 1130/1063
f 1117/1057 1130/1063 1164/1060
f 1130/1063 1034/1059 1029/1064
f 1130/1063 1029/1064 1079/1065
f 1130/1063 1079/1065 1165/1066
f 1130/1063 1165/1066 1164/1060
f 1164/1060 1165/1066 1191/1062
f 1191/1062 1165/1066 1201/1067
f 1201/1067 1165/1066 1177/1068
f 888/1069 824/1070 877/1071
f 888/1072 877/1073 930/1074
f 308/1075 288/1076 335/1077
f 308/1078 335/1079 287/1080
f 308/1078 287/1080 306/1081
f 308/1078 306/1081 375/1082
f 287/1080 335/1079 305/1083
f 306/1081 287/1080 209/1084
f 209/1084 287/1080 305/1083
f 305/1083 335/1079 334/1085
f 334/1085 335/1079 352/1086
f 334/1085 352/1086 286/1087
f 306/1081 209/1084 172/1088
f 306/1081 172/1088 304/1089
f 304/1089 172/1088 171/1090
f 334/1085 286/1087 285/1091
f 285/1091 286/1087 265/1092
f 334/1085 285/1091 233/1093
f 334/1085 233/1093 305/1083
f 285/1091 265/1092 263/1094
f 263/1094 265/1092 264/1095
f 171/1090 172/1088 89/1096
f 171/1090 89/1096 73/1097
f 73/1097 89/1096 52/1098
f 73/1097 52/1098 53/1099
f 52/1098 89/1096 96/1100
f 89/1096 172/1088 139/1101
f 89/1096 139/1101 96/1100
f 139/1101 172/1088 209/1084
f 96/1100 139/1101 115/1102
f 198/1103 209/1084 305/1083
f 209/1084 198/1103 139/1101
f 198/1103 305/1083 233/1093
f 115/1102 139/1101 169/1104
f 169/1104 139/1101 198/1103
f 115/1102 169/1104 158/1105
f 169/1104 198/1103 207/1106
f 169/1104 207/1106 158/1105
f 207/1106 198/1103 233/1093
f 158/1105 207/1106 194/1107
f 207/1106 233/1093 232/1108
f 207/1106 232/1108 194/1107
f 194/1107 232/1108 196/1109
f 232/1108 233/1093 262/1110
f 232/1108 262/1110 281/1111
f 262/1110 233/1093 285/1091
f 262/1110 285/1091 263/1094
f 262/1110 263/1094 244/1112
f 194/1107 196/1109 106/1113
f 244/1112 263/1094 245/1114
f 244/1112 245/1114 208/1115
f 197/1116 281/1111 208/1115
f 245/1114 263/1094 284/1117
f 284/1117 263/1094 264/1095
f 208/1115 245/1114 330/1118
f 330/1118 245/1114 284/1117
f 284/1117 264/1095 374/1119
f 284/1117 374/1119 330/1118
f 197/1116 208/1115 282/1120
f 282/1120 208/1115 330/1118
f 330/1118 374/1119 388/1121
f 330/1118 388/1121 282/1120
f 388/1121 374/1119 440/1122
f 440/1122 374/1119 409/1123
f 282/1120 388/1121 270/1124
f 197/1116 282/1120 213/1125
f 213/1125 282/1120 270/1124
f 270/1124 388/1121 418/1126
f 418/1126 388/1121 440/1122
f 440/1122 409/1123 514/1127
f 514/1127 409/1123 499/1128
f 514/1127 499/1128 532/1129
f 514/1127 532/1129 531/1130
f 514/1127 531/1130 512/1131
f 514/1127 512/1131 482/1132
f 514/1127 482/1132 440/1122
f 440/1122 482/1132 438/1133
f 440/1122 438/1133 418/1126
f 438/1133 482/1132 462/1134
f 438/1133 462/1134 394/1135
f 438/1133 394/1135 418/1126
f 418/1126 394/1135 339/1136
f 418/1126 339/1136 270/1124
f 339/1136 394/1135 362/1137
f 270/1124 339/1136 216/1138
f 339/1136 362/1137 343/1139
f 339/1136 343/1139 216/1138
f 343/1139 362/1137 363/1140
f 270/1124 216/1138 213/1125
f 343/1139 363/1140 396/1141
f 213/1125 216/1138 134/1142
f 343/1139 396/1141 422/1143
f 422/1143 396/1141 452/1144
f 216/1138 343/1139 163/1145
f 216/1138 163/1145 134/1142
f 472/1146 474/1147 452/1144
f 452/1144 474/1147 422/1143
f 422/1143 474/1147 493/1148
f 422/1143 493/1148 457/1149
f 134/1142 163/1145 90/1150
f 90/1150 163/1145 92/1151
f 134/1142 90/1150 75/1152
f 92/1151 163/1145 257/1153
f 257/1153 163/1145 343/1139
f 434/1154 343/1139 422/1143
f 434/1154 422/1143 457/1149
f 343/1139 434/1154 257/1153
f 134/1142 75/1152 116/1155
f 134/1142 116/1155 213/1125
f 213/1125 116/1155 197/1116
f 197/1116 116/1155 196/1109
f 196/1109 116/1155 106/1113
f 106/1113 116/1155 75/1152
f 106/1113 75/1152 74/1156
f 106/1113 74/1156 132/1157
f 385/1158 257/1153 434/1154
f 385/1158 434/1154 524/1159
f 257/1153 385/1158 347/1160
f 257/1153 347/1160 122/1161
f 257/1153 122/1161 92/1151
f 92/1151 122/1161 21/1162
f 21/1162 122/1161 45/1163
f 122/1161 347/1160 168/1164
f 45/1163 122/1161 56/1165
f 56/1165 122/1161 168/1164
f 56/1165 168/1164 125/1166
f 494/1167 434/1154 457/1149
f 494/1167 457/1149 493/1148
f 494/1167 493/1148 492/1168
f 434/1154 494/1167 495/1169
f 494/1167 492/1168 523/1170
f 494/1167 523/1170 495/1169
f 495/1169 523/1170 559/1171
f 412/1172 410/1173 427/1174
f 235/1175 210/1176 264/1177
f 235/1175 264/1177 265/1178
f 235/1175 265/1178 234/1179
f 797/1180 31/1181 770/1182
f 770/1182 31/1181 81/1183
f 81/1183 31/1181 140/1184
f 770/1182 81/1183 42/1185
f 770/1182 42/1185 803/1186
f 81/1183 140/1184 170/1187
f 170/1187 140/1184 261/1188
f 170/1187 261/1188 231/1189
f 231/1189 261/1188 372/1190
f 81/1183 170/1187 112/1191
f 112/1191 170/1187 231/1189
f 81/1183 112/1191 42/1185
f 112/1191 231/1189 145/1192
f 5/1193 803/1186 42/1185
f 5/1193 42/1185 112/1191
f 803/1186 5/1193 864/1194
f 112/1191 145/1192 62/1195
f 112/1191 62/1195 5/1193
f 62/1195 145/1192 133/1196
f 133/1196 145/1192 190/1197
f 62/1195 133/1196 63/1198
f 62/1195 63/1198 766/1199
f 62/1195 766/1199 5/1193
f 5/1193 766/1199 887/1200
f 5/1193 887/1200 864/1194
f 864/1194 887/1200 1029/1201
f 1029/1201 887/1200 1079/1202
f 864/1194 1029/1201 929/1203
f 929/1203 1029/1201 1034/1204
f 234/1205 265/1206 286/1207
f 1020/1208 994/1209 1002/1210
f 1002/1210 994/1209 1006/1211
f 1002/1210 1006/1211 1007/1212
f 1007/1212 1006/1211 993/1213
f 1007/1212 993/1213 995/1214
f 995/1214 993/1213 969/1215
f 993/1213 1006/1211 959/1216
f 969/1215 993/1213 943/1217
f 943/1217 993/1213 959/1216
f 959/1216 1006/1211 983/1218
f 991/1219 1006/1211 994/1209
f 1006/1211 991/1219 983/1218
f 991/1219 994/1209 1005/1220
f 1005/1220 994/1209 1033/1221
f 1108/1222 1062/1223 1033/1221
f 1033/1221 1062/1223 1005/1220
f 1005/1220 1062/1223 1061/1224
f 1061/1224 1062/1223 1138/1225
f 1061/1224 1138/1225 1078/1226
f 1078/1226 1138/1225 1149/1227
f 1005/1220 1061/1224 949/1228
f 949/1228 1061/1224 977/1229
f 1005/1220 949/1228 928/1230
f 1005/1220 928/1230 991/1219
f 928/1230 949/1228 870/1231
f 870/1231 949/1228 862/1232
f 928/1230 870/1231 883/1233
f 991/1219 928/1230 926/1234
f 926/1234 928/1230 883/1233
f 991/1219 926/1234 983/1218
f 926/1234 883/1233 902/1235
f 983/1218 926/1234 936/1236
f 936/1236 926/1234 902/1235
f 983/1218 936/1236 959/1216
f 936/1236 902/1235 901/1237
f 936/1236 901/1237 959/1216
f 959/1216 901/1237 943/1217
f 943/1217 901/1237 882/1238
f 943/1217 882/1238 935/1239
f 935/1239 882/1238 871/1240
f 943/1217 935/1239 960/1241
f 943/1217 960/1241 969/1215
f 969/1215 960/1241 962/1242
f 962/1242 960/1241 961/1243
f 935/1239 871/1240 919/1244
f 919/1244 871/1240 884/1245
f 960/1241 935/1239 953/1246
f 953/1246 935/1239 919/1244
f 960/1241 953/1246 961/1243
f 919/1244 884/1245 940/1247
f 919/1244 940/1247 953/1246
f 961/1243 953/1246 982/1248
f 982/1248 953/1246 940/1247
f 961/1243 982/1248 992/1249
f 992/1249 982/1248 1015/1250
f 940/1247 884/1245 941/1251
f 941/1251 884/1245 885/1252
f 982/1248 940/1247 990/1253
f 982/1248 990/1253 1015/1250
f 990/1253 940/1247 941/1251
f 1015/1250 990/1253 1053/1254
f 990/1253 941/1251 1027/1255
f 990/1253 1027/1255 1053/1254
f 1027/1255 941/1251 950/1256
f 1015/1250 1053/1254 1088/1257
f 1027/1255 950/1256 1047/1258
f 1027/1255 1047/1258 1053/1254
f 1088/1257 1053/1254 1099/1259
f 1099/1259 1053/1254 1047/1258
f 1088/1257 1099/1259 1102/1260
f 1102/1260 1099/1259 1112/1261
f 1099/1259 1047/1258 1113/1262
f 1099/1259 1113/1262 1112/1261
f 1113/1262 1047/1258 1013/1263
f 1112/1261 1113/1262 1107/1264
f 824/1265 770/1266 803/1267
f 824/1268 803/1269 877/1270
f 595/1271 625/1272 609/1273
f 410/1274 283/1275 350/1276
f 410/1274 350/1276 442/1277
f 350/1276 283/1275 230/1278
f 442/1277 350/1276 408/1279
f 442/1277 408/1279 500/1280
f 408/1279 350/1276 387/1281
f 350/1276 230/1278 268/1282
f 350/1276 268/1282 387/1281
f 268/1282 230/1278 217/1283
f 217/1283 230/1278 188/1284
f 408/1279 387/1281 513/1285
f 513/1285 387/1281 480/1286
f 513/1285 480/1286 580/1287
f 583/1288 513/1285 621/1289
f 621/1289 513/1285 580/1287
f 580/1287 480/1286 519/1290
f 621/1289 580/1287 641/1291
f 580/1287 519/1290 620/1292
f 580/1287 620/1292 641/1291
f 620/1292 519/1290 591/1293
f 591/1293 519/1290 556/1294
f 556/1294 519/1290 472/1295
f 556/1294 472/1295 452/1296
f 556/1294 452/1296 508/1297
f 620/1292 591/1293 650/1298
f 620/1292 650/1298 641/1291
f 591/1293 556/1294 637/1299
f 591/1293 637/1299 650/1298
f 631/1300 641/1291 652/1301
f 652/1301 641/1291 662/1302
f 662/1302 641/1291 661/1303
f 661/1303 641/1291 650/1298
f 662/1302 661/1303 675/1304
f 675/1304 661/1303 673/1305
f 673/1305 661/1303 650/1298
f 673/1305 650/1298 659/1306
f 659/1306 650/1298 637/1299
f 659/1306 637/1299 638/1307
f 638/1307 637/1299 619/1308
f 619/1308 637/1299 556/1294
f 638/1307 619/1308 602/1309
f 619/1308 556/1294 557/1310
f 619/1308 557/1310 602/1309
f 984/1311 1015/1312 1088/1313
f 532/1314 568/1315 531/1316
f 531/1316 568/1315 593/1317
f 593/1317 568/1315 609/1318
f 593/1317 609/1318 623/1319
f 531/1316 593/1317 547/1320
f 547/1320 593/1317 582/1321
f 531/1316 547/1320 512/1322
f 609/1323 625/1324 623/1325
f 634/1326 498/1327 332/1328
f 332/1328 498/1327 261/1329
f 261/1329 498/1327 372/1330
f 634/1331 701/1332 498/1333
f 498/1333 701/1332 579/1334
f 498/1333 579/1334 372/1335
f 625/1336 633/1337 644/1338
f 625/1336 644/1338 623/1339
f 892/1340 939/1341 815/1342
f 260/1343 373/783 171/784
f 373/783 260/1343 441/785
f 260/1343 171/784 154/1344
f 154/1344 171/784 73/1345
f 441/785 260/1343 349/1346
f 260/1343 154/1344 229/1347
f 260/1343 229/1347 349/1346
f 154/1344 73/1345 97/1348
f 97/1348 73/1345 53/1349
f 229/1347 154/1344 187/1350
f 187/1350 154/1344 97/1348
f 349/1346 229/1347 251/1351
f 251/1351 229/1347 187/1350
f 97/1348 53/1349 98/1352
f 187/1350 97/1348 159/1353
f 159/1353 97/1348 98/1352
f 187/1350 159/1353 237/1354
f 237/1354 159/1353 215/1355
f 159/1353 98/1352 177/1356
f 159/1353 177/1356 215/1355
f 237/1354 215/1355 338/1357
f 338/1357 215/1355 203/1358
f 177/1356 98/1352 80/1359
f 80/1359 98/1352 20/1360
f 80/1359 20/1360 26/1361
f 177/1356 80/1359 148/1362
f 191/1363 203/1358 148/1362
f 80/1359 26/1361 93/1364
f 80/1359 93/1364 148/1362
f 191/1363 148/1362 118/1365
f 118/1365 148/1362 93/1364
f 191/1363 118/1365 206/1366
f 206/1366 118/1365 120/1367
f 120/1367 118/1365 93/1364
f 120/1367 93/1364 26/1361
f 120/1367 26/1361 27/1368
f 120/1367 27/1368 121/1369
f 120/1367 121/1369 222/1370
f 121/1369 27/1368 28/1371
f 121/1369 28/1371 149/1372
f 121/1369 149/1372 178/1373
f 149/1372 28/1371 37/1374
f 149/1372 37/1374 150/1375
f 150/1375 37/1374 46/1376
f 149/1372 150/1375 240/1377
f 345/1378 222/1370 240/1377
f 150/1375 46/1376 226/1379
f 226/1379 46/1376 94/1380
f 150/1375 226/1379 299/1381
f 150/1375 299/1381 240/1377
f 240/1377 299/1381 345/1378
f 345/1378 299/1381 368/1382
f 345/1378 368/1382 423/1383
f 423/1383 368/1382 436/1384
f 423/1383 436/1384 458/1385
f 633/1386 608/1387 643/1388
f 633/1389 643/1390 644/1391
f 644/1391 643/1390 642/1392
f 642/1392 643/1390 655/1393
f 644/1391 642/1392 622/1394
f 644/1391 622/1394 623/1395
f 736/1396 733/1397 701/1398
f 593/1399 623/1400 582/1401
f 623/1402 622/1403 582/1404
f 547/1405 582/1406 581/1407
f 547/1405 581/1407 512/1408
f 511/1409 482/1410 512/1408
f 511/1409 512/1408 581/1407
f 511/1409 581/1407 566/1411
f 566/1411 581/1407 607/1412
f 581/1407 582/1406 630/1413
f 581/1407 630/1413 607/1412
f 630/1413 582/1406 622/1414
f 630/1413 622/1414 642/1415
f 630/1413 642/1415 654/1416
f 607/1412 630/1413 653/1417
f 653/1417 630/1413 654/1416
f 607/1412 653/1417 629/1418
f 629/1418 653/1417 651/1419
f 653/1417 654/1416 676/1420
f 676/1420 654/1416 663/1421
f 663/1421 654/1416 655/1422
f 481/1423 441/785 349/1346
f 441/785 481/1423 546/792
f 546/792 481/1423 545/1424
f 545/1424 481/1423 432/1425
f 481/1423 349/1346 371/1426
f 481/1423 371/1426 432/1425
f 371/1426 349/1346 251/1351
f 371/1426 251/1351 316/1427
f 371/1426 316/1427 432/1425
f 432/1425 316/1427 338/1357
f 432/1425 338/1357 449/1428
f 432/1425 449/1428 510/1429
f 449/1428 338/1357 293/1430
f 510/1429 449/1428 520/1431
f 449/1428 293/1430 361/1432
f 361/1432 293/1430 221/1433
f 361/1432 221/1433 275/1434
f 449/1428 361/1432 471/1435
f 449/1428 471/1435 520/1431
f 520/1431 471/1435 539/1436
f 262/1437 244/1438 281/1439
f 281/1439 244/1438 208/1440
f 1165/1441 1079/1442 1154/1443
f 1165/1441 1154/1443 1177/1444
f 1177/1444 1154/1443 1185/1445
f 1177/1444 1185/1445 1201/1446
f 1201/1446 1185/1445 1199/1447
f 1185/1445 1154/1443 1169/1448
f 1154/1443 1079/1442 1087/1449
f 1087/1449 1079/1442 1014/1450
f 1169/1448 1154/1443 1124/1451
f 1124/1451 1154/1443 1087/1449
f 1087/1449 1014/1450 958/1452
f 1169/1448 1124/1451 1114/1453
f 1169/1448 1114/1453 1157/1454
f 1114/1453 1124/1451 1019/1455
f 1114/1453 1019/1455 1055/1456
f 1124/1451 1087/1449 1028/1457
f 1124/1451 1028/1457 1019/1455
f 1087/1449 958/1452 1003/1458
f 1087/1449 1003/1458 1028/1457
f 1003/1458 958/1452 858/1459
f 1003/1458 858/1459 903/1460
f 1003/1458 903/1460 1028/1457
f 910/1461 1055/1456 1019/1455
f 1028/1457 903/1460 909/1462
f 1028/1457 909/1462 1019/1455
f 1019/1455 909/1462 910/1461
f 909/1462 903/1460 793/1463
f 909/1462 793/1463 801/1464
f 909/1462 801/1464 910/1461
f 910/1461 801/1464 795/1465
f 910/1461 795/1465 951/1466
f 546/1467 545/1468 632/1469
f 632/1469 545/1468 640/1470
f 640/1470 545/1468 510/1471
f 632/1469 640/1470 686/1472
f 686/1472 640/1470 696/1473
f 696/1473 640/1470 605/1474
f 520/1475 605/1474 510/1471
f 696/1473 605/1474 681/1476
f 605/1474 520/1475 601/1477
f 605/1474 601/1477 681/1476
f 601/1477 520/1475 539/1478
f 681/1476 601/1477 671/1479
f 701/1480 700/1481 579/1482
f 372/1483 579/1482 405/1484
f 405/1484 579/1482 578/1485
f 578/1485 579/1482 700/1481
f 578/1485 700/1481 685/1486
f 685/1486 700/1481 728/1487
f 685/1486 728/1487 720/1488
f 642/1489 655/1490 654/1491
f 482/1492 511/1493 462/1494
f 462/1494 511/1493 506/1495
f 506/1495 511/1493 566/1496
f 462/1494 506/1495 450/1497
f 462/1494 450/1497 394/1498
f 394/1498 450/1497 420/1499
f 420/1499 450/1497 473/1500
f 450/1497 506/1495 521/1501
f 521/1501 506/1495 574/1502
f 574/1502 506/1495 566/1496
f 574/1502 566/1496 606/1503
f 574/1502 606/1503 639/1504
f 606/1503 566/1496 607/1505
f 639/1504 606/1503 629/1506
f 629/1506 606/1503 607/1505
f 1079/1507 887/1508 1014/1509
f 1014/1509 887/1508 876/1510
f 876/1510 887/1508 766/1511
f 876/1510 766/1511 768/1512
f 768/1512 766/1511 63/1513
f 768/1512 63/1513 77/1514
f 77/1514 63/1513 135/1515
f 77/1514 135/1515 164/1516
f 164/1516 135/1515 205/1517
f 135/1515 63/1513 133/1518
f 135/1515 133/1518 190/1519
f 135/1515 190/1519 219/1520
f 372/1521 405/1522 259/1523
f 372/1521 259/1523 231/1524
f 231/1524 259/1523 145/1525
f 653/1526 676/1527 674/1528
f 674/1528 676/1527 675/1529
f 653/1526 674/1528 651/1530
f 674/1528 675/1529 673/1531
f 674/1528 673/1531 649/1532
f 674/1528 649/1532 651/1530
f 649/1532 673/1531 659/1533
f 651/1530 649/1532 639/1534
f 651/1530 639/1534 629/1535
f 649/1532 659/1533 628/1536
f 628/1536 659/1533 638/1537
f 639/1534 649/1532 618/1538
f 618/1538 649/1532 628/1536
f 639/1534 618/1538 574/1539
f 574/1539 618/1538 521/1540
f 628/1536 638/1537 592/1541
f 592/1541 638/1537 602/1542
f 618/1538 628/1536 575/1543
f 618/1538 575/1543 521/1540
f 575/1543 628/1536 592/1541
f 592/1541 602/1542 558/1544
f 521/1540 575/1543 522/1545
f 522/1545 575/1543 592/1541
f 521/1540 522/1545 473/1546
f 473/1546 522/1545 475/1547
f 522/1545 592/1541 540/1548
f 522/1545 540/1548 475/1547
f 540/1548 592/1541 558/1544
f 540/1548 558/1544 475/1547
f 475/1547 558/1544 509/1549
f 509/1549 558/1544 557/1550
f 1205/1551 1201/1552 1199/1553
f 1185/1554 1186/1555 1199/1553
f 1205/1551 1199/1553 1204/1556
f 1199/1553 1186/1555 1196/1557
f 1199/1553 1196/1557 1204/1556
f 1205/1551 1204/1556 1198/1558
f 1205/1551 1198/1558 1203/1559
f 1204/1556 1196/1557 1200/1560
f 1204/1556 1200/1560 1198/1558
f 1196/1557 1186/1555 1190/1561
f 1203/1559 1198/1558 1195/1562
f 1195/1562 1198/1558 1200/1560
f 1203/1559 1195/1562 1184/1563
f 1190/1561 1186/1555 1171/1564
f 1200/1560 1196/1557 1192/1565
f 1192/1565 1196/1557 1190/1561
f 1200/1560 1192/1565 1189/1566
f 1189/1566 1192/1565 1190/1561
f 1195/1562 1200/1560 1188/1567
f 1188/1567 1200/1560 1189/1566
f 1190/1561 1171/1564 1187/1568
f 1190/1561 1187/1568 1189/1566
f 1187/1568 1171/1564 1161/1569
f 1188/1567 1189/1566 1178/1570
f 1178/1570 1189/1566 1187/1568
f 1195/1562 1188/1567 1176/1571
f 1195/1562 1176/1571 1184/1563
f 1176/1571 1188/1567 1178/1570
f 1184/1563 1176/1571 1148/1572
f 1184/1563 1148/1572 1147/1573
f 1148/1572 1176/1571 1160/1574
f 1160/1574 1176/1571 1178/1570
f 1148/1572 1160/1574 1116/1575
f 1116/1575 1160/1574 1137/1576
f 1137/1576 1160/1574 1178/1570
f 1137/1576 1178/1570 1162/1577
f 1162/1577 1178/1570 1187/1568
f 1162/1577 1187/1568 1161/1569
f 1137/1576 1162/1577 1100/1578
f 1162/1577 1161/1569 1094/1579
f 1162/1577 1094/1579 1100/1578
f 1100/1578 1094/1579 979/1580
f 281/1581 196/1582 232/1583
f 196/1582 281/1581 197/1584
f 578/1585 426/1586 405/1587
f 405/1587 426/1586 302/1588
f 426/1586 578/1585 565/1589
f 565/1589 578/1585 685/1590
f 545/1591 432/1592 510/1593
f 1061/1594 1078/1595 977/1596
f 977/1596 1078/1595 1046/1597
f 1046/1597 1078/1595 1147/1598
f 1046/1597 1147/1598 1148/1599
f 1046/1597 1148/1599 1012/1600
f 1012/1600 1148/1599 1116/1601
f 949/1602 977/1596 862/1603
f 862/1603 977/1596 857/1604
f 857/1604 977/1596 1046/1597
f 862/1603 857/1604 811/1605
f 857/1604 1046/1597 860/1606
f 860/1606 1046/1597 1012/1600
f 811/1605 857/1604 20/1607
f 20/1607 857/1604 860/1606
f 811/1605 20/1607 1/1608
f 811/1605 1/1608 765/1609
f 765/1609 1/1608 33/1610
f 20/1607 860/1606 26/1611
f 26/1611 860/1606 27/1612
f 27/1612 860/1606 846/1613
f 846/1613 860/1606 1012/1600
f 27/1612 846/1613 28/1614
f 28/1614 846/1613 833/1615
f 28/1614 833/1615 37/1616
f 846/1613 1012/1600 978/1617
f 846/1613 978/1617 833/1615
f 978/1617 1012/1600 1058/1618
f 1058/1618 1012/1600 1116/1601
f 1058/1618 1116/1601 1137/1619
f 1058/1618 1137/1619 1059/1620
f 1059/1620 1137/1619 1100/1621
f 1059/1620 1100/1621 979/1622
f 978/1617 1058/1618 1004/1623
f 843/1624 833/1615 978/1617
f 843/1624 978/1617 1004/1623
f 843/1624 1004/1623 979/1622
f 833/1615 843/1624 37/1616
f 843/1624 979/1622 821/1625
f 37/1616 843/1624 46/1626
f 405/1627 302/1628 259/1629
f 640/1630 510/1631 605/1632
f 876/1633 881/1634 958/1635
f 876/1633 958/1635 1014/1636
f 958/1635 881/1634 858/1637
f 881/1634 876/1633 768/1638
f 858/1637 881/1634 791/1639
f 791/1639 881/1634 768/1638
f 858/1637 791/1639 779/1640
f 858/1637 779/1640 903/1641
f 903/1641 779/1640 793/1642
f 793/1642 779/1640 36/1643
f 791/1639 768/1638 35/1644
f 791/1639 35/1644 779/1640
f 35/1644 768/1638 77/1645
f 36/1643 779/1640 54/1646
f 54/1646 779/1640 35/1644
f 36/1643 54/1646 123/1647
f 123/1647 54/1646 166/1648
f 54/1646 35/1644 119/1649
f 119/1649 35/1644 77/1645
f 54/1646 119/1649 166/1648
f 119/1649 77/1645 164/1650
f 166/1648 119/1649 193/1651
f 193/1651 119/1649 164/1650
f 166/1648 193/1651 258/1652
f 258/1652 193/1651 278/1653
f 193/1651 164/1650 205/1654
f 193/1651 205/1654 278/1653
f 278/1653 205/1654 277/1655
f 277/1655 205/1654 219/1656
f 219/1656 205/1654 135/1657
f 426/1658 565/1659 425/1660
f 426/1658 425/1660 302/1661
f 302/1661 425/1660 314/1662
f 425/1660 565/1659 530/1663
f 314/1662 425/1660 393/1664
f 393/1664 425/1660 530/1663
f 393/1664 530/1663 491/1665
f 393/1664 491/1665 381/1666
f 381/1666 491/1665 431/1667
f 431/1667 491/1665 555/1668
f 555/1668 491/1665 617/1669
f 431/1667 555/1668 507/1670
f 555/1668 617/1669 672/1671
f 672/1671 617/1669 699/1672
f 672/1671 699/1672 720/1673
f 555/1668 672/1671 627/1674
f 555/1668 627/1674 507/1670
f 672/1671 720/1673 708/1675
f 672/1671 708/1675 627/1674
f 708/1675 720/1673 730/1676
f 708/1675 730/1676 718/1677
f 708/1675 718/1677 671/1678
f 708/1675 671/1678 627/1674
f 671/1678 718/1677 681/1679
f 627/1674 671/1678 601/1680
f 627/1674 601/1680 539/1681
f 627/1674 539/1681 507/1670
f 507/1670 539/1681 433/1682
f 433/1682 539/1681 471/1683
f 507/1670 433/1682 358/1684
f 565/1685 685/1686 660/1687
f 660/1687 685/1686 699/1688
f 565/1685 660/1687 617/1689
f 565/1690 617/1691 530/1692
f 530/1693 617/1694 491/1695
f 480/1696 387/1697 451/1698
f 480/1696 451/1698 519/1699
f 451/1698 387/1697 419/1700
f 451/1698 419/1700 453/1701
f 453/1701 419/1700 395/1702
f 419/1700 387/1697 268/1703
f 419/1700 268/1703 383/1704
f 383/1704 268/1703 217/1705
f 383/1704 217/1705 341/1706
f 383/1704 341/1706 454/1707
f 454/1707 341/1706 456/1708
f 454/1707 456/1708 523/1709
f 456/1708 341/1706 476/1710
f 456/1708 476/1710 559/1711
f 341/1706 217/1705 295/1712
f 341/1706 295/1712 476/1710
f 295/1712 217/1705 204/1713
f 204/1713 217/1705 188/1714
f 204/1713 188/1714 161/1715
f 204/1713 161/1715 165/1716
f 204/1713 165/1716 192/1717
f 295/1712 204/1713 366/1718
f 295/1712 366/1718 476/1710
f 366/1718 204/1713 192/1717
f 541/1719 559/1711 476/1710
f 541/1719 476/1710 366/1718
f 559/1711 541/1719 576/1720
f 576/1720 541/1719 561/1721
f 561/1721 541/1719 525/1722
f 525/1722 541/1719 366/1718
f 561/1721 525/1722 562/1723
f 401/1724 366/1718 192/1717
f 366/1718 401/1724 525/1722
f 562/1723 525/1722 526/1725
f 526/1725 525/1722 401/1724
f 562/1723 526/1725 577/1726
f 401/1724 192/1717 223/1727
f 577/1726 526/1725 563/1728
f 577/1726 563/1728 603/1729
f 526/1725 401/1724 403/1730
f 526/1725 403/1730 563/1728
f 403/1730 401/1724 223/1727
f 223/1727 192/1717 99/1731
f 563/1728 403/1730 404/1732
f 563/1728 404/1732 603/1729
f 403/1730 223/1727 225/1733
f 403/1730 225/1733 404/1732
f 223/1727 99/1731 109/1734
f 223/1727 109/1734 225/1733
f 225/1733 109/1734 101/1735
f 109/1734 99/1731 65/1736
f 109/1734 65/1736 101/1735
f 101/1735 65/1736 66/1737
f 65/1736 99/1731 55/1738
f 65/1736 55/1738 12/1739
f 179/1740 404/1732 225/1733
f 497/1741 603/1729 404/1732
f 497/1741 404/1732 179/1740
f 603/1729 497/1741 564/1742
f 564/1742 497/1741 386/1743
f 386/1743 497/1741 280/1744
f 280/1744 497/1741 179/1740
f 386/1743 280/1744 137/1745
f 280/1744 179/1740 124/1746
f 280/1744 124/1746 137/1745
f 124/1746 179/1740 100/1747
f 124/1746 100/1747 2/1748
f 137/1745 124/1746 3/1749
f 3/1749 124/1746 2/1748
f 137/1745 3/1749 863/1750
f 3/1749 2/1748 794/1751
f 863/1750 3/1749 886/1752
f 886/1752 3/1749 794/1751
f 886/1752 794/1751 896/1753
f 259/1754 302/1755 214/1756
f 214/1756 302/1755 314/1757
f 259/1754 214/1756 201/1758
f 202/1759 190/1760 201/1758
f 202/1759 201/1758 218/1761
f 218/1761 201/1758 214/1756
f 218/1761 214/1756 253/1762
f 253/1762 214/1756 314/1757
f 218/1761 253/1762 255/1763
f 253/1762 314/1757 292/1764
f 255/1763 253/1762 273/1765
f 292/1764 314/1757 393/1766
f 273/1765 253/1762 292/1764
f 292/1764 393/1766 381/1767
f 255/1763 273/1765 276/1768
f 276/1768 273/1765 323/1769
f 323/1769 273/1765 322/1770
f 322/1770 273/1765 272/1771
f 272/1771 273/1765 292/1764
f 292/1764 381/1767 317/1772
f 292/1764 317/1772 272/1771
f 317/1772 381/1767 358/1773
f 358/1773 381/1767 431/1774
f 317/1772 358/1773 319/1775
f 317/1772 319/1775 272/1771
f 272/1771 319/1775 321/1776
f 321/1776 319/1775 360/1777
f 360/1777 319/1775 433/1778
f 360/1777 433/1778 471/1779
f 321/1776 360/1777 296/1780
f 360/1777 471/1779 361/1781
f 360/1777 361/1781 296/1780
f 296/1780 361/1781 275/1782
f 259/1783 201/1784 145/1785
f 685/1786 720/1787 699/1788
f 660/1789 699/1790 617/1791
f 194/1792 132/1793 158/1794
f 132/1793 194/1792 106/1795
f 158/1794 132/1793 105/1796
f 158/1794 105/1796 115/1797
f 105/1796 132/1793 34/1798
f 34/1798 132/1793 74/1799
f 105/1796 34/1798 9/1800
f 115/1797 105/1796 61/1801
f 115/1797 61/1801 96/1802
f 34/1798 74/1799 760/1803
f 767/1804 61/1801 9/1800
f 767/1804 9/1800 810/1805
f 810/1805 9/1800 785/1806
f 61/1801 767/1804 33/1807
f 61/1801 33/1807 96/1802
f 33/1807 767/1804 765/1808
f 96/1802 33/1807 52/1809
f 52/1809 33/1807 1/1810
f 832/1811 811/1812 765/1808
f 811/1812 832/1811 862/1813
f 862/1813 832/1811 870/1814
f 870/1814 832/1811 842/1815
f 870/1814 842/1815 883/1816
f 883/1816 842/1815 854/1817
f 883/1816 854/1817 902/1818
f 902/1818 854/1817 855/1819
f 902/1818 855/1819 901/1820
f 901/1820 855/1819 882/1821
f 882/1821 855/1819 823/1822
f 882/1821 823/1822 871/1823
f 818/1824 854/1817 785/1806
f 818/1824 785/1806 760/1803
f 818/1824 760/1803 823/1822
f 871/1823 823/1822 812/1825
f 812/1825 823/1822 760/1803
f 871/1823 812/1825 819/1826
f 871/1823 819/1826 884/1827
f 812/1825 760/1803 10/1828
f 10/1828 760/1803 74/1799
f 10/1828 74/1799 75/1829
f 10/1828 75/1829 90/1830
f 884/1827 819/1826 885/1831
f 10/1828 90/1830 11/1832
f 10/1828 11/1832 812/1825
f 812/1825 11/1832 819/1826
f 11/1832 90/1830 92/1833
f 11/1832 92/1833 21/1834
f 11/1832 21/1834 819/1826
f 885/1831 819/1826 805/1835
f 805/1835 819/1826 21/1834
f 885/1831 805/1835 873/1836
f 885/1831 873/1836 950/1837
f 873/1836 805/1835 786/1838
f 786/1838 805/1835 21/1834
f 786/1838 21/1834 45/1839
f 786/1838 45/1839 780/1840
f 786/1838 780/1840 874/1841
f 874/1841 780/1840 796/1842
f 780/1840 45/1839 56/1843
f 796/1842 780/1840 22/1844
f 22/1844 780/1840 56/1843
f 22/1844 56/1843 125/1845
f 431/1846 507/1847 358/1848
f 251/1849 187/1850 237/1851
f 251/1849 237/1851 316/1852
f 316/1852 237/1851 338/1853
f 519/1854 451/1855 472/1856
f 145/1857 201/1858 190/1859
f 765/1860 767/1861 842/1862
f 842/1862 767/1861 810/1863
f 765/1860 842/1862 832/1864
f 61/1865 105/1866 9/1867
f 358/1868 433/1869 319/1870
f 34/1871 785/1872 9/1873
f 785/1872 34/1871 760/1874
f 338/1875 203/1876 293/1877
f 293/1877 203/1876 221/1878
f 221/1878 203/1876 191/1879
f 854/1880 818/1881 855/1882
f 855/1882 818/1881 823/1883
f 854/1884 810/1885 785/1886
f 810/1885 854/1884 842/1887
f 215/1888 177/1889 203/1890
f 203/1890 177/1889 148/1891
f 394/1892 420/1893 362/1894
f 52/1895 1/1896 53/1897
f 53/1897 1/1896 20/1898
f 450/1899 521/1900 473/1901
f 556/1902 508/1903 557/1904
f 557/1904 508/1903 509/1905
f 509/1905 508/1903 455/1906
f 472/1907 451/1908 474/1909
f 451/1910 453/1911 474/1912
f 419/1913 383/1914 395/1915
f 190/1916 202/1917 238/1918
f 238/1918 202/1917 294/1919
f 294/1919 202/1917 218/1920
f 294/1919 218/1920 320/1921
f 320/1921 218/1920 255/1922
f 190/1923 238/1924 219/1925
f 219/1925 238/1924 277/1926
f 254/1927 274/1928 176/1929
f 175/1930 176/1929 117/1931
f 117/1931 176/1929 146/1932
f 146/1932 176/1929 274/1928
f 117/1931 146/1932 91/1933
f 146/1932 274/1928 220/1934
f 220/1934 274/1928 340/1935
f 220/1934 340/1935 256/1936
f 146/1932 220/1934 107/1937
f 220/1934 256/1936 147/1938
f 220/1934 147/1938 107/1937
f 107/1937 147/1938 79/1939
f 76/1940 78/1941 162/1942
f 162/1942 78/1941 147/1943
f 147/1943 78/1941 79/1944
f 162/1942 147/1943 256/1945
f 76/1946 769/1947 78/1948
f 78/1948 769/1947 79/1949
f 859/1950 792/1951 769/1947
f 769/1947 792/1951 25/1952
f 769/1947 25/1952 79/1949
f 79/1949 25/1952 64/1953
f 64/1953 25/1952 55/1954
f 55/1954 25/1952 12/1955
f 64/1953 55/1954 99/1956
f 64/1953 99/1956 108/1957
f 64/1953 108/1957 91/1958
f 108/1957 99/1956 192/1959
f 91/1958 108/1957 117/1960
f 108/1957 192/1959 165/1961
f 108/1957 165/1961 117/1960
f 117/1960 165/1961 175/1962
f 856/1963 859/1964 769/1965
f 859/1964 856/1963 1011/1966
f 859/1964 1011/1966 942/1967
f 859/1964 942/1967 872/1968
f 872/1968 942/1967 896/1969
f 859/1964 872/1968 820/1970
f 859/1964 820/1970 806/1971
f 859/1964 806/1971 792/1972
f 792/1972 806/1971 775/1973
f 792/1972 775/1973 12/1974
f 12/1974 775/1973 66/1975
f 792/1972 12/1974 25/1976
f 272/1977 321/1978 322/1979
f 383/1980 454/1981 395/1982
f 395/1982 454/1981 453/1983
f 1185/1984 1169/1985 1175/1986
f 1175/1986 1169/1985 1157/1987
f 1175/1986 1157/1987 1171/1988
f 1171/1988 1157/1987 1140/1989
f 1140/1989 1157/1987 1114/1990
f 1140/1989 1114/1990 1055/1991
f 1185/1992 1175/1993 1186/1994
f 1186/1994 1175/1993 1171/1995
f 255/1996 276/1997 320/1998
f 320/1998 276/1997 324/1999
f 53/2000 20/2001 98/2002
f 362/2003 420/2004 421/2005
f 362/2003 421/2005 363/2006
f 473/2007 475/2008 420/2004
f 420/2004 475/2008 421/2005
f 421/2005 475/2008 509/2009
f 363/2006 421/2005 396/2010
f 421/2005 509/2009 455/2011
f 421/2005 455/2011 396/2010
f 396/2010 455/2011 508/2012
f 602/2013 557/2014 558/2015
f 941/2016 885/2017 950/2018
f 508/2019 452/2020 396/2021
f 146/2022 107/2023 91/2024
f 107/2025 79/2026 91/2027
f 91/2027 79/2026 64/2028
f 238/2029 294/2030 297/2031
f 238/2032 297/2033 277/2034
f 277/2034 297/2033 344/2035
f 344/2035 297/2033 324/2036
f 344/2035 324/2036 365/2037
f 365/2037 324/2036 276/2038
f 365/2037 276/2038 342/2039
f 365/2037 342/2039 400/2040
f 342/2039 276/2038 323/2041
f 294/2042 320/2043 324/2044
f 294/2042 324/2044 297/2045
f 221/2046 191/2047 239/2048
f 221/2046 239/2048 275/2049
f 239/2048 191/2047 206/2050
f 275/2049 239/2048 298/2051
f 275/2049 298/2051 296/2052
f 239/2048 206/2050 325/2053
f 239/2048 325/2053 298/2051
f 120/2054 222/2055 206/2050
f 206/2050 222/2055 325/2053
f 325/2053 222/2055 345/2056
f 325/2053 345/2056 423/2057
f 298/2051 325/2053 364/2058
f 364/2058 325/2053 423/2057
f 298/2051 364/2058 296/2052
f 364/2058 423/2057 458/2059
f 296/2052 364/2058 397/2060
f 397/2060 364/2058 458/2059
f 296/2052 397/2060 321/2061
f 397/2060 458/2059 398/2062
f 474/2063 453/2064 493/2065
f 453/2066 454/2067 492/2068
f 453/2069 492/2070 493/2071
f 454/2072 523/2073 492/2074
f 322/2075 321/2076 397/2077
f 322/2075 397/2077 398/2078
f 322/2075 398/2078 323/2079
f 323/2079 398/2078 399/2080
f 323/2081 399/2082 342/2083
f 342/2083 399/2082 400/2084
f 456/2085 559/2086 523/2087
f 277/2088 344/2089 278/2090
f 278/2090 344/2089 258/2091
f 258/2091 344/2089 346/2092
f 258/2091 346/2092 224/2093
f 258/2091 224/2093 166/2094
f 166/2094 224/2093 123/2095
f 346/2092 344/2089 384/2096
f 384/2096 344/2089 365/2097
f 384/2096 365/2097 400/2098
f 384/2096 400/2098 424/2099
f 424/2099 400/2098 399/2100
f 384/2096 424/2099 326/2101
f 384/2096 326/2101 346/2092
f 326/2101 424/2099 402/2102
f 241/2103 224/2093 346/2092
f 241/2103 346/2092 326/2101
f 224/2093 241/2103 110/2104
f 224/2093 110/2104 123/2095
f 123/2095 110/2104 29/2105
f 123/2095 29/2105 36/2106
f 29/2105 110/2104 38/2107
f 38/2107 110/2104 111/2108
f 111/2108 110/2104 241/2103
f 38/2107 111/2108 23/2109
f 23/2109 111/2108 136/2110
f 111/2108 241/2103 167/2111
f 111/2108 167/2111 136/2110
f 167/2111 241/2103 326/2101
f 167/2111 326/2101 243/2112
f 151/2113 136/2110 243/2112
f 243/2112 326/2101 242/2114
f 243/2112 242/2114 151/2113
f 242/2114 326/2101 402/2102
f 151/2113 242/2114 279/2115
f 279/2115 242/2114 402/2102
f 151/2113 279/2115 180/2116
f 151/2113 180/2116 39/2117
f 39/2117 180/2116 94/2118
f 94/2118 180/2116 226/2119
f 226/2119 180/2116 327/2120
f 279/2115 402/2102 327/2120
f 226/2119 327/2120 299/2121
f 299/2121 327/2120 368/2122
f 368/2122 327/2120 436/2123
f 436/2123 327/2120 402/2102
f 436/2123 402/2102 435/2124
f 436/2123 435/2124 458/2125
f 458/2125 435/2124 398/2126
f 398/2127 367/2128 399/2129
f 398/2130 435/2131 367/2132
f 367/2132 435/2131 402/2133
f 399/2134 367/2135 424/2136
f 1113/2137 1013/2138 1101/2139
f 1101/2139 1013/2138 927/2140
f 1101/2139 927/2140 1040/2141
f 847/2142 980/2143 1040/2141
f 847/2142 1040/2141 927/2140
f 847/2142 927/2140 787/2144
f 802/2145 47/2146 927/2140
f 802/2145 927/2140 875/2147
f 875/2147 927/2140 1013/2138
f 802/2145 875/2147 796/2148
f 796/2148 875/2147 874/2149
f 874/2149 875/2147 1013/2138
f 874/2149 1013/2138 968/2150
f 968/2150 1013/2138 1047/2151
f 968/2150 1047/2151 950/2152
f 968/2150 950/2152 873/2153
f 968/2150 873/2153 874/2149
f 874/2149 873/2153 786/2154
f 1113/2155 1101/2156 1136/2157
f 1136/2157 1101/2156 1129/2158
f 1129/2158 1101/2156 1040/2159
f 1136/2157 1129/2158 1141/2160
f 1141/2160 1129/2158 1060/2161
f 1141/2160 1060/2161 1068/2162
f 1060/2161 1129/2158 1035/2163
f 1129/2158 1040/2159 1077/2164
f 1129/2158 1077/2164 1035/2163
f 1077/2164 1040/2159 980/2165
f 1035/2163 1077/2164 1001/2166
f 1077/2164 980/2165 981/2167
f 1077/2164 981/2167 1001/2166
f 559/2168 560/2169 495/2170
f 495/2170 560/2169 524/2171
f 495/2170 524/2171 434/2172
f 559/2173 576/2174 560/2175
f 560/2175 576/2174 542/2176
f 560/2175 542/2176 524/2177
f 524/2177 542/2176 477/2178
f 542/2176 576/2174 543/2179
f 542/2176 543/2179 477/2178
f 543/2179 576/2174 561/2180
f 543/2179 561/2180 496/2181
f 496/2181 561/2180 562/2182
f 477/2178 543/2179 478/2183
f 478/2183 543/2179 496/2181
f 477/2178 478/2183 300/2184
f 477/2178 300/2184 347/2185
f 300/2184 478/2183 328/2186
f 496/2181 562/2182 527/2187
f 478/2183 496/2181 459/2188
f 478/2183 459/2188 328/2186
f 459/2188 496/2181 527/2187
f 527/2187 562/2182 577/2189
f 459/2188 527/2187 479/2190
f 459/2188 479/2190 328/2186
f 479/2190 527/2187 577/2189
f 328/2186 479/2190 370/2191
f 328/2186 370/2191 138/2192
f 138/2192 370/2191 227/2193
f 227/2193 370/2191 348/2194
f 348/2194 370/2191 437/2195
f 348/2194 437/2195 461/2196
f 370/2191 479/2190 528/2197
f 370/2191 528/2197 437/2195
f 528/2197 479/2190 577/2189
f 461/2196 437/2195 529/2198
f 529/2198 437/2195 528/2197
f 461/2196 529/2198 460/2199
f 461/2196 460/2199 329/2200
f 460/2199 529/2198 544/2201
f 529/2198 528/2197 604/2202
f 529/2198 604/2202 544/2201
f 604/2202 528/2197 577/2189
f 544/2201 604/2202 564/2203
f 604/2202 577/2189 603/2204
f 604/2202 603/2204 564/2203
f 222/2205 178/2206 240/2207
f 222/2208 121/2209 178/2210
f 1171/2211 1140/2212 1161/2213
f 1161/2213 1140/2212 1094/2214
f 1094/2214 1140/2212 1055/2215
f 12/2216 66/2217 65/2218
f 872/2219 794/2220 820/2221
f 820/2221 794/2220 2/2222
f 820/2221 2/2222 775/2223
f 820/2221 775/2223 806/2224
f 775/2223 2/2222 100/2225
f 775/2223 100/2225 66/2226
f 66/2226 100/2225 179/2227
f 66/2226 179/2227 101/2228
f 101/2228 179/2227 225/2229
f 872/2230 896/2231 794/2232
f 793/2233 36/2234 801/2235
f 801/2235 36/2234 29/2236
f 801/2235 29/2236 795/2237
f 795/2237 29/2236 38/2238
f 795/2237 38/2238 813/2239
f 813/2239 38/2238 23/2240
f 795/2237 813/2239 951/2241
f 136/2242 151/2243 23/2240
f 23/2240 151/2243 39/2244
f 23/2240 39/2244 813/2239
f 813/2239 39/2244 821/2245
f 821/2245 39/2244 94/2246
f 813/2239 821/2245 951/2241
f 951/2241 821/2245 979/2247
f 951/2241 979/2247 1094/2248
f 951/2241 1094/2248 1055/2249
f 951/2241 1055/2249 910/2250
f 367/2251 402/2252 424/2253
f 178/2254 149/2255 240/2256
f 385/2257 524/2258 477/2259
f 385/2257 477/2259 347/2260
f 347/2261 300/2262 168/2263
f 168/2263 300/2262 125/2264
f 125/2264 300/2262 328/2265
f 1058/2266 1059/2267 1004/2268
f 1004/2268 1059/2267 979/2269
f 327/2270 180/2271 279/2272
f 886/2273 1068/2274 863/2275
f 863/2275 1068/2274 1060/2276
f 863/2275 1060/2276 897/2277
f 897/2277 1060/2276 1035/2278
f 863/2275 897/2277 126/2279
f 863/2275 126/2279 137/2280
f 126/2279 897/2277 67/2281
f 67/2281 897/2277 911/2282
f 911/2282 897/2277 1035/2278
f 911/2282 1035/2278 1001/2283
f 911/2282 1001/2283 891/2284
f 891/2284 1001/2283 952/2285
f 911/2282 891/2284 24/2286
f 167/2287 243/2288 136/2289
f 46/2290 843/2291 821/2292
f 46/2293 821/2294 94/2295
f 22/2296 125/2297 40/2298
f 22/2299 40/2300 796/2301
f 137/2302 126/2303 386/2304
f 386/2304 126/2303 369/2305
f 369/2305 126/2303 67/2306
f 386/2304 369/2305 564/2307
f 369/2305 67/2306 301/2308
f 564/2307 369/2305 544/2309
f 544/2309 369/2305 301/2308
f 544/2309 301/2308 460/2310
f 796/2311 40/2312 802/2313
f 125/2314 328/2315 40/2316
f 40/2317 328/2318 138/2319
f 40/2320 138/2321 802/2322
f 802/2323 138/2324 47/2325
f 138/2326 227/2327 47/2328
f 47/2328 227/2327 102/2329
f 102/2329 227/2327 348/2330
f 47/2328 102/2329 787/2331
f 47/2328 787/2331 927/2332
f 102/2329 348/2330 228/2333
f 228/2333 348/2330 461/2334
f 102/2329 228/2333 57/2335
f 228/2333 461/2334 153/2336
f 228/2333 153/2336 57/2335
f 153/2336 461/2334 329/2337
f 153/2336 329/2337 41/2338
f 153/2336 41/2338 13/2339
f 13/2339 41/2338 848/2340
f 834/2341 57/2335 13/2339
f 834/2341 13/2339 848/2340
f 57/2335 834/2341 4/2342
f 847/2343 787/2331 4/2342
f 847/2343 4/2342 834/2341
f 847/2343 834/2341 980/2344
f 980/2344 834/2341 981/2345
f 981/2345 834/2341 848/2340
f 981/2345 848/2340 952/2346
f 981/2345 952/2346 1001/2347
f 787/2348 102/2349 4/2350
f 4/2350 102/2349 57/2351
f 301/2352 67/2353 152/2354
f 301/2352 152/2354 460/2355
f 152/2354 67/2353 24/2356
f 24/2356 67/2353 911/2357
f 152/2354 24/2356 814/2358
f 814/2358 24/2356 891/2359
f 814/2358 891/2359 952/2360
f 460/2361 152/2362 329/2363
f 329/2363 152/2362 41/2364
f 41/2364 152/2362 814/2365
f 41/2364 814/2365 848/2366
f 848/2366 814/2365 952/2367
f 153/2368 13/2369 57/2370
